{
    "model_name": "lr0.0001_drop0.5_wd0.00001_h256_128",
    "features": [
        "GELU",
        "Adam"
    ],
    "accuracy": 0.5088,
    "precision": 0.5081319588356047,
    "recall": 0.5088,
    "f1_score": 0.5030901201867987,
    "loss": 1.3556286215789948,
    "inference_time": 0.1383662223815918,
    "timestamp": "2025-04-16 15:57:25"
}