{
    "model_name": "lr0.0001_drop0.5_wd0.00001_h256_128",
    "features": [
        "GELU",
        "Adam"
    ],
    "epochs": 100,
    "best_epoch": 98,
    "best_val_acc": 0.5209,
    "training_time": 229.85956001281738,
    "train_losses": [
        3.5303667584424354,
        2.8109608452829704,
        2.524482239318535,
        2.4057190500744485,
        2.332098004205867,
        2.28469859733478,
        2.256543847812701,
        2.214305274670365,
        2.181515927283041,
        2.137036646902391,
        2.102227944311549,
        2.0722377998386783,
        2.038240057350928,
        2.0112038259492087,
        1.9803810892427531,
        1.9585593093230282,
        1.9398637212722882,
        1.921887501880981,
        1.9053581558030817,
        1.884839539037238,
        1.8736605501405894,
        1.8511361407427243,
        1.841021971816875,
        1.8251519103575682,
        1.8120548356635513,
        1.8023919254205398,
        1.7964155033743612,
        1.7788504661663056,
        1.7774077003060156,
        1.759171464562131,
        1.7512302562279156,
        1.7404790097092129,
        1.7339000415321781,
        1.7291541198823794,
        1.7122738755667504,
        1.707710402849846,
        1.7044506119286538,
        1.6935906065650055,
        1.6859771209742342,
        1.677265326327559,
        1.6773242612924113,
        1.6656656357417312,
        1.6569699898047827,
        1.6513129462650602,
        1.6464483253492321,
        1.6407952033521138,
        1.633773911824418,
        1.6249167720125368,
        1.6153273566224213,
        1.615413455170009,
        1.6069286773938174,
        1.6035468402962714,
        1.6016264718721256,
        1.5936447012679587,
        1.589087844908178,
        1.5791954854162635,
        1.5766936770668545,
        1.572815402637188,
        1.5680797729930287,
        1.5615917461968924,
        1.5534079010693074,
        1.5511342295224326,
        1.5522105186312622,
        1.5462386926663816,
        1.5335967110613868,
        1.5357896360824546,
        1.527823767353267,
        1.5270741265491135,
        1.525313590384368,
        1.5174307603975234,
        1.5143086840324596,
        1.5059796312922535,
        1.5033712664243915,
        1.502962149014642,
        1.494364926755574,
        1.4966603342237887,
        1.491074320533546,
        1.4892445474672162,
        1.4785589587950947,
        1.4822670135639129,
        1.4706895477139743,
        1.468211992725162,
        1.471045196521004,
        1.4652728526762886,
        1.45814278249301,
        1.4605857350701985,
        1.448641176151075,
        1.4494287196426976,
        1.4451990847437617,
        1.4441905907892605,
        1.4407180403408937,
        1.4355076790118144,
        1.437475381227972,
        1.4299892081844132,
        1.4343099886229271,
        1.4237255956657364,
        1.4194193546927685,
        1.4222056735790958,
        1.4204790013914532,
        1.416726946233966
    ],
    "val_losses": [
        2.3320040128839645,
        2.253191921873009,
        2.2411824346674822,
        2.2400784147429613,
        2.2346287909358287,
        2.222202929984212,
        2.200597536269139,
        2.1660615498928877,
        2.124377858444153,
        2.0755851721558614,
        2.0313791600919187,
        1.9900855667520587,
        1.9525902151953258,
        1.918702299827681,
        1.8889364449961206,
        1.8658199658388606,
        1.8424171211577836,
        1.82045753193932,
        1.803034525507511,
        1.7846278695973619,
        1.7703859629351237,
        1.7553110761137694,
        1.7407555035670754,
        1.7292656401801791,
        1.7183531115037942,
        1.7074373926779725,
        1.6989883507346626,
        1.6862720572105074,
        1.681066131367645,
        1.6684775008724846,
        1.6600452129366594,
        1.651971169167275,
        1.6433360001903752,
        1.637078525462782,
        1.6289294258067613,
        1.6210657614062012,
        1.614896459836916,
        1.6059086441162662,
        1.6012518329752337,
        1.59192891970967,
        1.5889459783798365,
        1.5805286609367208,
        1.574001756341488,
        1.5683970122454862,
        1.562139924704811,
        1.557085903686822,
        1.5515700456144783,
        1.5456917395739755,
        1.5390898670493798,
        1.5338150853312855,
        1.5301108990377255,
        1.523595698558857,
        1.5205173142533799,
        1.5134769810540825,
        1.5093926843437835,
        1.5040669351016849,
        1.4991764008083537,
        1.4945731719595319,
        1.49198220979483,
        1.4877567413256143,
        1.4811488743009318,
        1.4776091064956396,
        1.4734442905128882,
        1.469121068138291,
        1.464838810675302,
        1.4603679457672074,
        1.4560160245722338,
        1.4537188598590325,
        1.4497881213855603,
        1.4461305718798234,
        1.4431968113993014,
        1.4395883457263174,
        1.4358726013400704,
        1.4320944540123692,
        1.4277352986027374,
        1.4253300334642038,
        1.4227785035608473,
        1.4190820648880966,
        1.4158223170403543,
        1.413473328178529,
        1.4105795711932356,
        1.4078374142535763,
        1.4048670414636593,
        1.4019404867147598,
        1.3988123024403207,
        1.3969222998970408,
        1.3943988959950455,
        1.3915443254012236,
        1.388071699740662,
        1.3859228856440284,
        1.3833373897738548,
        1.380516402032503,
        1.379055114720926,
        1.3772016898291226,
        1.375832969055746,
        1.372283587511194,
        1.3694361485922166,
        1.368265082409482,
        1.36544022340785,
        1.3646615758980705
    ],
    "val_accs": [
        0.1492,
        0.1662,
        0.174,
        0.1761,
        0.1756,
        0.1835,
        0.1949,
        0.2121,
        0.2308,
        0.2485,
        0.2651,
        0.2804,
        0.2936,
        0.308,
        0.321,
        0.3323,
        0.3417,
        0.3535,
        0.3641,
        0.3709,
        0.3773,
        0.3816,
        0.3857,
        0.3887,
        0.3941,
        0.3963,
        0.3983,
        0.404,
        0.4042,
        0.4102,
        0.4142,
        0.4168,
        0.4194,
        0.4211,
        0.4245,
        0.4287,
        0.4297,
        0.4323,
        0.436,
        0.4382,
        0.4412,
        0.4438,
        0.4454,
        0.4485,
        0.4482,
        0.45,
        0.452,
        0.4536,
        0.4561,
        0.4573,
        0.4564,
        0.4601,
        0.462,
        0.4621,
        0.4643,
        0.4683,
        0.4691,
        0.4717,
        0.4725,
        0.4755,
        0.4773,
        0.4792,
        0.4823,
        0.486,
        0.4865,
        0.4882,
        0.4894,
        0.4902,
        0.4905,
        0.4907,
        0.4927,
        0.4937,
        0.4954,
        0.4969,
        0.5005,
        0.5007,
        0.5028,
        0.5027,
        0.5032,
        0.5045,
        0.5062,
        0.5083,
        0.5086,
        0.5089,
        0.5114,
        0.5102,
        0.5122,
        0.5132,
        0.5129,
        0.5129,
        0.5143,
        0.5173,
        0.5177,
        0.5156,
        0.5161,
        0.5174,
        0.5185,
        0.5209,
        0.5183,
        0.5208
    ],
    "hyperparameters": {
        "batch_size": 128,
        "learning_rate": 0.0001,
        "momentum": 0.9,
        "weight_decay": 1e-05,
        "optimizer": "adam",
        "early_stopping": true,
        "patience": 10
    },
    "runtime_info": {
        "total_training_time": 229.85956001281738,
        "avg_epoch_time": 2.298595600128174,
        "timestamp": "2025-04-16 15:57:25"
    }
}