{
    "model_name": "Adam_BatchNorm_GELU_standard",
    "features": [
        "GELU",
        "Adam",
        "BatchNorm"
    ],
    "epochs": 11,
    "best_epoch": 1,
    "best_val_acc": 0.1598,
    "training_time": 66.38899302482605,
    "train_losses": [
        2.323236919379344,
        1.9435739362926534,
        1.842570319426948,
        1.795701664918672,
        1.7514441001040604,
        1.7258046660289061,
        1.726319033893688,
        1.7437189184173725,
        1.7996641210909459,
        1.9332257443084773,
        2.151341422839029
    ],
    "val_losses": [
        2.2301022214062765,
        2.3053585817003217,
        2.311820945009158,
        2.306214893782812,
        2.306065879828929,
        2.3052489708383495,
        2.3068102071947774,
        2.308281788489668,
        2.310090763518123,
        2.312824335054246,
        2.315520638603293
    ],
    "val_accs": [
        0.1598,
        0.0898,
        0.0723,
        0.0687,
        0.0857,
        0.0947,
        0.0979,
        0.1015,
        0.1025,
        0.1022,
        0.1014
    ],
    "hyperparameters": {
        "batch_size": 128,
        "learning_rate": 0.0005,
        "momentum": 0.9,
        "weight_decay": 0.0001,
        "optimizer": "adam",
        "early_stopping": true,
        "patience": 10
    },
    "runtime_info": {
        "total_training_time": 66.38899302482605,
        "avg_epoch_time": 6.035363002256914,
        "timestamp": "2025-04-16 14:13:45"
    }
}