{
    "model_name": "Adam_BatchNorm_standard",
    "features": [
        "Adam",
        "BatchNorm"
    ],
    "epochs": 11,
    "best_epoch": 1,
    "best_val_acc": 0.1554,
    "training_time": 24.576640844345093,
    "train_losses": [
        2.3686902300727217,
        2.0057039924128035,
        1.8981282651202107,
        1.8537746457681177,
        1.8157608185133451,
        1.7948519420378035,
        1.786799001305752,
        1.8245062569234602,
        1.9308157918352713,
        2.1589188777079418,
        2.2775017339797805
    ],
    "val_losses": [
        2.268995723625747,
        2.295622382682544,
        2.3005921252463994,
        2.3036056247308463,
        2.3050687849439355,
        2.307064213965491,
        2.3095369217874886,
        2.3130031062730567,
        2.3188983925605715,
        2.324158448614803,
        2.325416859772578
    ],
    "val_accs": [
        0.1554,
        0.1189,
        0.1077,
        0.1024,
        0.1022,
        0.1022,
        0.1022,
        0.1022,
        0.1022,
        0.1014,
        0.1014
    ],
    "hyperparameters": {
        "batch_size": 128,
        "learning_rate": 0.0005,
        "momentum": 0.9,
        "weight_decay": 0.0001,
        "optimizer": "adam",
        "early_stopping": true,
        "patience": 10
    },
    "runtime_info": {
        "total_training_time": 24.576640844345093,
        "avg_epoch_time": 2.234240076758645,
        "timestamp": "2025-04-16 14:33:02"
    }
}