{
    "model_name": "Adam_none",
    "features": [
        "Adam"
    ],
    "epochs": 92,
    "best_epoch": 82,
    "best_val_acc": 0.5769,
    "training_time": 213.83309125900269,
    "train_losses": [
        2.574327366337999,
        2.125531201823505,
        1.970195484823395,
        1.8731694191271977,
        1.8123966361389054,
        1.7614080534901473,
        1.7217648034518398,
        1.6849506425140188,
        1.6524724569623699,
        1.6251960587339123,
        1.5950859876396641,
        1.5665068189699023,
        1.5488130467342969,
        1.5205693064286834,
        1.5046641368410418,
        1.48211129954247,
        1.466292885207793,
        1.4472734959201332,
        1.4354127711588782,
        1.415954333919078,
        1.3971473189834096,
        1.3898567496187824,
        1.3772696122946926,
        1.35996887421786,
        1.351898468834003,
        1.3360384145102133,
        1.327786135292813,
        1.3161835786093585,
        1.307545248688713,
        1.3004575252126473,
        1.2892782091763424,
        1.2777998967821411,
        1.2647464156768995,
        1.259241179994677,
        1.2405109358590802,
        1.2476561109356965,
        1.2302910501586595,
        1.224097092572467,
        1.217319145213933,
        1.2203512409701756,
        1.204427663077356,
        1.2038756130984956,
        1.1957653144712554,
        1.18487740992594,
        1.1761888599932175,
        1.173004878980706,
        1.1693907951408518,
        1.1597320460180802,
        1.1538276664400544,
        1.1540139326059726,
        1.140316025399816,
        1.1423513644340948,
        1.1365873957681825,
        1.1263937923999425,
        1.1218520474660547,
        1.114725160992949,
        1.1203376338179178,
        1.1089699384769693,
        1.101565372285344,
        1.0988306077293506,
        1.0978821565521117,
        1.09559459906858,
        1.0899219492523944,
        1.088459051282959,
        1.0908534615072027,
        1.0760961892863898,
        1.0791257557922773,
        1.0727872635109512,
        1.0638720457569035,
        1.0602790735115302,
        1.0640468330667168,
        1.054110481037661,
        1.0408910941429175,
        1.0473160928539713,
        1.0482776302272527,
        1.038751623757851,
        1.0405446590431522,
        1.0335289073553557,
        1.0317936321479426,
        1.024913917655952,
        1.0280476486474168,
        1.0252980159038656,
        1.020032212115892,
        1.0223071255475864,
        1.0099874024191156,
        1.01242034707619,
        1.0170693883805444,
        1.0064805540771793,
        1.0103390751819574,
        1.0096087681399473,
        1.0061549399607541,
        0.9980775312221488
    ],
    "val_losses": [
        2.193539025720879,
        1.9495519299817017,
        1.8280251767743538,
        1.7631229007324536,
        1.711354659803646,
        1.671509741357121,
        1.6376909863687785,
        1.6092987527694276,
        1.5812526685966746,
        1.5594254651979695,
        1.529585720540159,
        1.508530030333464,
        1.49485516112615,
        1.4679660642598902,
        1.4560291079517014,
        1.4378674747069924,
        1.4252286605606272,
        1.416067092835557,
        1.401926289987324,
        1.3878182396601846,
        1.374511977010638,
        1.370450857321047,
        1.3603325256890464,
        1.3492360483680423,
        1.341236286454677,
        1.3380906982713971,
        1.3313630619585002,
        1.3253978589711333,
        1.3169841025596005,
        1.320242351580236,
        1.310432999961657,
        1.3083931876532264,
        1.2911216002883494,
        1.29201410215545,
        1.2851566501844416,
        1.2835556172600715,
        1.2814461888948305,
        1.2795615096475248,
        1.276822706384939,
        1.277479116334558,
        1.271563399539934,
        1.2639104390137883,
        1.2627325058956915,
        1.2610081436473088,
        1.2560587007572153,
        1.2578176734649231,
        1.253612530027999,
        1.252483793230899,
        1.2488154458984102,
        1.250114929024954,
        1.2467404206224215,
        1.2458709006733286,
        1.2468505195107136,
        1.2442280947012268,
        1.2407984930514664,
        1.2366716169881433,
        1.2398129267853732,
        1.2342631575140413,
        1.2364277493678484,
        1.2355491092014623,
        1.2336142768822518,
        1.2361225174278159,
        1.23288561432632,
        1.2299047690180462,
        1.2297781464461484,
        1.2282863281814744,
        1.2309118891944308,
        1.2310828639270863,
        1.2281448227056952,
        1.2277683748516615,
        1.2234340510889166,
        1.2307018782973898,
        1.2228360508094538,
        1.222110797777824,
        1.2209177137404608,
        1.2216252458817958,
        1.223605493577857,
        1.2216361742819446,
        1.2272759012327858,
        1.221340814978226,
        1.2253436181110458,
        1.2223828633246874,
        1.2220729901512941,
        1.21818586162897,
        1.2201173811129147,
        1.2235130184277105,
        1.2190922921063159,
        1.2183855340618308,
        1.2220889908875665,
        1.2206475366071858,
        1.2216883130877032,
        1.2172410092135317
    ],
    "val_accs": [
        0.2513,
        0.3371,
        0.3813,
        0.3973,
        0.4126,
        0.4265,
        0.4412,
        0.4505,
        0.4591,
        0.4685,
        0.4773,
        0.4857,
        0.4942,
        0.4985,
        0.5045,
        0.5063,
        0.5107,
        0.515,
        0.5163,
        0.5218,
        0.5281,
        0.527,
        0.527,
        0.5293,
        0.5362,
        0.5382,
        0.5408,
        0.5441,
        0.5431,
        0.5452,
        0.5441,
        0.5469,
        0.5543,
        0.5497,
        0.5508,
        0.5542,
        0.5524,
        0.5527,
        0.5552,
        0.5542,
        0.5566,
        0.5603,
        0.5582,
        0.5586,
        0.5612,
        0.5598,
        0.5631,
        0.5617,
        0.5625,
        0.5612,
        0.5624,
        0.5604,
        0.5626,
        0.5627,
        0.5646,
        0.5678,
        0.5658,
        0.5671,
        0.5644,
        0.5662,
        0.5673,
        0.5628,
        0.5644,
        0.5651,
        0.5682,
        0.5683,
        0.5662,
        0.5698,
        0.5674,
        0.5704,
        0.5714,
        0.568,
        0.5675,
        0.5685,
        0.5687,
        0.5674,
        0.569,
        0.5712,
        0.5689,
        0.5723,
        0.5707,
        0.5769,
        0.5715,
        0.5756,
        0.5721,
        0.5713,
        0.5696,
        0.5723,
        0.5703,
        0.5677,
        0.5698,
        0.574
    ],
    "hyperparameters": {
        "batch_size": 128,
        "learning_rate": 0.0005,
        "momentum": 0.9,
        "weight_decay": 0.0001,
        "optimizer": "adam",
        "early_stopping": true,
        "patience": 10
    },
    "runtime_info": {
        "total_training_time": 213.83309125900269,
        "avg_epoch_time": 2.324272731076116,
        "timestamp": "2025-04-16 15:05:01"
    }
}