{
    "model_name": "Adam_GELU_minmax",
    "features": [
        "GELU",
        "Adam"
    ],
    "accuracy": 0.5247,
    "precision": 0.5229322001563651,
    "recall": 0.5247,
    "f1_score": 0.518438084234145,
    "loss": 1.3557275922324417,
    "inference_time": 0.37604498863220215,
    "timestamp": "2025-04-16 15:22:07"
}