{
    "model_name": "Adam_GELU_minmax",
    "features": [
        "GELU",
        "Adam"
    ],
    "epochs": 98,
    "best_epoch": 88,
    "best_val_acc": 0.5206,
    "training_time": 605.8059642314911,
    "train_losses": [
        2.2873040281592054,
        2.078983386646626,
        1.9543466382843273,
        1.8912469643725167,
        1.8569175285310457,
        1.83827567664085,
        1.8182312214191025,
        1.8089883962251938,
        1.7943100871912718,
        1.784382830662519,
        1.7812679303818393,
        1.7725710728446968,
        1.7658935981944697,
        1.7569007583158176,
        1.753896441731644,
        1.7427945396248596,
        1.7327295340846796,
        1.7247970556128274,
        1.7197389362591207,
        1.708690561829035,
        1.701272838089941,
        1.6949136424344409,
        1.67921242982141,
        1.675392661654568,
        1.6697159009052358,
        1.6582488151579304,
        1.653941624277489,
        1.6470048102777728,
        1.6364769379370263,
        1.6317727743798351,
        1.617911171362378,
        1.6143160346607806,
        1.6108025790588074,
        1.6021106382542736,
        1.6005936301353614,
        1.584341565097493,
        1.586087970594225,
        1.5784919772080048,
        1.5694878226864932,
        1.5659512692035096,
        1.5656693809495217,
        1.5588378280591229,
        1.546610032527757,
        1.5418269219148106,
        1.5340321084211506,
        1.5371042310812228,
        1.529783508649872,
        1.5296646050723108,
        1.5264822155107336,
        1.5188616023129493,
        1.5128080413514726,
        1.514540774643903,
        1.5100943851017983,
        1.5058593195131633,
        1.4989617558909063,
        1.4966138180918223,
        1.492354090192509,
        1.4867549048700883,
        1.4867585854255982,
        1.484255202933598,
        1.4831523015321901,
        1.4803714203386342,
        1.4742382124803377,
        1.471678461432308,
        1.4711313205329886,
        1.469929033353438,
        1.4654441848621897,
        1.4586122336719334,
        1.4607340188420375,
        1.454623042080261,
        1.4544245001940679,
        1.4514395078147349,
        1.4416390537537358,
        1.4494989661359245,
        1.443144698160108,
        1.4399036657457,
        1.4452722496606771,
        1.432966088330443,
        1.4378539421181409,
        1.4389695711876518,
        1.4363897204227862,
        1.430563817498309,
        1.4311881457706241,
        1.4273768749507616,
        1.4192430080024168,
        1.4168155184398452,
        1.4222106956205343,
        1.4160444362704572,
        1.4208602011004476,
        1.415277184891028,
        1.4083449295246326,
        1.4149690586846388,
        1.4138240286217387,
        1.3997531010592887,
        1.4052535649685622,
        1.4048538178255616,
        1.4015550938763648,
        1.401091422280066
    ],
    "val_losses": [
        2.1504446880356993,
        1.938436263575218,
        1.8794993617753684,
        1.8355536842117766,
        1.8119427966619277,
        1.8062932138500174,
        1.7702078491094213,
        1.7617401297891062,
        1.7454689270577814,
        1.7434582301444097,
        1.725112793592293,
        1.761289711941479,
        1.7203465319435327,
        1.706884429652515,
        1.7070840163235255,
        1.7087981959723824,
        1.7057756973235205,
        1.6899448176520397,
        1.6600744927927575,
        1.6562487605684801,
        1.6560536213853345,
        1.6438548935982649,
        1.6405870628238903,
        1.619306962474806,
        1.6147037478290538,
        1.6346555379956396,
        1.5886678119848188,
        1.5900972762432455,
        1.5835356096307112,
        1.579655971258467,
        1.5651443146766955,
        1.5872073677292953,
        1.5513271952573202,
        1.561432882457265,
        1.5416428605020467,
        1.5368770611074263,
        1.52271635776639,
        1.5359550446256613,
        1.5355895058667388,
        1.5201392043781743,
        1.4988061979029415,
        1.5034044129447062,
        1.514870231950948,
        1.4922535756485054,
        1.506001039275435,
        1.483606769301903,
        1.5014181418108206,
        1.469108904486845,
        1.471040063285815,
        1.4666693207202817,
        1.5097714559498934,
        1.4947200704842187,
        1.4661154217621704,
        1.4545847486422,
        1.451846972364666,
        1.465179779162806,
        1.4513492185076569,
        1.4559663221847654,
        1.4424018726986383,
        1.4347499311953205,
        1.4355745565487599,
        1.4220891196485208,
        1.4184633242781277,
        1.4276798605750904,
        1.4279759692761371,
        1.4317991861920003,
        1.419377997696519,
        1.4131245269633654,
        1.4174099560171143,
        1.4077709574111041,
        1.4316300867553424,
        1.409374339813172,
        1.4195339681215782,
        1.391691797642417,
        1.3921917305589406,
        1.4307070681773815,
        1.4021604002548111,
        1.4073768073814354,
        1.3947738614636205,
        1.399849931921306,
        1.3976736791141695,
        1.3873239592758304,
        1.3781581082958025,
        1.379742763043715,
        1.3705743335979244,
        1.3835105281852076,
        1.3802491230111238,
        1.3755569135018786,
        1.3877042343817623,
        1.376664303791371,
        1.3817679819367323,
        1.3724278950696887,
        1.3837952100165378,
        1.3941053200949558,
        1.3913604592475417,
        1.3876471235386034,
        1.3715941012453778,
        1.3711721920644884
    ],
    "val_accs": [
        0.2801,
        0.3398,
        0.3549,
        0.3602,
        0.3641,
        0.3611,
        0.3862,
        0.3834,
        0.3938,
        0.3937,
        0.3968,
        0.3749,
        0.3996,
        0.404,
        0.4038,
        0.3961,
        0.4013,
        0.404,
        0.4178,
        0.4238,
        0.4194,
        0.4203,
        0.4209,
        0.4331,
        0.4268,
        0.4121,
        0.4455,
        0.4397,
        0.4494,
        0.4375,
        0.4537,
        0.4427,
        0.4504,
        0.4436,
        0.4624,
        0.4635,
        0.4663,
        0.4571,
        0.4574,
        0.4642,
        0.4785,
        0.4626,
        0.4683,
        0.4801,
        0.4701,
        0.4725,
        0.472,
        0.4877,
        0.477,
        0.4858,
        0.4703,
        0.4637,
        0.4823,
        0.4932,
        0.497,
        0.4802,
        0.4916,
        0.4806,
        0.4934,
        0.4907,
        0.4935,
        0.4992,
        0.5033,
        0.4885,
        0.4991,
        0.4959,
        0.5,
        0.5075,
        0.4948,
        0.5052,
        0.491,
        0.5067,
        0.4984,
        0.5113,
        0.5118,
        0.4937,
        0.5006,
        0.5025,
        0.501,
        0.5056,
        0.5087,
        0.5107,
        0.5132,
        0.5121,
        0.5189,
        0.5132,
        0.5098,
        0.5206,
        0.5145,
        0.5176,
        0.5146,
        0.5129,
        0.508,
        0.5066,
        0.5145,
        0.5096,
        0.5141,
        0.5181
    ],
    "hyperparameters": {
        "batch_size": 128,
        "learning_rate": 0.0005,
        "momentum": 0.9,
        "weight_decay": 0.0001,
        "optimizer": "adam",
        "early_stopping": true,
        "patience": 10
    },
    "runtime_info": {
        "total_training_time": 605.8059642314911,
        "avg_epoch_time": 6.181693512566236,
        "timestamp": "2025-04-16 15:22:07"
    }
}