{
    "model_name": "Adam_BatchNorm_GELU_none",
    "features": [
        "GELU",
        "Adam",
        "BatchNorm"
    ],
    "accuracy": 0.1765,
    "precision": 0.18298855598037345,
    "recall": 0.1765,
    "f1_score": 0.16295292672183342,
    "loss": 2.2267732228403556,
    "inference_time": 0.29459190368652344,
    "timestamp": "2025-04-16 14:40:06"
}