{
    "model_name": "Adam_BatchNorm_GELU_minmax",
    "features": [
        "GELU",
        "Adam",
        "BatchNorm"
    ],
    "epochs": 11,
    "best_epoch": 1,
    "best_val_acc": 0.1125,
    "training_time": 61.328455209732056,
    "train_losses": [
        2.3552815373029348,
        2.0399619420945188,
        1.9845304714201115,
        1.9734997773913368,
        2.007207663022132,
        2.0589954470943046,
        2.1069003071101515,
        2.1315442639706976,
        2.1355087799150443,
        2.14514798214108,
        2.149425131976774
    ],
    "val_losses": [
        2.3056430173134506,
        2.3153309119602175,
        2.3033156247447866,
        2.303277504857565,
        2.30373834444672,
        2.304189877004757,
        2.3043593709663575,
        2.3045075050281296,
        2.3047219632977503,
        2.3048066072565145,
        2.3047846394754035
    ],
    "val_accs": [
        0.1125,
        0.0997,
        0.0837,
        0.0969,
        0.0977,
        0.0977,
        0.0977,
        0.0977,
        0.0977,
        0.0977,
        0.0977
    ],
    "hyperparameters": {
        "batch_size": 128,
        "learning_rate": 0.0005,
        "momentum": 0.9,
        "weight_decay": 0.0001,
        "optimizer": "adam",
        "early_stopping": true,
        "patience": 10
    },
    "runtime_info": {
        "total_training_time": 61.328455209732056,
        "avg_epoch_time": 5.575314109975642,
        "timestamp": "2025-04-16 15:11:59"
    }
}