{
    "model_name": "Adam_GELU_none",
    "features": [
        "GELU",
        "Adam"
    ],
    "epochs": 64,
    "best_epoch": 54,
    "best_val_acc": 0.5784,
    "training_time": 351.4824740886688,
    "train_losses": [
        2.622977931555134,
        2.094584536227158,
        1.923417320308283,
        1.826731063094888,
        1.7561416417824065,
        1.7032481498691348,
        1.6593986166513381,
        1.6181486918938899,
        1.5789015840847884,
        1.5403256702142756,
        1.5122569190739152,
        1.4817830489854118,
        1.4557714007608245,
        1.4350277644117893,
        1.4168110946489598,
        1.393209264337418,
        1.3707708638669676,
        1.3540331294947265,
        1.3391865791091515,
        1.3221201917109489,
        1.299488276007405,
        1.2917279773858095,
        1.2699111116137043,
        1.2575397318855532,
        1.2488942174169861,
        1.2367342051676633,
        1.2220723044060944,
        1.2100885138321524,
        1.2048072970756347,
        1.1884403220741224,
        1.1783272841197523,
        1.1702867406791961,
        1.1605075356612187,
        1.148605190303892,
        1.1486973864171561,
        1.1347812747776826,
        1.1361977862078876,
        1.1178598374625313,
        1.1089854694586203,
        1.103086947695491,
        1.1041777414364757,
        1.0902457692275809,
        1.0878411300032873,
        1.0749492486446715,
        1.0740966078181837,
        1.0636596380432897,
        1.058928201482849,
        1.0584554683319949,
        1.0475740356376178,
        1.0393721213863785,
        1.0340896384757663,
        1.0375927057907968,
        1.0335176547845228,
        1.0204737962186274,
        1.019447429643297,
        1.012394083559392,
        1.0075394190576397,
        1.0064541462269316,
        1.001571256848016,
        0.9938553569894831,
        0.9941100020907735,
        0.9795571345413093,
        0.9855094435202637,
        0.9789465237131053
    ],
    "val_losses": [
        2.152391482769181,
        1.8931573696749666,
        1.7729257986561149,
        1.6971182746257556,
        1.647093866938213,
        1.6021376465080421,
        1.5734419637703485,
        1.5374064549897983,
        1.4960201714071688,
        1.4773145774715755,
        1.4530810803568686,
        1.4298968057331602,
        1.4091770485483486,
        1.391045929134862,
        1.3836150457822212,
        1.3624663883675836,
        1.3498289272104542,
        1.3421482467786745,
        1.3252172227520815,
        1.3181987396916939,
        1.307711140041897,
        1.2943163750135651,
        1.2905533875240314,
        1.2854224888037094,
        1.2780169261312229,
        1.2739862114073484,
        1.2685346892670537,
        1.2603915191938067,
        1.2592181926972632,
        1.2511871969868071,
        1.245015028159494,
        1.2453279829416084,
        1.2377563287467839,
        1.2376666906829215,
        1.2352186572575388,
        1.2342846194761288,
        1.2301375340397953,
        1.2246841476171393,
        1.2237063696329042,
        1.2213735776621881,
        1.2184357330776021,
        1.2156280087723272,
        1.2119811638190483,
        1.2133955687200355,
        1.211076759368999,
        1.2079747230435052,
        1.2084576589909686,
        1.2084338323051091,
        1.2089210134173707,
        1.205408063148633,
        1.2062608477599412,
        1.2070885942193907,
        1.2013114764314337,
        1.2013964804556865,
        1.1984691821706699,
        1.198683286509438,
        1.200703952194349,
        1.1952379318514073,
        1.1981461026494338,
        1.1992908005578788,
        1.1963641935040523,
        1.1992271243021486,
        1.19926426029473,
        1.1972218980644285
    ],
    "val_accs": [
        0.2424,
        0.3485,
        0.3868,
        0.4131,
        0.4262,
        0.4431,
        0.4527,
        0.4641,
        0.4747,
        0.483,
        0.4899,
        0.4994,
        0.5087,
        0.5124,
        0.5184,
        0.5233,
        0.5296,
        0.5297,
        0.5356,
        0.5366,
        0.5391,
        0.5442,
        0.5442,
        0.5474,
        0.5515,
        0.5535,
        0.5556,
        0.5545,
        0.5568,
        0.5597,
        0.5597,
        0.5576,
        0.562,
        0.5612,
        0.5646,
        0.561,
        0.5656,
        0.568,
        0.5679,
        0.5685,
        0.5678,
        0.5691,
        0.5695,
        0.5687,
        0.5706,
        0.5714,
        0.5723,
        0.5731,
        0.5723,
        0.5723,
        0.5718,
        0.5731,
        0.5749,
        0.5784,
        0.5751,
        0.5737,
        0.5722,
        0.5766,
        0.575,
        0.5752,
        0.5731,
        0.5734,
        0.5737,
        0.5753
    ],
    "hyperparameters": {
        "batch_size": 128,
        "learning_rate": 0.0005,
        "momentum": 0.9,
        "weight_decay": 0.0001,
        "optimizer": "adam",
        "early_stopping": true,
        "patience": 10
    },
    "runtime_info": {
        "total_training_time": 351.4824740886688,
        "avg_epoch_time": 5.49191365763545,
        "timestamp": "2025-04-16 14:45:59"
    }
}