{
    "model_name": "Adam_standard",
    "features": [
        "Adam"
    ],
    "epochs": 88,
    "best_epoch": 78,
    "best_val_acc": 0.5731,
    "training_time": 147.8295328617096,
    "train_losses": [
        2.553427847649183,
        2.1205083191398484,
        1.9680274621982767,
        1.8757269045789258,
        1.8127305663492936,
        1.7634668610381918,
        1.7207781358096967,
        1.6839443697053296,
        1.6518609795376462,
        1.6201107556642544,
        1.588773334575128,
        1.5679032311112224,
        1.5462738395014168,
        1.5204122210246598,
        1.4989226688279893,
        1.481120701590644,
        1.4627032692295279,
        1.4379634100257157,
        1.4325396523984746,
        1.4146944476082723,
        1.3947630564183753,
        1.3849463018877,
        1.3706482996013596,
        1.3591161552472075,
        1.353656460637173,
        1.3323257812765346,
        1.3209801111935944,
        1.3110471424741519,
        1.3087870119833978,
        1.2946752775498682,
        1.2796761445977538,
        1.2670095113171473,
        1.2690498378661992,
        1.2555266933699707,
        1.2456549978971525,
        1.236095373315597,
        1.2325476826179218,
        1.2224685520363117,
        1.214791067909188,
        1.2025862292636573,
        1.2011592388406995,
        1.201340645421995,
        1.1926552420103258,
        1.1868841582071257,
        1.1765920545439867,
        1.1693919396688777,
        1.1626154283008787,
        1.1575175776749733,
        1.1539554395906937,
        1.151415921086492,
        1.1439697122516037,
        1.138974197702351,
        1.1375534977706074,
        1.1290984429487838,
        1.118402440065295,
        1.1257772436119642,
        1.1075039360005121,
        1.1132711890374705,
        1.1013263538610913,
        1.1049134992475014,
        1.097878439158343,
        1.0898799669067887,
        1.0876638326743988,
        1.089136300400565,
        1.0820916102986977,
        1.0799179992833692,
        1.0749469800896223,
        1.0727090581125336,
        1.0618066049084738,
        1.0638921846125402,
        1.0615947073983147,
        1.0637576715414394,
        1.0507681636363613,
        1.0478198804882557,
        1.049558663807928,
        1.0444575370890863,
        1.0382926519835451,
        1.0360033427770654,
        1.0340156048868157,
        1.0316364514863552,
        1.0351464776132655,
        1.027126219330103,
        1.0280942774408908,
        1.0204755338808202,
        1.015257976482249,
        1.0156332847264313,
        1.0155938473964852,
        1.0092351043952839
    ],
    "val_losses": [
        2.1936301199916777,
        1.9449190751194503,
        1.8190794906997443,
        1.7548565191050112,
        1.7131611096729444,
        1.6719170191143162,
        1.6292468161051992,
        1.606518610260986,
        1.5696631091381528,
        1.539153030492699,
        1.5223919440807978,
        1.5040973675758371,
        1.4881699078547868,
        1.4633914863228,
        1.4508964390883823,
        1.4355188967187222,
        1.4225517593017514,
        1.4084290769674082,
        1.4017072562900383,
        1.388809008808655,
        1.3775385287778064,
        1.3691125034400513,
        1.3651265183455041,
        1.3509264354677155,
        1.3438965065968163,
        1.3396371433809906,
        1.3324990356365947,
        1.3202789567377833,
        1.3168267492442693,
        1.312056142318543,
        1.3082747734048528,
        1.3040588246344875,
        1.3044579926446727,
        1.2963411207116506,
        1.2894604295278171,
        1.2805075320414114,
        1.2841432138358388,
        1.27545112710983,
        1.2728031399847843,
        1.2698824332192662,
        1.2687793020494635,
        1.2661041546161034,
        1.2646702883841847,
        1.2546718877100285,
        1.255365603889474,
        1.251874861765477,
        1.2553832328410193,
        1.2492489635095194,
        1.2477807824469247,
        1.2483252412052004,
        1.2420241243301635,
        1.241920954529408,
        1.2381424678215216,
        1.2389241189434272,
        1.2373522131323205,
        1.2367118787871356,
        1.2351607908439777,
        1.2323913762814123,
        1.2317917036333585,
        1.2279452703966327,
        1.2292605171437143,
        1.2246734144308513,
        1.2231442074574996,
        1.2242182679562728,
        1.2244266096185903,
        1.225416719346385,
        1.2283292969015707,
        1.2251215937052864,
        1.2231287788474525,
        1.2212992794908426,
        1.2221667420864024,
        1.2217575842260242,
        1.2241426746086599,
        1.2237057406253429,
        1.22185734316454,
        1.2195944104423209,
        1.2143821854232248,
        1.21519963376192,
        1.2166681159060815,
        1.2155255497404467,
        1.214042947984347,
        1.2149778135807376,
        1.217638473341103,
        1.2184284172300828,
        1.2198269019832801,
        1.2205464350772062,
        1.221317539584627,
        1.2189393390295067
    ],
    "val_accs": [
        0.2363,
        0.341,
        0.3873,
        0.4045,
        0.4154,
        0.4275,
        0.4442,
        0.4537,
        0.4637,
        0.4714,
        0.4806,
        0.4847,
        0.4929,
        0.4983,
        0.5007,
        0.5114,
        0.5143,
        0.5179,
        0.5199,
        0.5203,
        0.5275,
        0.5256,
        0.5295,
        0.5343,
        0.532,
        0.5317,
        0.5353,
        0.5421,
        0.5441,
        0.5428,
        0.5454,
        0.5446,
        0.5448,
        0.5496,
        0.5491,
        0.5553,
        0.548,
        0.5581,
        0.5581,
        0.5585,
        0.5582,
        0.5612,
        0.558,
        0.5614,
        0.5593,
        0.5602,
        0.5563,
        0.5662,
        0.5657,
        0.5622,
        0.5632,
        0.5648,
        0.567,
        0.5649,
        0.565,
        0.5662,
        0.5639,
        0.5705,
        0.5689,
        0.5693,
        0.5717,
        0.5703,
        0.5711,
        0.5699,
        0.5698,
        0.5673,
        0.5682,
        0.5708,
        0.571,
        0.572,
        0.5728,
        0.5708,
        0.5724,
        0.5702,
        0.57,
        0.5706,
        0.5727,
        0.5731,
        0.5675,
        0.5691,
        0.5702,
        0.5722,
        0.5668,
        0.5696,
        0.5691,
        0.5693,
        0.5717,
        0.5707
    ],
    "hyperparameters": {
        "batch_size": 128,
        "learning_rate": 0.0005,
        "momentum": 0.9,
        "weight_decay": 0.0001,
        "optimizer": "adam",
        "early_stopping": true,
        "patience": 10
    },
    "runtime_info": {
        "total_training_time": 147.8295328617096,
        "avg_epoch_time": 1.6798810552466998,
        "timestamp": "2025-04-16 14:35:31"
    }
}