{
    "model_name": "Adam_standard",
    "features": [
        "Adam"
    ],
    "accuracy": 0.5629,
    "precision": 0.5670800276038382,
    "recall": 0.5629,
    "f1_score": 0.5611314872717056,
    "loss": 1.2199290743740308,
    "inference_time": 0.25944089889526367,
    "timestamp": "2025-04-16 14:35:31"
}