{
    "model_name": "Adam_BatchNorm_minmax",
    "features": [
        "Adam",
        "BatchNorm"
    ],
    "epochs": 11,
    "best_epoch": 1,
    "best_val_acc": 0.1225,
    "training_time": 31.029053926467896,
    "train_losses": [
        2.4412376584887254,
        2.1199091239901513,
        2.064890755876218,
        2.0659058979461964,
        2.137482381272811,
        2.1813377741919324,
        2.1918382887710184,
        2.1948368762937522,
        2.208489314298974,
        2.221042407373966,
        2.2253394174405994
    ],
    "val_losses": [
        2.2999886670136287,
        2.3025694263394625,
        2.3030885186791843,
        2.3042224805829,
        2.3052483014865115,
        2.305754952402533,
        2.305972509952941,
        2.3063223782940954,
        2.3063143914545794,
        2.306336288028424,
        2.306354355101041
    ],
    "val_accs": [
        0.1225,
        0.1016,
        0.1022,
        0.1022,
        0.1022,
        0.1022,
        0.1014,
        0.0977,
        0.0977,
        0.0977,
        0.1014
    ],
    "hyperparameters": {
        "batch_size": 128,
        "learning_rate": 0.0005,
        "momentum": 0.9,
        "weight_decay": 0.0001,
        "optimizer": "adam",
        "early_stopping": true,
        "patience": 10
    },
    "runtime_info": {
        "total_training_time": 31.029053926467896,
        "avg_epoch_time": 2.820823084224354,
        "timestamp": "2025-04-16 15:33:33"
    }
}