{
    "model_name": "Adam_BatchNorm_GELU_standard",
    "features": [
        "GELU",
        "Adam",
        "BatchNorm"
    ],
    "accuracy": 0.1651,
    "precision": 0.17899616760062198,
    "recall": 0.1651,
    "f1_score": 0.14570576246274153,
    "loss": 2.227362989277214,
    "inference_time": 0.3320918083190918,
    "timestamp": "2025-04-16 14:13:45"
}