{
    "model_name": "Adam_BatchNorm_minmax",
    "features": [
        "Adam",
        "BatchNorm"
    ],
    "accuracy": 0.1217,
    "precision": 0.06703602895708227,
    "recall": 0.1217,
    "f1_score": 0.0455870424111812,
    "loss": 2.300207874316345,
    "inference_time": 0.09357500076293945,
    "timestamp": "2025-04-16 15:33:33"
}