{
    "model_name": "Adam_BatchNorm_none",
    "features": [
        "Adam",
        "BatchNorm"
    ],
    "epochs": 11,
    "best_epoch": 1,
    "best_val_acc": 0.1552,
    "training_time": 32.003509759902954,
    "train_losses": [
        2.356902418673748,
        1.996747968549359,
        1.8954086408577167,
        1.851089452608334,
        1.8187846118123336,
        1.7933411195941638,
        1.78539001449944,
        1.8195694408042313,
        1.92301211057253,
        2.0962201262717075,
        2.2549977680656514
    ],
    "val_losses": [
        2.2671242076275626,
        2.2939953629906342,
        2.3002460611980946,
        2.3036880672204965,
        2.305119649595735,
        2.3069094119901714,
        2.30921484526437,
        2.3122402151422254,
        2.316971672796388,
        2.3231514141531946,
        2.326645267190049
    ],
    "val_accs": [
        0.1552,
        0.1302,
        0.1169,
        0.1027,
        0.1029,
        0.1025,
        0.1025,
        0.1014,
        0.1014,
        0.1014,
        0.1014
    ],
    "hyperparameters": {
        "batch_size": 128,
        "learning_rate": 0.0005,
        "momentum": 0.9,
        "weight_decay": 0.0001,
        "optimizer": "adam",
        "early_stopping": true,
        "patience": 10
    },
    "runtime_info": {
        "total_training_time": 32.003509759902954,
        "avg_epoch_time": 2.9094099781729956,
        "timestamp": "2025-04-16 15:01:25"
    }
}