{
    "model_name": "Adam_minmax",
    "features": [
        "Adam"
    ],
    "epochs": 95,
    "best_epoch": 85,
    "best_val_acc": 0.4994,
    "training_time": 210.23853373527527,
    "train_losses": [
        2.3287774927754006,
        2.2005554982358717,
        2.0706226712207245,
        1.996984593008517,
        1.9497742330339678,
        1.9163998008431284,
        1.8924533507928893,
        1.8666148583611037,
        1.8496042496821845,
        1.8349670455188185,
        1.8149781252937331,
        1.8017836723119567,
        1.786140312927905,
        1.776894616821135,
        1.768654763804539,
        1.7550649699234873,
        1.7469102495328597,
        1.7406269595864452,
        1.7287161139156197,
        1.7165583575789067,
        1.7100035223686496,
        1.7106631928508307,
        1.6978293624908138,
        1.6921126336932326,
        1.681403618989553,
        1.6794418400268798,
        1.6663108602168055,
        1.66467925902515,
        1.6638170084382995,
        1.6530649924252,
        1.6523597184686794,
        1.6398000368171444,
        1.6354863543035492,
        1.6319297796818462,
        1.6248944805114787,
        1.6234366014417378,
        1.617393963163253,
        1.6112701874213864,
        1.6086346258090156,
        1.6098104432320957,
        1.5970818355207108,
        1.5942300411517545,
        1.5927728522018954,
        1.590140893579278,
        1.5852861807747052,
        1.5784874449917328,
        1.5724405308827698,
        1.574219444625049,
        1.5659411490075048,
        1.5625304632470176,
        1.5614830874734744,
        1.5628558037552094,
        1.5586039559713794,
        1.5540090710328354,
        1.5525188969376573,
        1.545174166926198,
        1.5471717856636495,
        1.5394608000153558,
        1.5379048338806829,
        1.5417659453492016,
        1.5343384062654337,
        1.5256430947800081,
        1.5262157256058368,
        1.5260841854828244,
        1.522676360105137,
        1.5199246588916566,
        1.5187256757013177,
        1.5149321571696979,
        1.5135296105096443,
        1.5042311100982724,
        1.5091905729492234,
        1.5023286980785677,
        1.5042899962433476,
        1.4996980243421867,
        1.497863083924727,
        1.492358091517025,
        1.493300163720175,
        1.4902223502387757,
        1.489122824361574,
        1.4882174899716334,
        1.4905356143888748,
        1.4880340149355151,
        1.4789266913766044,
        1.482306799799659,
        1.4791216680641641,
        1.468245777386537,
        1.4702050830792777,
        1.4764430400255881,
        1.4694055718705783,
        1.4720731278899353,
        1.4714872796868257,
        1.4664867886480082,
        1.4584232900140004,
        1.4607549270594011,
        1.4574940040085265
    ],
    "val_losses": [
        2.2539804404232577,
        2.06227893362424,
        1.9295724746489236,
        1.8890359039100155,
        1.845730099258,
        1.801798350501506,
        1.7760234201496903,
        1.7749903355030543,
        1.7570494227915463,
        1.7360316884446205,
        1.7187021156945341,
        1.7133082433353364,
        1.6951894374611183,
        1.6869444496831443,
        1.6835618691541556,
        1.664881659930247,
        1.6605273485590002,
        1.6618948561505444,
        1.6465640100642005,
        1.640477697124445,
        1.6247299147174004,
        1.6278059857555522,
        1.6169643013426553,
        1.6083358346338084,
        1.6240806953596911,
        1.602092949913031,
        1.600641915801418,
        1.597838109328904,
        1.589796390541322,
        1.5843349818594008,
        1.5718056353601135,
        1.561645980032797,
        1.5700530528570082,
        1.552621927012175,
        1.5609746122833896,
        1.5488134347018705,
        1.545958806819827,
        1.553957342755591,
        1.5421279553192653,
        1.5435756730456123,
        1.5295597540749999,
        1.5261224325330185,
        1.5183262266056163,
        1.5170096734110357,
        1.5200618996971467,
        1.525620703240237,
        1.5189070274079661,
        1.5055942688021275,
        1.5124803088216139,
        1.5044287658743243,
        1.5000999714871102,
        1.5010138003218227,
        1.4955659553892993,
        1.4955999378182259,
        1.4849442658219014,
        1.4812471037100425,
        1.4743150606630504,
        1.4860526167749926,
        1.4734658298871546,
        1.4707000638100547,
        1.4753452402036313,
        1.4663605023442545,
        1.4630556279976223,
        1.4636704462648276,
        1.4809877110736145,
        1.474465871621122,
        1.4629471219317427,
        1.4567775929314462,
        1.4543690286462687,
        1.4531252775290269,
        1.4556157738303612,
        1.4560558102937347,
        1.4492968674121862,
        1.459383994238428,
        1.44898172441377,
        1.4496657136231856,
        1.4413643178519473,
        1.4435477824843341,
        1.4335003686622396,
        1.4392995812744438,
        1.4278894517780323,
        1.4357780064990107,
        1.4390402983525008,
        1.4279012699893698,
        1.427837854455271,
        1.4271961349982334,
        1.4230382667980168,
        1.419100780554807,
        1.4281403274191846,
        1.4288477348125126,
        1.429505531288111,
        1.411290390756469,
        1.4106544965029126,
        1.4148089173171037,
        1.4187628669997607
    ],
    "val_accs": [
        0.2267,
        0.2794,
        0.3157,
        0.3316,
        0.3516,
        0.3631,
        0.3763,
        0.3759,
        0.3751,
        0.3958,
        0.3976,
        0.3947,
        0.4013,
        0.4064,
        0.3993,
        0.422,
        0.4107,
        0.4083,
        0.4227,
        0.4199,
        0.4258,
        0.4257,
        0.4307,
        0.427,
        0.4228,
        0.4242,
        0.4326,
        0.4298,
        0.4395,
        0.4378,
        0.4428,
        0.446,
        0.4444,
        0.449,
        0.4459,
        0.4511,
        0.4543,
        0.4512,
        0.4488,
        0.4486,
        0.4558,
        0.4586,
        0.4652,
        0.46,
        0.4595,
        0.4624,
        0.4618,
        0.4661,
        0.4609,
        0.4689,
        0.4727,
        0.4612,
        0.4637,
        0.4645,
        0.4743,
        0.4719,
        0.4747,
        0.4651,
        0.4762,
        0.4795,
        0.4822,
        0.4808,
        0.4837,
        0.4832,
        0.473,
        0.4739,
        0.48,
        0.4885,
        0.4914,
        0.4934,
        0.4858,
        0.4851,
        0.4912,
        0.4816,
        0.4917,
        0.488,
        0.4878,
        0.4902,
        0.4954,
        0.494,
        0.4957,
        0.4877,
        0.4844,
        0.4954,
        0.4994,
        0.4909,
        0.4945,
        0.4963,
        0.4862,
        0.4962,
        0.4972,
        0.4977,
        0.4985,
        0.4974,
        0.497
    ],
    "hyperparameters": {
        "batch_size": 128,
        "learning_rate": 0.0005,
        "momentum": 0.9,
        "weight_decay": 0.0001,
        "optimizer": "adam",
        "early_stopping": true,
        "patience": 10
    },
    "runtime_info": {
        "total_training_time": 210.23853373527527,
        "avg_epoch_time": 2.2130371972134237,
        "timestamp": "2025-04-16 15:37:05"
    }
}