{
    "model_name": "Adam_GELU_standard",
    "features": [
        "GELU",
        "Adam"
    ],
    "epochs": 68,
    "best_epoch": 58,
    "best_val_acc": 0.5775,
    "training_time": 361.70281982421875,
    "train_losses": [
        2.615517730323576,
        2.090027185300102,
        1.931688094323413,
        1.8247296009026426,
        1.762697791768989,
        1.7084264102874733,
        1.6611562322417164,
        1.6223196422389115,
        1.5846632664644986,
        1.5468166315738565,
        1.5157242955956025,
        1.4895554941548756,
        1.455768937015859,
        1.4360810746157993,
        1.4144420832666722,
        1.390501441829496,
        1.3738761892205351,
        1.3531789353628048,
        1.3350483258625976,
        1.3202134706704896,
        1.3064587633411373,
        1.2855461560922996,
        1.2749749008231304,
        1.2558426586909945,
        1.2532216061141903,
        1.2354793028686053,
        1.2233304981720168,
        1.2117791906143585,
        1.1986100637473158,
        1.191637765662029,
        1.177081214368884,
        1.1784603946489356,
        1.1664035334529796,
        1.1529690910498915,
        1.1467308074966467,
        1.140479669741797,
        1.1331350471038983,
        1.1215316087706135,
        1.116607745125163,
        1.105598952855767,
        1.1028267897815194,
        1.0919713793230776,
        1.0844928166983814,
        1.08495247552697,
        1.077626508919079,
        1.0681458575869152,
        1.062281709021051,
        1.056717826185352,
        1.056779573398114,
        1.0417296216906353,
        1.0418439204293113,
        1.037715783087292,
        1.0301750835679309,
        1.0241259998602852,
        1.0217519801337736,
        1.0163961919992983,
        1.012659987357816,
        1.005386022184204,
        1.0028606579008674,
        0.9916547081781244,
        0.9958395853313471,
        0.9894160088195445,
        0.9820087120228471,
        0.9823903840016965,
        0.9789149871049179,
        0.9746234084522344,
        0.9675104758319796,
        0.9659838781671708
    ],
    "val_losses": [
        2.158470208358982,
        1.9139306788128168,
        1.7872141811569564,
        1.709760829453942,
        1.6633507518300275,
        1.6251813919428655,
        1.5838398266167026,
        1.5413922640820383,
        1.5063704984409936,
        1.482407356950395,
        1.4624561747303346,
        1.4311605569973689,
        1.4170558889032019,
        1.3997462696987917,
        1.3821600229176347,
        1.3649374282864162,
        1.3528127663122949,
        1.346500957565268,
        1.325541262560772,
        1.3238763421666744,
        1.31274818975189,
        1.307231094326068,
        1.299858635742109,
        1.297137612589867,
        1.2877584167238898,
        1.281200845172588,
        1.2723855872114913,
        1.2639507536626617,
        1.257552213220116,
        1.257259097336041,
        1.251180159243106,
        1.2519939694870172,
        1.2433804293122768,
        1.2475541369482097,
        1.2362841424084177,
        1.2357110143064354,
        1.2311511830916835,
        1.2302455110825925,
        1.2273775837968113,
        1.2266439972131513,
        1.2222301379053986,
        1.219899873040379,
        1.2189173476236357,
        1.2200456176765324,
        1.2115511186339807,
        1.2134056450147268,
        1.2124223479084095,
        1.2091965066390342,
        1.2106292050011453,
        1.2080426241370767,
        1.2121854916944557,
        1.2114347454595626,
        1.2065463405516261,
        1.2031330113518843,
        1.2021763429298291,
        1.2048232044284546,
        1.20353946268105,
        1.2054309394921259,
        1.204107652098381,
        1.2038399654216143,
        1.2017961653496316,
        1.2058501345112844,
        1.2004893652359956,
        1.2017481548892845,
        1.1961564227429198,
        1.2002568672551293,
        1.2015235025178286,
        1.2056106395776536
    ],
    "val_accs": [
        0.233,
        0.3257,
        0.3799,
        0.4053,
        0.4231,
        0.4322,
        0.4494,
        0.4666,
        0.4763,
        0.4826,
        0.4932,
        0.4981,
        0.5036,
        0.5077,
        0.5154,
        0.5186,
        0.5244,
        0.5287,
        0.5317,
        0.535,
        0.5376,
        0.5399,
        0.5415,
        0.5448,
        0.5452,
        0.5455,
        0.5488,
        0.5528,
        0.5538,
        0.5566,
        0.558,
        0.5585,
        0.5581,
        0.5567,
        0.5648,
        0.5641,
        0.5662,
        0.5595,
        0.5645,
        0.5625,
        0.5643,
        0.5653,
        0.5681,
        0.571,
        0.5715,
        0.5712,
        0.5676,
        0.5681,
        0.5697,
        0.5713,
        0.5688,
        0.5692,
        0.5708,
        0.5744,
        0.5716,
        0.5725,
        0.5746,
        0.5775,
        0.5763,
        0.5741,
        0.5767,
        0.5743,
        0.5732,
        0.5758,
        0.5754,
        0.5752,
        0.5725,
        0.5711
    ],
    "hyperparameters": {
        "batch_size": 128,
        "learning_rate": 0.0005,
        "momentum": 0.9,
        "weight_decay": 0.0001,
        "optimizer": "adam",
        "early_stopping": true,
        "patience": 10
    },
    "runtime_info": {
        "total_training_time": 361.70281982421875,
        "avg_epoch_time": 5.319159115062041,
        "timestamp": "2025-04-16 14:19:48"
    }
}