{
    "model_name": "Adam_BatchNorm_GELU_none",
    "features": [
        "GELU",
        "Adam",
        "BatchNorm"
    ],
    "epochs": 11,
    "best_epoch": 1,
    "best_val_acc": 0.1733,
    "training_time": 56.39200806617737,
    "train_losses": [
        2.323350796451984,
        1.9375269928455483,
        1.8361829311732754,
        1.7952378652712488,
        1.7579202070781483,
        1.732683879833063,
        1.7267876435406389,
        1.744537697964584,
        1.817102918274815,
        1.9442594005205243,
        2.0969113180988437
    ],
    "val_losses": [
        2.226588692068702,
        2.3094545532681923,
        2.3123024442474343,
        2.304496323921231,
        2.3037043329630147,
        2.305263548146981,
        2.3060036573995384,
        2.307400415993765,
        2.3094934138072136,
        2.3125328204916373,
        2.3155313811012124
    ],
    "val_accs": [
        0.1733,
        0.0863,
        0.0815,
        0.1103,
        0.1067,
        0.1038,
        0.1044,
        0.1033,
        0.1026,
        0.1022,
        0.1022
    ],
    "hyperparameters": {
        "batch_size": 128,
        "learning_rate": 0.0005,
        "momentum": 0.9,
        "weight_decay": 0.0001,
        "optimizer": "adam",
        "early_stopping": true,
        "patience": 10
    },
    "runtime_info": {
        "total_training_time": 56.39200806617737,
        "avg_epoch_time": 5.126546187834307,
        "timestamp": "2025-04-16 14:40:05"
    }
}