{
    "model_name": "BatchNorm_GELU_standard",
    "features": [
        "GELU",
        "BatchNorm"
    ],
    "epochs": 48,
    "best_epoch": 38,
    "best_val_acc": 0.2647,
    "training_time": 289.2736449241638,
    "train_losses": [
        2.7756461239263985,
        2.5652797787909125,
        2.432644806467974,
        2.3438622897526553,
        2.2687981027790993,
        2.212936890416959,
        2.1675678869947106,
        2.135513704961373,
        2.104617094331395,
        2.079417611001015,
        2.053622094751299,
        2.0360656341398697,
        2.0142661292446826,
        2.0041946868327463,
        1.9895694970501976,
        1.9817568907570502,
        1.9661455974897117,
        1.9538663687017046,
        1.9432250549529537,
        1.9344464079722588,
        1.9258782672028005,
        1.9108627530035203,
        1.9084022499089868,
        1.9120897556394905,
        1.8955067574262043,
        1.8908047252219022,
        1.8859074748353875,
        1.8830255592594087,
        1.874948672464188,
        1.8757847531182945,
        1.8651169151239033,
        1.8641984718671771,
        1.8570256236366136,
        1.8543049875814916,
        1.851407651797137,
        1.8457750948160323,
        1.8398769706374407,
        1.8425270372666713,
        1.8373510768627115,
        1.8296645218408851,
        1.8293005818158479,
        1.830446490883846,
        1.8259609158544552,
        1.8167537417624888,
        1.8191254616136665,
        1.8131873022299845,
        1.8115151118180977,
        1.8110853727463243
    ],
    "val_losses": [
        2.5253741069675644,
        2.4569348980589676,
        2.4181174719672214,
        2.380118761455945,
        2.3482747881753676,
        2.3114970352692037,
        2.2836755002001583,
        2.251285346057745,
        2.2247077091262053,
        2.2041741267868935,
        2.1825405558484725,
        2.163418302785797,
        2.1469441678980665,
        2.13555192032596,
        2.1257008235624637,
        2.11421984906159,
        2.1067879644607697,
        2.1006225197771706,
        2.096290152374182,
        2.091322721898218,
        2.0888345377607873,
        2.0861073051150916,
        2.0850205060766167,
        2.084695649754353,
        2.084590006673231,
        2.0857289353364186,
        2.086495226362542,
        2.0879814775295773,
        2.089978584919512,
        2.091549081091936,
        2.0932206659902333,
        2.096523328719655,
        2.099137059971789,
        2.1020529111698205,
        2.1049547018883574,
        2.107140517634576,
        2.109955688959084,
        2.11334102427996,
        2.1159932785626454,
        2.118591853412726,
        2.121472811424945,
        2.1247454220978086,
        2.12831456767793,
        2.1303674449046794,
        2.133108898748544,
        2.1356802449275682,
        2.1391912295012308,
        2.1418070131299993
    ],
    "val_accs": [
        0.1265,
        0.1429,
        0.1509,
        0.157,
        0.16,
        0.1644,
        0.1691,
        0.1768,
        0.1822,
        0.1851,
        0.1892,
        0.1935,
        0.2004,
        0.2032,
        0.2079,
        0.214,
        0.2191,
        0.2223,
        0.2269,
        0.2308,
        0.2369,
        0.2418,
        0.2467,
        0.2503,
        0.2553,
        0.2554,
        0.2594,
        0.2576,
        0.2598,
        0.2603,
        0.2616,
        0.263,
        0.2617,
        0.2623,
        0.2626,
        0.264,
        0.2634,
        0.2647,
        0.2619,
        0.2632,
        0.2643,
        0.263,
        0.2627,
        0.2602,
        0.2622,
        0.2606,
        0.2595,
        0.2595
    ],
    "hyperparameters": {
        "batch_size": 128,
        "learning_rate": 0.0005,
        "momentum": 0.9,
        "weight_decay": 0.0001,
        "optimizer": "sgd",
        "early_stopping": true,
        "patience": 10
    },
    "runtime_info": {
        "total_training_time": 289.2736449241638,
        "avg_epoch_time": 6.026534269253413,
        "timestamp": "2025-04-16 14:24:39"
    }
}