{
    "model_name": "BatchNorm_standard",
    "features": [
        "BatchNorm"
    ],
    "epochs": 41,
    "best_epoch": 31,
    "best_val_acc": 0.1926,
    "training_time": 82.52360320091248,
    "train_losses": [
        2.859378306586524,
        2.6213611572739013,
        2.4768523891508663,
        2.37471810010705,
        2.295068679722873,
        2.2462622514223853,
        2.196483189326225,
        2.1601064142222928,
        2.1216679685360096,
        2.097700382636787,
        2.0828306181821254,
        2.060737084828044,
        2.047243701728029,
        2.025145072987707,
        2.018035193789421,
        2.0086545696987574,
        1.9940695894350842,
        1.9847813871513194,
        1.9778837101434799,
        1.967063207456139,
        1.9615400965806657,
        1.9489487672102421,
        1.9437870050382604,
        1.9403489604506743,
        1.935680129802734,
        1.9312866601906267,
        1.924410154351154,
        1.913661623521053,
        1.9108916805966054,
        1.9048669025881009,
        1.8988685438879382,
        1.899056922911707,
        1.8952548053526257,
        1.8911390096683633,
        1.890238348345697,
        1.8891180810223958,
        1.8863827640403998,
        1.8782652481964983,
        1.8754395733413,
        1.8683563685385427,
        1.8704590996826929
    ],
    "val_losses": [
        2.6315477721325813,
        2.55347521305357,
        2.492474068822161,
        2.425974779507665,
        2.3774217498501797,
        2.335982022114479,
        2.3083456080698883,
        2.2879674021474092,
        2.2668630923571453,
        2.248077889392134,
        2.235564547079201,
        2.2231934864388387,
        2.215496187648644,
        2.2107340080836977,
        2.2056849488145347,
        2.2041144655056377,
        2.2018412465666812,
        2.2013166583032975,
        2.1996517129253044,
        2.199613060079987,
        2.1989626540643745,
        2.200198392621944,
        2.20044219900643,
        2.2018296731531333,
        2.2023526810184886,
        2.2037972144837314,
        2.205701382585915,
        2.2064065617203688,
        2.208044450668859,
        2.209352357662067,
        2.210800228912992,
        2.2129591509167237,
        2.2146829612610057,
        2.216764845981443,
        2.218822571064984,
        2.2210246291991753,
        2.2231801133650535,
        2.224949076708099,
        2.2269649431513354,
        2.2286620944399766,
        2.230914134214298
    ],
    "val_accs": [
        0.116,
        0.1209,
        0.1237,
        0.1266,
        0.1306,
        0.1353,
        0.1393,
        0.1391,
        0.1443,
        0.1501,
        0.1534,
        0.1573,
        0.1638,
        0.166,
        0.1682,
        0.1681,
        0.1714,
        0.1709,
        0.1755,
        0.1774,
        0.1798,
        0.1811,
        0.1842,
        0.184,
        0.182,
        0.1885,
        0.1859,
        0.1881,
        0.1869,
        0.1902,
        0.1926,
        0.1903,
        0.1874,
        0.1913,
        0.1915,
        0.1862,
        0.1869,
        0.1846,
        0.1835,
        0.1857,
        0.1831
    ],
    "hyperparameters": {
        "batch_size": 128,
        "learning_rate": 0.0005,
        "momentum": 0.9,
        "weight_decay": 0.0001,
        "optimizer": "sgd",
        "early_stopping": true,
        "patience": 10
    },
    "runtime_info": {
        "total_training_time": 82.52360320091248,
        "avg_epoch_time": 2.012770809778353,
        "timestamp": "2025-04-16 14:36:55"
    }
}