{
    "model_name": "BatchNorm_minmax",
    "features": [
        "BatchNorm"
    ],
    "epochs": 20,
    "best_epoch": 10,
    "best_val_acc": 0.1339,
    "training_time": 53.42991018295288,
    "train_losses": [
        2.8636762745244835,
        2.60891888585593,
        2.4694052007192,
        2.3775114212293684,
        2.3113612776822037,
        2.2589466938647105,
        2.216543761604333,
        2.187274053998974,
        2.1543270079410264,
        2.1319333361988333,
        2.1193450159378946,
        2.1090740239988612,
        2.095206031575604,
        2.0828164509560354,
        2.07586619143345,
        2.0767944491173806,
        2.0658119223104516,
        2.0581713066422735,
        2.0569521360560477,
        2.050472281654119
    ],
    "val_losses": [
        2.424617485478243,
        2.4470086816339522,
        2.592633072704534,
        3.266509212642254,
        3.1305004572340316,
        2.976938185399302,
        2.631421230447672,
        2.687340231225561,
        2.6169708407785732,
        2.57812394236491,
        2.5059764008011114,
        2.46805437172318,
        2.4867026908868635,
        2.38598405018619,
        2.45192650223487,
        2.390830005367026,
        2.7002728951596584,
        2.7563566786576206,
        2.7428302846564248,
        2.8202344061024727
    ],
    "val_accs": [
        0.1052,
        0.1022,
        0.1022,
        0.1022,
        0.1022,
        0.1022,
        0.1035,
        0.1022,
        0.1023,
        0.1339,
        0.1003,
        0.1003,
        0.1028,
        0.1114,
        0.1074,
        0.1014,
        0.1014,
        0.1014,
        0.1014,
        0.1014
    ],
    "hyperparameters": {
        "batch_size": 128,
        "learning_rate": 0.0005,
        "momentum": 0.9,
        "weight_decay": 0.0001,
        "optimizer": "sgd",
        "early_stopping": true,
        "patience": 10
    },
    "runtime_info": {
        "total_training_time": 53.42991018295288,
        "avg_epoch_time": 2.671495509147644,
        "timestamp": "2025-04-16 15:38:01"
    }
}