{
    "model_name": "BatchNorm_none",
    "features": [
        "BatchNorm"
    ],
    "epochs": 52,
    "best_epoch": 42,
    "best_val_acc": 0.1944,
    "training_time": 141.4596779346466,
    "train_losses": [
        2.8607406960499406,
        2.619012018880723,
        2.476503624856099,
        2.3767924014710564,
        2.2957756139155006,
        2.2412221718528493,
        2.1993983948226585,
        2.1564413742530513,
        2.1322893201431667,
        2.100576633705308,
        2.0830388646260105,
        2.066997587552181,
        2.0517610086313356,
        2.033594061863027,
        2.01716561668339,
        2.0068168336310235,
        1.99370186521402,
        1.9896865679488898,
        1.975923371639115,
        1.9748056766925275,
        1.9621940271132299,
        1.9545414714840177,
        1.9524558555027607,
        1.9477427910214749,
        1.9397741964055784,
        1.9330559079402532,
        1.9264251145526647,
        1.9225996721766245,
        1.9198065875939874,
        1.911608253119605,
        1.9058338699897204,
        1.9030467197934402,
        1.8982273019845264,
        1.8963902008926043,
        1.8918734145951848,
        1.8881661371781588,
        1.8817961473833287,
        1.874464628262046,
        1.8812505250953568,
        1.8777124037582116,
        1.8709559760749277,
        1.8658877227213777,
        1.870127426714246,
        1.8619822280332265,
        1.860154652116758,
        1.8555990222312844,
        1.8549264387818536,
        1.8537379095855546,
        1.8470803500820936,
        1.8509225081545668,
        1.844284088405721,
        1.8460858111260237
    ],
    "val_losses": [
        2.6096743228389454,
        2.5409367091355315,
        2.4998711068109865,
        2.4509480829443224,
        2.410798402820099,
        2.3743988484509866,
        2.337939734273349,
        2.3137794762892403,
        2.292038444135963,
        2.278210686534335,
        2.2651214967221116,
        2.251662180773582,
        2.2407281608078344,
        2.2325907403571845,
        2.2239771062974176,
        2.2185745841810434,
        2.2157316830268905,
        2.2102217879325066,
        2.2074186806302984,
        2.206504793055061,
        2.204873774623521,
        2.202816692330708,
        2.2034238799731125,
        2.201935019358798,
        2.202598240676187,
        2.2039440542094444,
        2.2045633837222804,
        2.2057820494728446,
        2.2069061006313366,
        2.2081198391936483,
        2.2093758039106857,
        2.211080648597812,
        2.211850176510268,
        2.2144028756127927,
        2.216621726131708,
        2.2180979326014367,
        2.220133659187511,
        2.2222227732727764,
        2.22462552484105,
        2.2274462214829702,
        2.2292105516529923,
        2.231050183078365,
        2.232661974421577,
        2.2351904916255916,
        2.2374901743939137,
        2.2392432267342772,
        2.241181825339192,
        2.2432122786218294,
        2.2445070237772082,
        2.2466298822316904,
        2.248645155781193,
        2.2503023114863785
    ],
    "val_accs": [
        0.131,
        0.1433,
        0.1434,
        0.1424,
        0.1377,
        0.1404,
        0.1422,
        0.1417,
        0.1447,
        0.1448,
        0.146,
        0.1473,
        0.1523,
        0.1554,
        0.158,
        0.1592,
        0.1589,
        0.1647,
        0.1664,
        0.1648,
        0.1695,
        0.1708,
        0.1725,
        0.176,
        0.1778,
        0.1802,
        0.1815,
        0.1819,
        0.1827,
        0.1839,
        0.1847,
        0.1869,
        0.1863,
        0.1917,
        0.1916,
        0.1907,
        0.1931,
        0.1918,
        0.1929,
        0.1909,
        0.1939,
        0.1944,
        0.1914,
        0.1917,
        0.1925,
        0.1916,
        0.1912,
        0.1883,
        0.1881,
        0.1884,
        0.1866,
        0.1864
    ],
    "hyperparameters": {
        "batch_size": 128,
        "learning_rate": 0.0005,
        "momentum": 0.9,
        "weight_decay": 0.0001,
        "optimizer": "sgd",
        "early_stopping": true,
        "patience": 10
    },
    "runtime_info": {
        "total_training_time": 141.4596779346466,
        "avg_epoch_time": 2.720378421820127,
        "timestamp": "2025-04-16 15:07:24"
    }
}