{
    "model_name": "BatchNorm_GELU_minmax",
    "features": [
        "GELU",
        "BatchNorm"
    ],
    "epochs": 23,
    "best_epoch": 13,
    "best_val_acc": 0.1426,
    "training_time": 133.43292784690857,
    "train_losses": [
        2.772558005772165,
        2.5534238578214348,
        2.4130631051069686,
        2.3125289962508386,
        2.2497322364812335,
        2.197441675419819,
        2.16032812426211,
        2.125001196113148,
        2.1008690382960187,
        2.086323023417425,
        2.0693399059182553,
        2.0511506290283874,
        2.0365714019007326,
        2.0292234647077416,
        2.0194493831367635,
        2.009115069061431,
        2.001449996308053,
        1.9967424884075837,
        1.9997215103702097,
        1.9914110531908549,
        1.9788992594666028,
        1.9741958231596577,
        1.971855216625924
    ],
    "val_losses": [
        2.39307729736283,
        2.552570190710072,
        2.548788825422421,
        2.7072466552074324,
        2.6612997901842785,
        2.6716882275127865,
        2.5757319886753516,
        2.5836503779416486,
        2.5773224852126986,
        2.6722693127479347,
        5.046400659202324,
        4.376428307063081,
        3.6985774803239466,
        3.641193841461129,
        3.6524059180509574,
        3.8004785201354565,
        3.934572384515281,
        3.8689522052790433,
        4.004681783117956,
        3.9413624778017473,
        3.8227329877956575,
        3.7374196172610055,
        3.5932936308368277
    ],
    "val_accs": [
        0.1062,
        0.1021,
        0.1262,
        0.0993,
        0.1016,
        0.1274,
        0.1279,
        0.1278,
        0.1012,
        0.1014,
        0.1022,
        0.1022,
        0.1426,
        0.1014,
        0.1014,
        0.1014,
        0.1014,
        0.1014,
        0.1014,
        0.1014,
        0.1014,
        0.1014,
        0.1305
    ],
    "hyperparameters": {
        "batch_size": 128,
        "learning_rate": 0.0005,
        "momentum": 0.9,
        "weight_decay": 0.0001,
        "optimizer": "sgd",
        "early_stopping": true,
        "patience": 10
    },
    "runtime_info": {
        "total_training_time": 133.43292784690857,
        "avg_epoch_time": 5.801431645517764,
        "timestamp": "2025-04-16 15:24:22"
    }
}