{
    "model_name": "BatchNorm_GELU_none",
    "features": [
        "GELU",
        "BatchNorm"
    ],
    "epochs": 49,
    "best_epoch": 39,
    "best_val_acc": 0.2481,
    "training_time": 309.5227777957916,
    "train_losses": [
        2.809860179395815,
        2.5816021484744085,
        2.436872948334921,
        2.338001766102376,
        2.267871825799102,
        2.2110941003000146,
        2.1596667073568367,
        2.124493863791216,
        2.092282104066109,
        2.07252628061525,
        2.0455052248092844,
        2.022928865764004,
        2.0091344998690945,
        1.996018141423718,
        1.9857067092835834,
        1.968245811699695,
        1.960456296360957,
        1.953541848564141,
        1.94182839384552,
        1.929830801578123,
        1.924962319916257,
        1.9245535126787088,
        1.9097920769397982,
        1.903675751737868,
        1.894622325813249,
        1.894433795834733,
        1.8832880803585166,
        1.8854329975199056,
        1.8764594303689959,
        1.874817741291242,
        1.8647089822441159,
        1.8615178799703596,
        1.8560673962514882,
        1.856590548573856,
        1.8513366636994713,
        1.8494174439531572,
        1.8401648796911465,
        1.8442620186870753,
        1.8369245336524316,
        1.8313417442945836,
        1.8339189918292023,
        1.8253191899222811,
        1.825971374403574,
        1.8247609601393648,
        1.8207315377574942,
        1.8142066101724752,
        1.81300243722114,
        1.8107989160214266,
        1.8092352807373235
    ],
    "val_losses": [
        2.552650934960414,
        2.4925974909396436,
        2.44033931849182,
        2.3884534569753684,
        2.3409734752878677,
        2.3023589925164116,
        2.2710069882107864,
        2.2441874323156696,
        2.2188171110319534,
        2.198040317919255,
        2.181917760368877,
        2.167942449146948,
        2.1541523018443365,
        2.14615431481449,
        2.136317218500603,
        2.1322829684410745,
        2.1286746215249392,
        2.124636753356898,
        2.122296446599946,
        2.120380430165623,
        2.118979949546373,
        2.1184329334342777,
        2.117506060597764,
        2.117565347843687,
        2.1180244278282143,
        2.118269165176049,
        2.119559087703009,
        2.1216106001716364,
        2.1220026464925654,
        2.124340141178459,
        2.126260302764341,
        2.1275723916142955,
        2.1290461200640785,
        2.1310355586046748,
        2.133351429003889,
        2.1357981298243938,
        2.1371692349850973,
        2.1402212102701856,
        2.1427993863853367,
        2.144568960175542,
        2.1464463970295213,
        2.148434237818091,
        2.1505604799484885,
        2.1531231371875847,
        2.1546214728473077,
        2.1570648247942676,
        2.1580091945934563,
        2.160284195064211,
        2.1626697074844157
    ],
    "val_accs": [
        0.1319,
        0.1411,
        0.1497,
        0.1556,
        0.1614,
        0.163,
        0.1666,
        0.168,
        0.1725,
        0.1787,
        0.1838,
        0.185,
        0.1906,
        0.1936,
        0.2005,
        0.2013,
        0.2061,
        0.2087,
        0.2106,
        0.2146,
        0.2178,
        0.2197,
        0.2252,
        0.2288,
        0.2293,
        0.2337,
        0.2323,
        0.2353,
        0.237,
        0.2415,
        0.2419,
        0.2426,
        0.2419,
        0.2425,
        0.2438,
        0.2435,
        0.2454,
        0.2447,
        0.2481,
        0.246,
        0.2459,
        0.2432,
        0.2437,
        0.246,
        0.247,
        0.2438,
        0.2432,
        0.243,
        0.2436
    ],
    "hyperparameters": {
        "batch_size": 128,
        "learning_rate": 0.0005,
        "momentum": 0.9,
        "weight_decay": 0.0001,
        "optimizer": "sgd",
        "early_stopping": true,
        "patience": 10
    },
    "runtime_info": {
        "total_training_time": 309.5227777957916,
        "avg_epoch_time": 6.316791383587584,
        "timestamp": "2025-04-16 14:51:11"
    }
}