{
    "model_name": "GELU_none",
    "features": [
        "GELU"
    ],
    "epochs": 100,
    "best_epoch": 100,
    "best_val_acc": 0.4115,
    "training_time": 578.3212151527405,
    "train_losses": [
        3.426548744085408,
        2.6720520505982583,
        2.4433413914879516,
        2.3335717611998423,
        2.280929920772291,
        2.2354916924231687,
        2.209409752250729,
        2.1796963676139565,
        2.1562121478580143,
        2.1352291512036414,
        2.120728905084736,
        2.1061926947459675,
        2.084556307664585,
        2.0755782170995545,
        2.0633498117347235,
        2.050833719557556,
        2.040677123665997,
        2.02870490913055,
        2.013916514382334,
        2.0098795634610678,
        1.9955987447328252,
        1.9890219874907062,
        1.976276390637818,
        1.9743475496899485,
        1.959823540198259,
        1.9557371671290773,
        1.9510608362232287,
        1.9394364014408367,
        1.9361006671611165,
        1.934665266133171,
        1.922436114474854,
        1.9199802034787423,
        1.909831219760574,
        1.905584687611363,
        1.903161562958731,
        1.9005999465053067,
        1.8929803564016165,
        1.8847388604791218,
        1.8781380790145163,
        1.8771788618066099,
        1.8763344457898117,
        1.8657558660084566,
        1.8600268555940473,
        1.853858755426887,
        1.8557391617981878,
        1.852659001612547,
        1.8464517541973458,
        1.8365844987685698,
        1.836656232167993,
        1.8322096122736644,
        1.8294480155018347,
        1.819484491000934,
        1.8217221834489186,
        1.8194480998616498,
        1.813121857812619,
        1.8144447780853652,
        1.8053885817459006,
        1.8086502372612088,
        1.8032128450859581,
        1.7943798850488175,
        1.7973035183039305,
        1.7932497118378647,
        1.7880338360642263,
        1.786147963658411,
        1.7818455556177708,
        1.7819489901186303,
        1.7866307822146434,
        1.7738214762541369,
        1.7701453018530864,
        1.7736031046062564,
        1.7644137656226404,
        1.7668371496498132,
        1.7597651452549912,
        1.7607412051463516,
        1.76148882775636,
        1.7561042819990347,
        1.7533086769996549,
        1.7550150159930615,
        1.7460707238733675,
        1.7434472589866081,
        1.745385929947092,
        1.7422917912997544,
        1.7356164708153081,
        1.7414288221352077,
        1.7374938502907111,
        1.732063374462491,
        1.7298635083898168,
        1.7246412809314584,
        1.7289347759399905,
        1.7201756131129975,
        1.7172709566033817,
        1.723412009461534,
        1.7167318006509085,
        1.7142119981895891,
        1.7111610951754495,
        1.7073213499438318,
        1.7058732300999504,
        1.7109421915747853,
        1.704374613043143,
        1.7024319262394545
    ],
    "val_losses": [
        2.2940925565185286,
        2.2108707518635105,
        2.185899921312722,
        2.1699760865642754,
        2.1568074583905035,
        2.140137063661186,
        2.126644564447269,
        2.1110812454442835,
        2.091901574880495,
        2.073558807843717,
        2.0580313584831047,
        2.0421546367608254,
        2.025187779522996,
        2.0101368254840613,
        1.9990281466644093,
        1.9861849620564171,
        1.9755194808845995,
        1.9637940543165604,
        1.9511385739524918,
        1.9420891850936908,
        1.9345703865943666,
        1.9218501034667745,
        1.916161009084849,
        1.9096788053657485,
        1.9015938114981823,
        1.8944592385678067,
        1.8878989637851842,
        1.8779334101401495,
        1.8722144035264683,
        1.8721174847631656,
        1.86329298791954,
        1.8570276482707482,
        1.850899368903413,
        1.841652230583356,
        1.8414997273549674,
        1.833882905590755,
        1.8283462973254843,
        1.8231101536551717,
        1.8169689277943133,
        1.8153959172664553,
        1.8114339128165062,
        1.807060138448827,
        1.8007129380637197,
        1.7936941107864939,
        1.7901232828012783,
        1.7900195828078664,
        1.7877356404620663,
        1.7828011756264754,
        1.7803493070746703,
        1.7733585451888583,
        1.7701332390204088,
        1.7665569025450174,
        1.766532492866617,
        1.7625312363103982,
        1.7583218353658063,
        1.7564154522699034,
        1.7563036382394495,
        1.7518618060097488,
        1.7505472722612616,
        1.7453279736745695,
        1.742192274271245,
        1.7399432500268885,
        1.7371174975619694,
        1.7338049374949593,
        1.7308819161236086,
        1.7324570826882544,
        1.724786119110974,
        1.7199071116966902,
        1.7249406349660352,
        1.7186495413626817,
        1.7153486596526535,
        1.7146908176305824,
        1.7112457782534642,
        1.710434587292032,
        1.708735155595133,
        1.7036984020941814,
        1.704846056372269,
        1.699613956535879,
        1.695955168431879,
        1.6925020240570836,
        1.693300324853908,
        1.6905444017807691,
        1.6872580241535136,
        1.6879633545039323,
        1.6816134257701978,
        1.6837308137058615,
        1.683103852060506,
        1.67844135139054,
        1.6755916197750422,
        1.6754393662827312,
        1.6758389498836859,
        1.6695015814163976,
        1.6699865030304555,
        1.6681768191043918,
        1.6629164407258719,
        1.6630210204307327,
        1.6574775007134641,
        1.6634876846767106,
        1.6575348242182886,
        1.6563191397341521
    ],
    "val_accs": [
        0.1571,
        0.2014,
        0.2273,
        0.2395,
        0.248,
        0.2558,
        0.2577,
        0.263,
        0.268,
        0.2714,
        0.2753,
        0.2774,
        0.2813,
        0.2887,
        0.2889,
        0.2916,
        0.2916,
        0.3,
        0.3035,
        0.3049,
        0.3066,
        0.3179,
        0.3144,
        0.315,
        0.3193,
        0.3242,
        0.321,
        0.3259,
        0.3263,
        0.3258,
        0.3325,
        0.3341,
        0.3363,
        0.3402,
        0.3422,
        0.3445,
        0.3488,
        0.3491,
        0.3485,
        0.3545,
        0.353,
        0.3506,
        0.3573,
        0.3608,
        0.3615,
        0.3607,
        0.3634,
        0.3641,
        0.3621,
        0.3678,
        0.3684,
        0.3694,
        0.3681,
        0.3712,
        0.3727,
        0.3713,
        0.3762,
        0.3754,
        0.38,
        0.3773,
        0.3811,
        0.3784,
        0.3846,
        0.3812,
        0.3831,
        0.3847,
        0.3864,
        0.3918,
        0.3849,
        0.3876,
        0.3914,
        0.3923,
        0.394,
        0.3941,
        0.3942,
        0.3947,
        0.396,
        0.3961,
        0.3975,
        0.3985,
        0.4015,
        0.3987,
        0.4021,
        0.3998,
        0.4043,
        0.4023,
        0.4024,
        0.4063,
        0.4068,
        0.4062,
        0.4068,
        0.4105,
        0.4053,
        0.4099,
        0.4097,
        0.4087,
        0.4099,
        0.408,
        0.4101,
        0.4115
    ],
    "hyperparameters": {
        "batch_size": 128,
        "learning_rate": 0.0005,
        "momentum": 0.9,
        "weight_decay": 0.0001,
        "optimizer": "sgd",
        "early_stopping": true,
        "patience": 10
    },
    "runtime_info": {
        "total_training_time": 578.3212151527405,
        "avg_epoch_time": 5.783212151527405,
        "timestamp": "2025-04-16 15:00:51"
    }
}