{
    "model_name": "GELU_minmax",
    "features": [
        "GELU"
    ],
    "epochs": 100,
    "best_epoch": 100,
    "best_val_acc": 0.3545,
    "training_time": 515.7048470973969,
    "train_losses": [
        2.5102079762616305,
        2.3695348230868354,
        2.3483383015387482,
        2.3355433591878634,
        2.3290350626715175,
        2.3224612163982874,
        2.3186585153498083,
        2.3142853926159415,
        2.310693260992884,
        2.309737459321557,
        2.3057406850081223,
        2.3044764161807807,
        2.301900315278458,
        2.300366430608536,
        2.2954714573947945,
        2.29270196425645,
        2.2903031890429877,
        2.288577513397388,
        2.286865376961475,
        2.281632774735203,
        2.2796163434168233,
        2.2781953595670674,
        2.2739393021607492,
        2.270262231572008,
        2.26719369789338,
        2.2632585199007154,
        2.258662058627343,
        2.254067289938666,
        2.2510712494980885,
        2.2468720761078766,
        2.2445924329330924,
        2.239480783598124,
        2.233986364330269,
        2.2303908818631437,
        2.2231938758643066,
        2.221609963805093,
        2.2150336274036384,
        2.208738568436439,
        2.2049582592492065,
        2.1980500804589513,
        2.1942447797580824,
        2.1872636443118822,
        2.183007598410144,
        2.176708211704045,
        2.1735291218007835,
        2.1678266071794177,
        2.159246074661124,
        2.1547051770487595,
        2.1499087589130514,
        2.145165282345872,
        2.1395212645149635,
        2.1312811985258633,
        2.124876735263202,
        2.120929609526539,
        2.1145362698301176,
        2.1114044973308848,
        2.1023859354015935,
        2.099516574526117,
        2.094267198274862,
        2.08980630960884,
        2.0838382784528937,
        2.077317041863613,
        2.0743500310443412,
        2.0675676542571915,
        2.0613480177095713,
        2.05648195199486,
        2.0528939233032713,
        2.0500037665766646,
        2.0446286918816865,
        2.0379724329666877,
        2.034690490357658,
        2.029362022987942,
        2.025710721204302,
        2.020952241696017,
        2.015537397750515,
        2.0152979454245137,
        2.0078827263132233,
        2.007523279461813,
        2.001344004108869,
        1.9980539656695953,
        1.9909451833647402,
        1.9891296913438996,
        1.9838954367623007,
        1.9828873034653534,
        1.980197716436328,
        1.9741786564874326,
        1.9709390159520908,
        1.968711419358503,
        1.9640038856409494,
        1.962526430511941,
        1.959160840250479,
        1.9557278345716398,
        1.9556057229296504,
        1.9477476360424606,
        1.9481613968272977,
        1.945066931423095,
        1.9374852379333327,
        1.9402676216500632,
        1.9413639123039412,
        1.933990866764689
    ],
    "val_losses": [
        2.3022116328645783,
        2.2983168331621857,
        2.2960966060184136,
        2.2942183555490248,
        2.292741539737465,
        2.291072715080637,
        2.289722440828397,
        2.2880788593301746,
        2.286393854547583,
        2.2847633651537502,
        2.283103805549564,
        2.2813375157410896,
        2.2797064349984817,
        2.2774624475272716,
        2.275326051646966,
        2.2731554169125237,
        2.2706640569828394,
        2.268011898299763,
        2.2658357462496213,
        2.2627691521516846,
        2.2596347218923407,
        2.2568774723492737,
        2.2535631638549556,
        2.249764599283743,
        2.246316953873219,
        2.2423153507642075,
        2.238544311516531,
        2.2346047871381556,
        2.2294858474047037,
        2.2252884832138324,
        2.2205593788520757,
        2.215125255098323,
        2.2104925154225143,
        2.2047818771824224,
        2.1990316595856103,
        2.1938990708766566,
        2.1876805737053777,
        2.1818400206386053,
        2.1758102740122247,
        2.169405247758705,
        2.1632964612479095,
        2.1568766808378528,
        2.1511638988063466,
        2.144733384772644,
        2.1380244609010317,
        2.13261755550364,
        2.125310350274657,
        2.1189427127350364,
        2.1127571706870496,
        2.105764465259268,
        2.1005736511545994,
        2.0945769324881307,
        2.0869731656985966,
        2.0810578401753994,
        2.075452605468045,
        2.0701462809723337,
        2.063758535945315,
        2.059418032171134,
        2.0528906082542626,
        2.0482078421739107,
        2.04187301747338,
        2.0363099888634895,
        2.031412369724506,
        2.02671274155588,
        2.0195649194128955,
        2.015985894687426,
        2.012590518622409,
        2.009442224724066,
        2.0027441938941943,
        1.99624154111766,
        1.992150928908564,
        1.9873415872513183,
        1.9827272973907253,
        1.9797351306602737,
        1.9769952319692672,
        1.9715845139346515,
        1.968271223575739,
        1.9661162377447585,
        1.9608678593321303,
        1.9561569997185129,
        1.9518306906400906,
        1.947901634926757,
        1.946162231715888,
        1.9419399353340865,
        1.9380177677212813,
        1.934679890278133,
        1.9319725956413574,
        1.9282400803194284,
        1.9253329346505608,
        1.9221370732096366,
        1.9201898618558204,
        1.9171109586011414,
        1.9139518920154177,
        1.913008787164166,
        1.9081616945005204,
        1.9062941535640912,
        1.9023055286362263,
        1.8990749177474464,
        1.8975479411750829,
        1.8951794023665094
    ],
    "val_accs": [
        0.1033,
        0.1088,
        0.1138,
        0.1228,
        0.1369,
        0.1483,
        0.1506,
        0.1563,
        0.1735,
        0.1807,
        0.1807,
        0.1944,
        0.1893,
        0.2118,
        0.2148,
        0.2183,
        0.2245,
        0.2347,
        0.2292,
        0.2431,
        0.2502,
        0.2435,
        0.2524,
        0.2621,
        0.2592,
        0.2686,
        0.2711,
        0.2712,
        0.2751,
        0.2776,
        0.2776,
        0.2824,
        0.2791,
        0.2868,
        0.2911,
        0.2898,
        0.2912,
        0.2947,
        0.2974,
        0.3012,
        0.2994,
        0.3025,
        0.2981,
        0.3051,
        0.3047,
        0.3028,
        0.3047,
        0.3041,
        0.3081,
        0.3082,
        0.3117,
        0.3113,
        0.3118,
        0.3155,
        0.3179,
        0.3159,
        0.3181,
        0.3191,
        0.3201,
        0.3217,
        0.3238,
        0.3244,
        0.3242,
        0.3256,
        0.3282,
        0.3273,
        0.3293,
        0.3269,
        0.332,
        0.3308,
        0.3309,
        0.3322,
        0.3329,
        0.3355,
        0.332,
        0.3364,
        0.3368,
        0.3374,
        0.339,
        0.341,
        0.3387,
        0.3425,
        0.3413,
        0.3407,
        0.3432,
        0.3459,
        0.3472,
        0.3462,
        0.3471,
        0.3462,
        0.3485,
        0.3483,
        0.3472,
        0.3468,
        0.3494,
        0.3529,
        0.3525,
        0.3528,
        0.3518,
        0.3545
    ],
    "hyperparameters": {
        "batch_size": 128,
        "learning_rate": 0.0005,
        "momentum": 0.9,
        "weight_decay": 0.0001,
        "optimizer": "sgd",
        "early_stopping": true,
        "patience": 10
    },
    "runtime_info": {
        "total_training_time": 515.7048470973969,
        "avg_epoch_time": 5.157048470973969,
        "timestamp": "2025-04-16 15:33:00"
    }
}