{
    "model_name": "GELU_standard",
    "features": [
        "GELU"
    ],
    "epochs": 100,
    "best_epoch": 100,
    "best_val_acc": 0.4163,
    "training_time": 474.37822008132935,
    "train_losses": [
        3.462852366580349,
        2.6821143782439103,
        2.441983493425508,
        2.335132425274128,
        2.270126763599528,
        2.232722080951644,
        2.1933693696564354,
        2.169123924982801,
        2.14457361452527,
        2.129443781113806,
        2.108730466170927,
        2.0912445199353207,
        2.0769690673909826,
        2.06088449709252,
        2.050425918881231,
        2.03545832510789,
        2.022203841621883,
        2.0155299529474533,
        1.9996620161836383,
        1.9943882403056223,
        1.985912883265141,
        1.978890532183955,
        1.968444681740096,
        1.9605450124434514,
        1.9537849517454948,
        1.9453518793383324,
        1.9378331232446835,
        1.9357860521220185,
        1.9238787174515495,
        1.9200945283922688,
        1.9101754230688326,
        1.9088301691531686,
        1.90258017134948,
        1.896209356660448,
        1.8914460930026378,
        1.8833513473763142,
        1.8805931729899132,
        1.8760032165081766,
        1.8688872831051975,
        1.862290457378631,
        1.860650039707453,
        1.856100751624559,
        1.8496815620824154,
        1.8476416751320601,
        1.8446178918013107,
        1.8391690153587161,
        1.829704527126127,
        1.8297945609119985,
        1.8282586668309164,
        1.8261502459311219,
        1.819200149879153,
        1.8152400834700886,
        1.813351420651044,
        1.8155154813350103,
        1.8108585447696195,
        1.801367574787457,
        1.7998002977238399,
        1.7963355481670065,
        1.7947035228997337,
        1.79045947684602,
        1.789286269689505,
        1.785381002060706,
        1.779631856185535,
        1.7861291976543945,
        1.7785824773492265,
        1.7747692437180476,
        1.7768384088392792,
        1.7695464118756945,
        1.7648871446485597,
        1.7672277095235942,
        1.7604697759470742,
        1.7621881493398879,
        1.755696916286248,
        1.7577907809534006,
        1.7526422449104009,
        1.7476004555699354,
        1.7403324183503084,
        1.7453355115185092,
        1.7485269849609235,
        1.740477538545206,
        1.7424851646807265,
        1.7392065510272134,
        1.7304078968894308,
        1.7345218248874599,
        1.7333529155763014,
        1.7318334136694462,
        1.7315445636484732,
        1.7212963267993768,
        1.7229761239810475,
        1.7262809358658486,
        1.716987159458368,
        1.7182949987189542,
        1.7093058722229995,
        1.7087086087709553,
        1.7044955395992434,
        1.7095235383232221,
        1.7019206639966147,
        1.7044091999837925,
        1.7024610758962693,
        1.7017119804853946
    ],
    "val_losses": [
        2.2640684393120383,
        2.190002092670419,
        2.1665368584422438,
        2.1525810436809674,
        2.138686045388279,
        2.121271385171505,
        2.1038886734298012,
        2.086985619503,
        2.068471117698869,
        2.052492325101308,
        2.0357626133858435,
        2.0188346799002685,
        2.003446081879789,
        1.9874861346232555,
        1.9769140817111497,
        1.961736989785732,
        1.9503986749843418,
        1.9421383918424742,
        1.9282213417245024,
        1.918635191901103,
        1.9116025632150573,
        1.9039403191217368,
        1.8955714180831325,
        1.889400069954112,
        1.8794269994771937,
        1.870930125605892,
        1.8652311286890104,
        1.8621002135694906,
        1.8531045182698038,
        1.8478048256945505,
        1.8410509616252562,
        1.837192586693544,
        1.8296682333885546,
        1.827485879495775,
        1.8234194463788809,
        1.8159436471003791,
        1.8111828234277905,
        1.8042551627612844,
        1.8057766709743532,
        1.7973611095746622,
        1.7913746233993513,
        1.7897687367678685,
        1.786990622210896,
        1.7839169237747738,
        1.7807344742987337,
        1.7765831888513617,
        1.7702018031206597,
        1.7693937994061533,
        1.7630123923093575,
        1.7628315779242505,
        1.7603745322957958,
        1.7559906564166683,
        1.7534580601411591,
        1.7505166185985939,
        1.7477773611242606,
        1.7456274827384282,
        1.7381412899520496,
        1.7360624847041672,
        1.7319914341538136,
        1.7309138735676737,
        1.7279993872358372,
        1.7260447882860914,
        1.7220976723701216,
        1.724545177064843,
        1.7173981808454981,
        1.7185520293905745,
        1.7159551473857368,
        1.7130229234221748,
        1.7092392239912166,
        1.7102421017584384,
        1.7035323428653435,
        1.7026385749920092,
        1.7017900791029654,
        1.700153288968369,
        1.6944151886769239,
        1.6999356527585583,
        1.6927517338898181,
        1.6946588051052776,
        1.6897603202609843,
        1.6839767411140332,
        1.6845963898082645,
        1.6838736390002862,
        1.6818798627900173,
        1.6768451902327652,
        1.6775118922679295,
        1.6729528424537075,
        1.6742699657220081,
        1.671442937205008,
        1.6678566435043063,
        1.667191337837503,
        1.6642448791806277,
        1.66757768528504,
        1.6630961988124469,
        1.6605825736260214,
        1.6559467246155866,
        1.6610106957641437,
        1.6553232209283968,
        1.6502829632161253,
        1.6495703287702166,
        1.6492128075546053
    ],
    "val_accs": [
        0.1734,
        0.2147,
        0.234,
        0.2477,
        0.2533,
        0.2622,
        0.2696,
        0.2773,
        0.2794,
        0.282,
        0.2872,
        0.2914,
        0.2958,
        0.2998,
        0.2995,
        0.3058,
        0.3079,
        0.3055,
        0.3106,
        0.3179,
        0.3131,
        0.316,
        0.3185,
        0.3227,
        0.3281,
        0.3305,
        0.3318,
        0.331,
        0.3365,
        0.336,
        0.3385,
        0.3398,
        0.3417,
        0.3431,
        0.3452,
        0.3501,
        0.3494,
        0.357,
        0.3504,
        0.3549,
        0.3581,
        0.3569,
        0.3567,
        0.3586,
        0.3625,
        0.3605,
        0.3628,
        0.363,
        0.3652,
        0.3686,
        0.3655,
        0.3714,
        0.3715,
        0.3702,
        0.3757,
        0.3773,
        0.3767,
        0.3799,
        0.3815,
        0.3834,
        0.3849,
        0.3841,
        0.3854,
        0.3849,
        0.3906,
        0.3869,
        0.3869,
        0.3914,
        0.3898,
        0.3889,
        0.3931,
        0.3956,
        0.3934,
        0.3954,
        0.3962,
        0.3928,
        0.3969,
        0.3942,
        0.3976,
        0.401,
        0.3989,
        0.3971,
        0.4002,
        0.4044,
        0.4022,
        0.4032,
        0.4024,
        0.4041,
        0.4074,
        0.4047,
        0.4077,
        0.4054,
        0.4092,
        0.4079,
        0.4092,
        0.404,
        0.4127,
        0.4124,
        0.4137,
        0.4163
    ],
    "hyperparameters": {
        "batch_size": 128,
        "learning_rate": 0.0005,
        "momentum": 0.9,
        "weight_decay": 0.0001,
        "optimizer": "sgd",
        "early_stopping": true,
        "patience": 10
    },
    "runtime_info": {
        "total_training_time": 474.37822008132935,
        "avg_epoch_time": 4.7437822008132935,
        "timestamp": "2025-04-16 14:32:35"
    }
}