{
    "model_name": "minmax",
    "features": [],
    "epochs": 100,
    "best_epoch": 100,
    "best_val_acc": 0.3625,
    "training_time": 210.93244433403015,
    "train_losses": [
        2.507435836446423,
        2.3686214911308525,
        2.335790711155089,
        2.3256857376228597,
        2.3150076496389707,
        2.309720800876762,
        2.3091508409052177,
        2.305027534659152,
        2.303231502794967,
        2.301453837510344,
        2.298881996948759,
        2.2962822726768692,
        2.2945601570506726,
        2.2926718384064055,
        2.2910808294470404,
        2.2888485655502095,
        2.2846638090189137,
        2.282155166189477,
        2.280232333113262,
        2.2777080505816114,
        2.273347208812789,
        2.267783673627542,
        2.2629564930333017,
        2.2573363584427497,
        2.2531739657361523,
        2.247532291179078,
        2.239941463484374,
        2.2323628547980485,
        2.227099935386567,
        2.221872216891197,
        2.21416942030718,
        2.206779836365547,
        2.2012878738820385,
        2.194404934996727,
        2.187180454688643,
        2.180254817061691,
        2.1704856148258687,
        2.1661588264055687,
        2.157381916612473,
        2.1501392183011605,
        2.142506037917918,
        2.1393884274663963,
        2.126754595011164,
        2.121196369566474,
        2.1126996207570325,
        2.1060199659803227,
        2.1003272568414815,
        2.0933236547282825,
        2.091773360496844,
        2.0838025904573043,
        2.076459848109395,
        2.0675231592782004,
        2.066952046410448,
        2.058196320481526,
        2.055353821558872,
        2.049112473683999,
        2.0426684510815845,
        2.0429032284627016,
        2.031959362380955,
        2.029491072214802,
        2.02541228222605,
        2.019756805066673,
        2.0129965802318073,
        2.014819449576112,
        2.01149594255338,
        2.004879234034993,
        1.9978962706616608,
        1.996967459707109,
        1.9941343446562643,
        1.9889379002417138,
        1.9838199205411577,
        1.9820505124224364,
        1.9809116423846307,
        1.9749583435907467,
        1.9707885897719442,
        1.9720289698271272,
        1.9628630310914965,
        1.9632922302921463,
        1.96005542922783,
        1.9546511659501493,
        1.9505684148550904,
        1.9496243086703227,
        1.948608262078778,
        1.945159386306807,
        1.9434103162820342,
        1.9392980392717103,
        1.9364490846253657,
        1.9338059625770008,
        1.9324234113776286,
        1.9268126995803116,
        1.925558270117063,
        1.924086620598154,
        1.92088468858552,
        1.9188603693255906,
        1.9164671623504717,
        1.9147683052863755,
        1.912902152376673,
        1.9123070601932286,
        1.91025797244228,
        1.9062344333109025
    ],
    "val_losses": [
        2.3038200711699734,
        2.299330285533199,
        2.298918794335146,
        2.299012537061092,
        2.2985193075491726,
        2.2980596036007053,
        2.297129537186509,
        2.2965948988333493,
        2.2959406906162445,
        2.295008114630504,
        2.294032094215042,
        2.292319363951183,
        2.2904772770818638,
        2.287702229865003,
        2.2857698540579667,
        2.282597105809697,
        2.2788895279346697,
        2.2743598317237597,
        2.2700374494412245,
        2.2648549586093347,
        2.259130107390726,
        2.2532886837123285,
        2.246210362522571,
        2.239432183901078,
        2.2322305790773584,
        2.2244734177559136,
        2.218121288778885,
        2.207685968767371,
        2.198611375684923,
        2.1919579014165205,
        2.1830129264950107,
        2.1740447334476345,
        2.1643797699516725,
        2.1557991392249196,
        2.144971137344082,
        2.136593829659091,
        2.127528005739479,
        2.1195428365069855,
        2.1081896686009194,
        2.099737822118023,
        2.0894031523889085,
        2.082584766702028,
        2.075145459676291,
        2.062267666679437,
        2.055101681261064,
        2.0488552872640002,
        2.0422573321631665,
        2.0305971294086316,
        2.0242716484903025,
        2.0161725090639995,
        2.00911384836161,
        2.0025633671284724,
        1.997044192887679,
        1.9937847149884866,
        1.9823339015444974,
        1.9771411178213079,
        1.9728897473941382,
        1.9719488450123686,
        1.964364261513625,
        1.9576870409880598,
        1.9505679367901019,
        1.9490246912694325,
        1.9417408517884422,
        1.9399767600110935,
        1.93267335534431,
        1.9301716038264334,
        1.9261876176802573,
        1.918886576080088,
        1.9170130524190447,
        1.9136795657667367,
        1.905777557626389,
        1.9021156580764484,
        1.9003234145094903,
        1.8948444244880274,
        1.8975593555585082,
        1.8888247821975692,
        1.8903419483222401,
        1.8816036735632442,
        1.885074605141823,
        1.8744999857842781,
        1.8744059227076137,
        1.875338877793384,
        1.8660220828374454,
        1.8670484318756324,
        1.8626760716830588,
        1.8615380084451394,
        1.8569047437249173,
        1.851451906173498,
        1.851240710434151,
        1.848995560500316,
        1.8484580182688921,
        1.8425975780355954,
        1.8427417256376561,
        1.8396943101504315,
        1.83631912614914,
        1.8367610528047105,
        1.8334954277692992,
        1.8325591540059456,
        1.8293554434627375,
        1.823929978733536
    ],
    "val_accs": [
        0.1102,
        0.1207,
        0.1231,
        0.1197,
        0.1225,
        0.1305,
        0.1311,
        0.1425,
        0.1424,
        0.1484,
        0.1531,
        0.153,
        0.1585,
        0.1584,
        0.1597,
        0.1717,
        0.1776,
        0.1924,
        0.1923,
        0.1913,
        0.1996,
        0.1984,
        0.2081,
        0.2081,
        0.2223,
        0.2325,
        0.2222,
        0.244,
        0.2501,
        0.2404,
        0.2562,
        0.2566,
        0.2614,
        0.2713,
        0.2736,
        0.2802,
        0.2741,
        0.2702,
        0.287,
        0.2879,
        0.2893,
        0.2972,
        0.2936,
        0.3013,
        0.296,
        0.293,
        0.3001,
        0.3052,
        0.3025,
        0.3082,
        0.3146,
        0.3068,
        0.312,
        0.3135,
        0.3161,
        0.3151,
        0.3157,
        0.3124,
        0.3164,
        0.3159,
        0.3228,
        0.3238,
        0.3183,
        0.3198,
        0.3266,
        0.3257,
        0.3263,
        0.3316,
        0.3314,
        0.3338,
        0.3314,
        0.3372,
        0.3353,
        0.3374,
        0.333,
        0.3382,
        0.3431,
        0.3422,
        0.3391,
        0.3444,
        0.3424,
        0.3439,
        0.3473,
        0.3438,
        0.3468,
        0.3499,
        0.3498,
        0.3521,
        0.3542,
        0.3512,
        0.3492,
        0.3545,
        0.3537,
        0.355,
        0.3587,
        0.3543,
        0.3568,
        0.3565,
        0.3602,
        0.3625
    ],
    "hyperparameters": {
        "batch_size": 128,
        "learning_rate": 0.0005,
        "momentum": 0.9,
        "weight_decay": 0.0001,
        "optimizer": "sgd",
        "early_stopping": true,
        "patience": 10
    },
    "runtime_info": {
        "total_training_time": 210.93244433403015,
        "avg_epoch_time": 2.1093244433403013,
        "timestamp": "2025-04-16 15:41:33"
    }
}