{
    "model_name": "none",
    "features": [],
    "epochs": 100,
    "best_epoch": 99,
    "best_val_acc": 0.4079,
    "training_time": 209.67924904823303,
    "train_losses": [
        3.408419549488145,
        2.634224851780665,
        2.426455805611347,
        2.3383277682335395,
        2.2932744884643164,
        2.262638224742173,
        2.2348495739533623,
        2.213726723275652,
        2.1970889748461473,
        2.1757474275197195,
        2.1609551662873847,
        2.1465732634229946,
        2.1277457431733637,
        2.1125799948286454,
        2.102898345628823,
        2.095618047084723,
        2.0792335008658873,
        2.0704325469541027,
        2.0529991889403143,
        2.0437453469619653,
        2.0371966067076523,
        2.0287124323046437,
        2.0221516713562737,
        2.0183135353516124,
        2.0063749414320906,
        1.9945450667730917,
        1.9893508722056572,
        1.9796746111760732,
        1.9703522072953057,
        1.9668047615470896,
        1.9572882074557498,
        1.954956166167361,
        1.9513382001222457,
        1.9455401227447855,
        1.9410689505532963,
        1.9295542993675694,
        1.9263767821849682,
        1.9238465317800488,
        1.9197073361467194,
        1.9135822019432884,
        1.901792661313177,
        1.897203153472433,
        1.8979113466564619,
        1.8966735990702615,
        1.8874865622031034,
        1.8854945992275733,
        1.8839369825584122,
        1.8782284680586683,
        1.8714838316103548,
        1.8732160158833455,
        1.8644772021837597,
        1.8664508422634463,
        1.862958399949648,
        1.8517694573080896,
        1.8534603905794111,
        1.851338886392776,
        1.843692496279262,
        1.84426789916807,
        1.8408380197535876,
        1.8363506171687576,
        1.8332404419219976,
        1.8324283590223143,
        1.8305061823535211,
        1.824694839394218,
        1.822394915364153,
        1.8182240661326832,
        1.8185007820146468,
        1.8124600610144044,
        1.811624036099348,
        1.8096311775879481,
        1.8125394908174748,
        1.8017615394899207,
        1.8008758188119236,
        1.7974761376439403,
        1.795080547929474,
        1.7970493011700501,
        1.795549629956316,
        1.7929623975220508,
        1.7933270909515142,
        1.7884687835836182,
        1.786684235150176,
        1.7878641402649573,
        1.7777969215347365,
        1.77659495053092,
        1.7760922434277673,
        1.7742123753863328,
        1.7736460513113061,
        1.770421824097353,
        1.7674213600913475,
        1.7644069809920824,
        1.76660522003424,
        1.7580458554776222,
        1.7596724017630436,
        1.757920145225055,
        1.7593946261606892,
        1.7553381989525791,
        1.7517235392689277,
        1.7478127265866035,
        1.7496814317746878,
        1.746136130457275
    ],
    "val_losses": [
        2.2737800039011593,
        2.225874346128747,
        2.213490209229909,
        2.2045433482758128,
        2.1972690899976204,
        2.1889766010276692,
        2.174507624589283,
        2.1604370748087107,
        2.1466998934688095,
        2.1281204906609346,
        2.1101351293131807,
        2.093633439124754,
        2.0749843084440056,
        2.056680215842798,
        2.042772290811222,
        2.026107520386732,
        2.012084146696723,
        2.0023824043061436,
        1.9865629633811128,
        1.9740275069408562,
        1.9622539389872742,
        1.9560338052030248,
        1.9430706705953613,
        1.9364617477087296,
        1.927181786358063,
        1.9190905815942172,
        1.9106649754100185,
        1.9027542919389613,
        1.8950507861178005,
        1.8892585052980666,
        1.8808965135551323,
        1.8750721504618304,
        1.872212897261975,
        1.8642653992543143,
        1.8606497166045104,
        1.856345532683224,
        1.849848675298471,
        1.8467874941602775,
        1.8425432799400763,
        1.8355409748543599,
        1.8298502567218407,
        1.824023880208485,
        1.8201636040563212,
        1.8186134121432995,
        1.811771176203899,
        1.807207643517855,
        1.8052451776128564,
        1.8030362623196132,
        1.7973500774311462,
        1.7988148290287724,
        1.7924693760076629,
        1.7878545474638239,
        1.789452073682371,
        1.7833362188211712,
        1.7785775243420725,
        1.7785224492873997,
        1.7762222497396298,
        1.7699349596684777,
        1.7692564704104459,
        1.7661023437999177,
        1.762569514222067,
        1.7569556532151878,
        1.7601674140957966,
        1.7573503799101051,
        1.7490949067415136,
        1.7466949139763333,
        1.7460636371240674,
        1.743196319901719,
        1.7426483474400636,
        1.7403712734094998,
        1.7390689917073208,
        1.7414291059536005,
        1.735644426271085,
        1.7300240146559922,
        1.7298422581692816,
        1.730160138337699,
        1.727466051945556,
        1.7233116553946317,
        1.7225514305677043,
        1.7219894385784664,
        1.7189239055798353,
        1.7153171747642704,
        1.7174715563313734,
        1.7116400140799881,
        1.709593029660055,
        1.710276727303378,
        1.7074299435984897,
        1.7071052439581258,
        1.7053028096138765,
        1.7021104732212233,
        1.702467452902498,
        1.7001922050680176,
        1.6947484815634988,
        1.6942781608453776,
        1.6955199916726902,
        1.6923665844602553,
        1.694557659736613,
        1.6936991048016359,
        1.6878869364142581,
        1.6878777497220483
    ],
    "val_accs": [
        0.1604,
        0.1959,
        0.2181,
        0.2389,
        0.2539,
        0.2564,
        0.2692,
        0.2776,
        0.2813,
        0.2924,
        0.2941,
        0.3008,
        0.3072,
        0.3133,
        0.3176,
        0.3212,
        0.3263,
        0.322,
        0.3298,
        0.3309,
        0.3339,
        0.332,
        0.3383,
        0.3428,
        0.3435,
        0.344,
        0.3466,
        0.3464,
        0.3478,
        0.3523,
        0.3501,
        0.352,
        0.3517,
        0.3579,
        0.3547,
        0.3498,
        0.3583,
        0.3602,
        0.361,
        0.3642,
        0.3611,
        0.3658,
        0.3655,
        0.3691,
        0.3711,
        0.3755,
        0.3757,
        0.3715,
        0.3746,
        0.3727,
        0.3746,
        0.3772,
        0.3751,
        0.3761,
        0.3794,
        0.3809,
        0.3771,
        0.382,
        0.3817,
        0.381,
        0.3854,
        0.3884,
        0.3883,
        0.3865,
        0.3882,
        0.3904,
        0.3909,
        0.3887,
        0.3899,
        0.3923,
        0.3923,
        0.3895,
        0.3918,
        0.3942,
        0.3944,
        0.396,
        0.3896,
        0.3959,
        0.3965,
        0.3962,
        0.3992,
        0.4002,
        0.4001,
        0.3998,
        0.3983,
        0.4016,
        0.4031,
        0.4,
        0.4011,
        0.3994,
        0.4028,
        0.4069,
        0.4066,
        0.4073,
        0.4024,
        0.4066,
        0.4049,
        0.4021,
        0.4079,
        0.4053
    ],
    "hyperparameters": {
        "batch_size": 128,
        "learning_rate": 0.0005,
        "momentum": 0.9,
        "weight_decay": 0.0001,
        "optimizer": "sgd",
        "early_stopping": true,
        "patience": 10
    },
    "runtime_info": {
        "total_training_time": 209.67924904823303,
        "avg_epoch_time": 2.0967924904823305,
        "timestamp": "2025-04-16 15:10:56"
    }
}