{
    "model_name": "none",
    "features": [],
    "accuracy": 0.4115,
    "precision": 0.4293703546878656,
    "recall": 0.4115,
    "f1_score": 0.3992130484160213,
    "loss": 1.6707647276429307,
    "inference_time": 0.08766412734985352,
    "timestamp": "2025-04-16 15:10:56"
}