{
    "model_name": "standard",
    "features": [],
    "accuracy": 0.3937,
    "precision": 0.4118239745022689,
    "recall": 0.3937,
    "f1_score": 0.3801412060320786,
    "loss": 1.7227099592265793,
    "inference_time": 0.061453819274902344,
    "timestamp": "2025-04-16 14:39:08"
}