{
    "model_name": "standard",
    "features": [],
    "epochs": 82,
    "best_epoch": 72,
    "best_val_acc": 0.3953,
    "training_time": 130.3556079864502,
    "train_losses": [
        3.3921902622598714,
        2.6235509891257505,
        2.427745137291939,
        2.347180571052801,
        2.2977148672556194,
        2.2651429675745667,
        2.2415958908845335,
        2.2229550199588517,
        2.2057638555307535,
        2.190592317633436,
        2.1692183955312183,
        2.151945759474018,
        2.1444818743224237,
        2.1301950782055283,
        2.112532019281537,
        2.0981964465409932,
        2.0886782179258288,
        2.0761623853128706,
        2.0682476890317854,
        2.054341200767209,
        2.0462921344266656,
        2.03043281908416,
        2.0326966598977676,
        2.0186225714604085,
        2.010374697002038,
        2.003407132675733,
        1.9968090587770773,
        1.9839272783154787,
        1.976520061648517,
        1.9690623152618492,
        1.9650956119863296,
        1.9572256579077267,
        1.9533813086368121,
        1.9462581145221611,
        1.9371698166284572,
        1.9389007659812547,
        1.9330742069068392,
        1.9200810867470908,
        1.922629598454901,
        1.9170403016352326,
        1.905054275002024,
        1.9043596871000992,
        1.9008564613175867,
        1.8918581029409365,
        1.8942226507093398,
        1.8906902551389928,
        1.8841551276632147,
        1.8793184785867034,
        1.8718996792452265,
        1.870013706010375,
        1.8664494651729495,
        1.8679639040080322,
        1.8601794673149488,
        1.857000049616303,
        1.8535443742620086,
        1.8534366723420157,
        1.8490924182225599,
        1.8494412371182931,
        1.8432578034416538,
        1.8397712905235026,
        1.8344304081227325,
        1.835465492903179,
        1.8268712065590003,
        1.8291496812517085,
        1.8222519032229858,
        1.824809581983644,
        1.8234220415458746,
        1.8167580961892786,
        1.8122288943183373,
        1.8125658128248836,
        1.807728235344631,
        1.8051012398254975,
        1.8051895110582763,
        1.8041169810333493,
        1.8020750766534694,
        1.7994349955076878,
        1.7925607212948427,
        1.7928283688257707,
        1.7864965362709344,
        1.786636131090407,
        1.7927538549650877,
        1.782860546517818
    ],
    "val_losses": [
        2.2779493316631556,
        2.2299755076415058,
        2.218232528681869,
        2.2100584792602125,
        2.2006010949513044,
        2.190924036491321,
        2.178144248935019,
        2.1645983976336094,
        2.148827447371926,
        2.132690769739003,
        2.114660014709313,
        2.095359218323249,
        2.0787554748983044,
        2.0623787104473097,
        2.044108544010933,
        2.02756650136524,
        2.0128141407418862,
        1.9976068124066682,
        1.9848753123151568,
        1.9720550200260518,
        1.959844980771577,
        1.9501519125890503,
        1.9407369698126296,
        1.932490684259022,
        1.9238542938904961,
        1.9132431214183763,
        1.907798618870458,
        1.8965641198237535,
        1.8901668524833102,
        1.8821186043429188,
        1.8766898345301843,
        1.8695495428613853,
        1.8622541742329377,
        1.8589832208735058,
        1.8525864222566,
        1.8468414192376637,
        1.8451838799700755,
        1.835150571877788,
        1.8335852595846511,
        1.8285296691480013,
        1.8217556078851234,
        1.8200697317399317,
        1.8196507115811327,
        1.8115189120673185,
        1.8087250273970676,
        1.8042379209659325,
        1.8003981014071204,
        1.7958167227080186,
        1.7906623770930306,
        1.790851635041757,
        1.788721316733663,
        1.7853291908591917,
        1.7767351705506047,
        1.7775155355542895,
        1.7734028265503883,
        1.7732929825168928,
        1.7703582770053108,
        1.7682081054974714,
        1.7653340495408458,
        1.7601928721028879,
        1.7588156161358195,
        1.7556267945278567,
        1.7535675699326778,
        1.7502140671668676,
        1.7495547358571246,
        1.7476849581514042,
        1.7509939125117322,
        1.7460944635094227,
        1.741932784988366,
        1.7424420841154438,
        1.7377739532119878,
        1.7325687639107812,
        1.7308395934790497,
        1.7305508827324796,
        1.730922670430992,
        1.7278366544409258,
        1.7241362638159026,
        1.725712701715099,
        1.7238342485897276,
        1.7188587275662492,
        1.7215662989542477,
        1.7165948046192039
    ],
    "val_accs": [
        0.1511,
        0.1848,
        0.2135,
        0.2376,
        0.2573,
        0.2661,
        0.279,
        0.2852,
        0.2902,
        0.2989,
        0.303,
        0.3104,
        0.3156,
        0.3158,
        0.3282,
        0.3275,
        0.325,
        0.3302,
        0.3348,
        0.331,
        0.3417,
        0.3397,
        0.3452,
        0.3476,
        0.3443,
        0.3476,
        0.3477,
        0.3515,
        0.3505,
        0.3543,
        0.3527,
        0.3573,
        0.3587,
        0.3567,
        0.358,
        0.3645,
        0.3636,
        0.3648,
        0.3603,
        0.3625,
        0.3697,
        0.3677,
        0.3661,
        0.3754,
        0.3753,
        0.3723,
        0.3751,
        0.3752,
        0.3779,
        0.3714,
        0.3776,
        0.3773,
        0.382,
        0.3816,
        0.3833,
        0.3801,
        0.3815,
        0.3837,
        0.387,
        0.3874,
        0.386,
        0.3877,
        0.3873,
        0.3894,
        0.3878,
        0.3862,
        0.3831,
        0.3914,
        0.3897,
        0.389,
        0.3916,
        0.3953,
        0.3929,
        0.3899,
        0.3897,
        0.3919,
        0.3942,
        0.3912,
        0.3895,
        0.3927,
        0.3949,
        0.3942
    ],
    "hyperparameters": {
        "batch_size": 128,
        "learning_rate": 0.0005,
        "momentum": 0.9,
        "weight_decay": 0.0001,
        "optimizer": "sgd",
        "early_stopping": true,
        "patience": 10
    },
    "runtime_info": {
        "total_training_time": 130.3556079864502,
        "avg_epoch_time": 1.5897025364201243,
        "timestamp": "2025-04-16 14:39:08"
    }
}