{
    "model_name": "Adam_GELU_standard",
    "features": [
        "GELU",
        "Adam"
    ],
    "epochs": 93,
    "best_epoch": 83,
    "best_val_acc": 0.5666,
    "training_time": 229.73579287528992,
    "train_losses": [
        2.717195318759397,
        2.2710382695168327,
        2.125408364035568,
        1.999162174103897,
        1.9177894720931372,
        1.8531308346336774,
        1.8061984548456245,
        1.7711696589652621,
        1.7309190699568,
        1.6928331829472352,
        1.6654581179803873,
        1.6397539816894935,
        1.6160342710506932,
        1.5938032498757626,
        1.5649915642267784,
        1.5494751812336605,
        1.5309097002020766,
        1.5166658595179103,
        1.4948871046591792,
        1.4871357958585698,
        1.4655335177599176,
        1.451100459888232,
        1.440549501191491,
        1.4266428322675027,
        1.4178676847740148,
        1.4022288967176184,
        1.3930364128672927,
        1.3858180145026473,
        1.376130318855706,
        1.371786571335899,
        1.3584836590508325,
        1.3517602454192095,
        1.3387673428200095,
        1.3313601698163027,
        1.3282665581608983,
        1.317263285798715,
        1.3092571527154904,
        1.3048073572232093,
        1.2939930551159624,
        1.289574032464435,
        1.2873707482512546,
        1.2750745058677893,
        1.2840042050862805,
        1.2673876209659507,
        1.265357817904637,
        1.262003094168964,
        1.2557871944222516,
        1.253033684192735,
        1.241426362167386,
        1.2446761038402172,
        1.2414501065487753,
        1.2410792458249325,
        1.234616745405734,
        1.2289178557002494,
        1.2291549778636532,
        1.2244798549221019,
        1.2202539291689523,
        1.2146906963867792,
        1.216123543741465,
        1.2130932359551039,
        1.2045172845463146,
        1.2070920544639798,
        1.207717499309446,
        1.2000755051954333,
        1.1919446816883268,
        1.1963314800850837,
        1.196671666756566,
        1.1879244664029,
        1.1874277775091513,
        1.1843327979042777,
        1.1867615825999627,
        1.1825741148695388,
        1.1793218410374953,
        1.175673712758457,
        1.170288531396545,
        1.174173206690757,
        1.1674196863390356,
        1.1631781966653474,
        1.1766975250931766,
        1.1672401415737437,
        1.1635346317418516,
        1.163508818688633,
        1.1619637300357535,
        1.1606762872929897,
        1.1597237382710728,
        1.1583227830872287,
        1.155667792312079,
        1.1457311075233652,
        1.1492288407246745,
        1.149909056533367,
        1.1532705270861154,
        1.1431294121993634,
        1.1489674794640063
    ],
    "val_losses": [
        2.275905387283629,
        2.180082435405624,
        1.9771746736359543,
        1.8530720359951944,
        1.7846392342982784,
        1.7288644066787568,
        1.6830120467438918,
        1.6501487283938783,
        1.6185756712747925,
        1.5905915142918088,
        1.5634918160960185,
        1.5443706577726033,
        1.5180921436220811,
        1.5007924955994483,
        1.4796752198489673,
        1.463524812128641,
        1.449591505255791,
        1.4337740577603235,
        1.420409286934763,
        1.4094527293049297,
        1.3946969261288935,
        1.3882109924235708,
        1.3790252241125607,
        1.3702953956983617,
        1.3602784205117422,
        1.35061123639168,
        1.343616785030704,
        1.339162757766227,
        1.3301578136902508,
        1.326865998742705,
        1.317131987298665,
        1.312215292292267,
        1.3064291814268796,
        1.3026130993750227,
        1.2995544963858108,
        1.2921390542542817,
        1.2902226475060328,
        1.2852560348087205,
        1.2793788584578416,
        1.2757983216740354,
        1.2726891033708023,
        1.2690870504718916,
        1.2690982796336028,
        1.264540568454405,
        1.2633180627375038,
        1.263855488695964,
        1.2568374489921388,
        1.2563728307974484,
        1.2540659142429718,
        1.2551230027683768,
        1.2513009885293636,
        1.2515987905348072,
        1.2485467942325934,
        1.246282366614276,
        1.2481872934695937,
        1.2441643638915032,
        1.2435388195699284,
        1.2426247688957317,
        1.2429563449495162,
        1.2403500671518093,
        1.2375315567366059,
        1.2408529287821326,
        1.2384863551940808,
        1.236713218174206,
        1.2379761554537738,
        1.2362607101261658,
        1.2365512855291678,
        1.235965679224208,
        1.2366925374525464,
        1.2336021675085036,
        1.2330791962732173,
        1.2350834447833774,
        1.2317035362083284,
        1.2309924667835466,
        1.2309205393777638,
        1.2288355713229617,
        1.2274753716887743,
        1.2311100327627509,
        1.2294962141932053,
        1.2323757955404955,
        1.228285034012522,
        1.229628120064295,
        1.2285135313963471,
        1.2257886267518088,
        1.2267982284279457,
        1.2280878697260968,
        1.2279701567723824,
        1.2260378799686324,
        1.2254262489466201,
        1.227959352113844,
        1.227597643845687,
        1.2249843163588423,
        1.228228274421301
    ],
    "val_accs": [
        0.1368,
        0.2027,
        0.2882,
        0.3406,
        0.3631,
        0.3915,
        0.4115,
        0.4228,
        0.4294,
        0.4383,
        0.4486,
        0.4519,
        0.4597,
        0.4714,
        0.4747,
        0.4824,
        0.4893,
        0.4922,
        0.4974,
        0.5029,
        0.506,
        0.5095,
        0.51,
        0.5151,
        0.514,
        0.518,
        0.521,
        0.5246,
        0.5275,
        0.5275,
        0.5315,
        0.5306,
        0.5333,
        0.5331,
        0.5347,
        0.5379,
        0.5378,
        0.5411,
        0.5427,
        0.5481,
        0.5477,
        0.5504,
        0.5495,
        0.5527,
        0.5534,
        0.5526,
        0.5508,
        0.5504,
        0.553,
        0.5529,
        0.5543,
        0.5518,
        0.5526,
        0.5537,
        0.5533,
        0.5543,
        0.557,
        0.5594,
        0.5573,
        0.556,
        0.5601,
        0.5545,
        0.558,
        0.5572,
        0.559,
        0.5587,
        0.5605,
        0.557,
        0.5588,
        0.5627,
        0.5612,
        0.5621,
        0.5624,
        0.5596,
        0.5605,
        0.5617,
        0.5635,
        0.5607,
        0.5637,
        0.5619,
        0.5638,
        0.5634,
        0.5666,
        0.566,
        0.5652,
        0.5641,
        0.5639,
        0.5651,
        0.5624,
        0.5654,
        0.5611,
        0.5653,
        0.5641
    ],
    "hyperparameters": {
        "batch_size": 128,
        "learning_rate": 0.0005,
        "momentum": 0.9,
        "weight_decay": 0.0001,
        "optimizer": "adam",
        "early_stopping": true,
        "patience": 10
    },
    "runtime_info": {
        "total_training_time": 229.73579287528992,
        "avg_epoch_time": 2.470277342745053,
        "timestamp": "2025-04-13 06:30:58"
    }
}