{
    "model_name": "Adam_GELU_standard",
    "features": [
        "GELU",
        "Adam"
    ],
    "accuracy": 0.5204,
    "precision": 0.5210212818224959,
    "recall": 0.5204,
    "f1_score": 0.5195808753489514,
    "loss": 1.5101245999947517,
    "inference_time": 0.38962626457214355,
    "timestamp": "2025-04-13 13:15:16"
}