{
    "model_name": "Adam_GELU_standard",
    "features": [
        "GELU",
        "Adam"
    ],
    "epochs": 25,
    "best_epoch": 15,
    "best_val_acc": 0.5296,
    "training_time": 158.58430171012878,
    "train_losses": [
        1.985684520692214,
        1.5712593884683241,
        1.3991237385185673,
        1.2682674838234607,
        1.1639202389384453,
        1.0769818156531754,
        0.9968600511355151,
        0.9304914562426251,
        0.8692284126280336,
        0.8125707683950674,
        0.7658043200942739,
        0.7220241629179603,
        0.6797599430426661,
        0.6394039912190187,
        0.6054384989877564,
        0.5757797153600807,
        0.5399333761676773,
        0.5160324584983769,
        0.48936978978910095,
        0.4728888675032663,
        0.4509602790521646,
        0.4263165275563897,
        0.4083549898541259,
        0.39578427520614506,
        0.3803799132024859
    ],
    "val_losses": [
        1.666067673436656,
        1.543006374641884,
        1.4603092677273097,
        1.4139818440879905,
        1.3920090405987808,
        1.3904746093693077,
        1.3866223861650935,
        1.3877512161459475,
        1.4068980373552216,
        1.4150368776152449,
        1.4339280015724605,
        1.4602007926792917,
        1.4731184630622367,
        1.5035173383245204,
        1.531055195861145,
        1.5520828982274806,
        1.576562959608915,
        1.602923457012546,
        1.6195047881025002,
        1.653985121460804,
        1.6729379453881659,
        1.7061892779993935,
        1.7270864601085374,
        1.755215279311001,
        1.7746946057433464
    ],
    "val_accs": [
        0.4176,
        0.4602,
        0.4879,
        0.5047,
        0.5144,
        0.5154,
        0.5244,
        0.5267,
        0.5237,
        0.5251,
        0.527,
        0.5257,
        0.5263,
        0.5252,
        0.5296,
        0.5239,
        0.5244,
        0.5221,
        0.5229,
        0.5221,
        0.5198,
        0.5213,
        0.5211,
        0.5244,
        0.5209
    ],
    "hyperparameters": {
        "batch_size": 128,
        "learning_rate": 0.0005,
        "momentum": 0.9,
        "weight_decay": 0.0001,
        "optimizer": "adam",
        "early_stopping": true,
        "patience": 10
    },
    "runtime_info": {
        "total_training_time": 158.58430171012878,
        "avg_epoch_time": 6.343372068405151,
        "timestamp": "2025-04-13 13:15:15"
    }
}