{
    "model_name": "Adam_GELU_standard",
    "features": [
        "GELU",
        "Adam"
    ],
    "accuracy": 0.5714,
    "precision": 0.5740307970370633,
    "recall": 0.5714,
    "f1_score": 0.5687678549163753,
    "loss": 1.204355483752681,
    "inference_time": 0.3045797348022461,
    "timestamp": "2025-04-13 17:37:12"
}