{
    "model_name": "Adam_GELU_standard",
    "features": [
        "GELU",
        "Adam"
    ],
    "epochs": 66,
    "best_epoch": 56,
    "best_val_acc": 0.5742,
    "training_time": 327.4040598869324,
    "train_losses": [
        2.572329591028714,
        2.0707311969375586,
        1.9088343566043022,
        1.8126117720510806,
        1.746635518069311,
        1.695898245760428,
        1.6495298294965484,
        1.603219580699585,
        1.572813410735415,
        1.5420740460780595,
        1.5050406637293219,
        1.4795150393784795,
        1.4558689718059807,
        1.4310834081451136,
        1.4081231965514442,
        1.3900813891423567,
        1.3682092978808247,
        1.3470677882153927,
        1.3339999371360645,
        1.3181801082773497,
        1.2993559167465643,
        1.2853046801551185,
        1.271434623144718,
        1.2582157784157526,
        1.2431343494343876,
        1.2271316923524573,
        1.2177162588660668,
        1.204487123765969,
        1.1977077940391205,
        1.1849428291674586,
        1.1754757632693251,
        1.1768317115753915,
        1.1625095015212519,
        1.1493298224492137,
        1.1417996474150405,
        1.1364114533729246,
        1.130255379883976,
        1.119387527554051,
        1.1141475467836053,
        1.1029791666469695,
        1.0969470996042223,
        1.0907510719882447,
        1.0870429743397838,
        1.0729370559531501,
        1.065219607766794,
        1.0628248771435684,
        1.056816297125522,
        1.0522048388276046,
        1.0492594239068658,
        1.050242876073065,
        1.0416681353268091,
        1.0362784088152783,
        1.0275915544450787,
        1.0249295417299022,
        1.0185178196968099,
        1.0172708843719172,
        1.0098819311457732,
        1.0014671332781637,
        1.0104829546795746,
        0.9958838840983792,
        0.9935919662324144,
        0.9872242365125493,
        0.9862771820128301,
        0.9779796965770502,
        0.9811632465427327,
        0.9766104454338813
    ],
    "val_losses": [
        2.150126092087442,
        1.8843117428622091,
        1.7623995570468312,
        1.6949877921650638,
        1.6475702702154529,
        1.60674127901146,
        1.5678777377538937,
        1.5362276001919923,
        1.501365769738872,
        1.476923666090898,
        1.4492381778423848,
        1.4328398643465863,
        1.4169755076451416,
        1.3885585668712206,
        1.3771497592236415,
        1.3676495673215545,
        1.3595253277772505,
        1.3339980834510745,
        1.3267334135139595,
        1.320704846868297,
        1.31143651324277,
        1.3008812983007971,
        1.297970106281254,
        1.285897414068192,
        1.2837125165128134,
        1.2765655535143512,
        1.2718839788956091,
        1.2667102706771918,
        1.2577335473189597,
        1.2566398547699196,
        1.2511354773386567,
        1.2487874349306702,
        1.2450852703888313,
        1.2464861975268857,
        1.2375539225915952,
        1.2352653440863421,
        1.233347627483752,
        1.2354385327848807,
        1.2332078154414634,
        1.2287539165511705,
        1.2262748512420392,
        1.2264421305289774,
        1.2277156911160012,
        1.2242674120417505,
        1.2229283101911759,
        1.2186173069641235,
        1.2179943158185735,
        1.2176327565580607,
        1.216242186111662,
        1.2154672439456284,
        1.2171609625726825,
        1.2145199900526333,
        1.2165206645115347,
        1.213806660207932,
        1.2167307657742021,
        1.2145057510580217,
        1.218252824909509,
        1.213786833349233,
        1.2105310652983947,
        1.210868750285596,
        1.2143431078757343,
        1.2142521052071442,
        1.213349171885512,
        1.2141883290981084,
        1.2129782112507703,
        1.2120906048896738
    ],
    "val_accs": [
        0.2455,
        0.3502,
        0.3841,
        0.4123,
        0.4306,
        0.4407,
        0.4565,
        0.4629,
        0.4752,
        0.4835,
        0.4903,
        0.4975,
        0.5023,
        0.5101,
        0.5184,
        0.5162,
        0.5217,
        0.5297,
        0.5346,
        0.5342,
        0.5355,
        0.5392,
        0.5396,
        0.5447,
        0.5454,
        0.5517,
        0.5485,
        0.5539,
        0.5574,
        0.556,
        0.5568,
        0.5584,
        0.5567,
        0.5579,
        0.5598,
        0.563,
        0.5647,
        0.5606,
        0.5607,
        0.5618,
        0.5648,
        0.5658,
        0.5651,
        0.567,
        0.5657,
        0.5695,
        0.5704,
        0.5678,
        0.5681,
        0.5671,
        0.5681,
        0.5668,
        0.5669,
        0.5689,
        0.5679,
        0.5742,
        0.5687,
        0.574,
        0.5725,
        0.5712,
        0.5692,
        0.5718,
        0.5694,
        0.5686,
        0.5716,
        0.5721
    ],
    "hyperparameters": {
        "batch_size": 128,
        "learning_rate": 0.0005,
        "momentum": 0.9,
        "weight_decay": 0.0001,
        "optimizer": "adam",
        "early_stopping": true,
        "patience": 10
    },
    "runtime_info": {
        "total_training_time": 327.4040598869324,
        "avg_epoch_time": 4.96066757404443,
        "timestamp": "2025-04-13 17:37:12"
    }
}