{
    "model_name": "Adam_GELU_standard",
    "features": [
        "GELU",
        "Adam"
    ],
    "epochs": 103,
    "best_epoch": 93,
    "best_val_acc": 0.568,
    "training_time": 217.71676898002625,
    "train_losses": [
        2.921507901697846,
        2.3393887046221122,
        2.23877131176346,
        2.134361383778594,
        2.0429413050051095,
        1.9711369791069075,
        1.915697386924762,
        1.876491639312725,
        1.8325963518674349,
        1.7976647000980868,
        1.7715038418179456,
        1.7433474056314657,
        1.7237311503317134,
        1.6981345272573851,
        1.675863557294317,
        1.6595106812511857,
        1.6398600997504154,
        1.6162157649455093,
        1.6087900603966865,
        1.5854437674167063,
        1.5738301068007077,
        1.56011294697827,
        1.5472820684460036,
        1.5283467875846406,
        1.5155210502027257,
        1.507849401915062,
        1.4894512809105762,
        1.4813057614854785,
        1.4715971193001942,
        1.462468957373875,
        1.4485984610402602,
        1.4400103656382717,
        1.4295667351577899,
        1.4236228821801744,
        1.4086376957831415,
        1.4024974264490115,
        1.3900427835130904,
        1.390595649733674,
        1.3785582617201841,
        1.3682568835031186,
        1.3627273540484781,
        1.359914696001475,
        1.3578235472588047,
        1.3503927924018988,
        1.3407348219037922,
        1.3347216530353274,
        1.3334549235271984,
        1.3147717399340078,
        1.3224276494621314,
        1.3059063983978016,
        1.3081903899723972,
        1.3033468499115861,
        1.3037325064007446,
        1.2916109379435543,
        1.28922315014308,
        1.2879726135415877,
        1.2816638952372323,
        1.273222922640614,
        1.274297698911966,
        1.2733448836615355,
        1.2673370398459674,
        1.2547202903919652,
        1.2567072265630204,
        1.2529145716677135,
        1.2513840728975247,
        1.2522078381333162,
        1.2427175620933593,
        1.2464100322229001,
        1.2420013065903943,
        1.2377367594583966,
        1.2374638272859506,
        1.2344414670558541,
        1.222583869020055,
        1.224136591799869,
        1.2215333971010263,
        1.219919686188858,
        1.2128136230489404,
        1.2159293724576117,
        1.2132887537955994,
        1.2131301244674955,
        1.2146646207081029,
        1.1997480584247713,
        1.2049019764206241,
        1.1999172138389544,
        1.199394442224891,
        1.1948005824655505,
        1.191082045208356,
        1.1894528031945306,
        1.1885070838678156,
        1.1830189354617313,
        1.1858713431252281,
        1.1834698920943325,
        1.1830482436352912,
        1.1753855252159386,
        1.1801622911335656,
        1.1785281637158862,
        1.173214649962059,
        1.1779431527139603,
        1.17498324716139,
        1.1744443836121226,
        1.1713662234110325,
        1.1674718856107988,
        1.169256325998386
    ],
    "val_losses": [
        2.2722804151212213,
        2.251396262220139,
        2.139225150030235,
        1.997488682903106,
        1.9001932416114726,
        1.8375377432709472,
        1.7862288384987055,
        1.750763392616947,
        1.7148294165385733,
        1.6820334407792474,
        1.6589660468003524,
        1.6418723865516565,
        1.6183536254323279,
        1.5933393587419349,
        1.57603898550088,
        1.5590549137759289,
        1.5429453798898856,
        1.5237139265137998,
        1.5109805583880993,
        1.500396839590509,
        1.4857741673228628,
        1.4728651426767456,
        1.4599471680985037,
        1.4509945457845674,
        1.441891218943878,
        1.4336100803686722,
        1.421733302969692,
        1.4119747124145139,
        1.4079425415605336,
        1.397297676075743,
        1.3889493262924268,
        1.382363760397791,
        1.3723210555929275,
        1.3671587107477745,
        1.357378505835579,
        1.351976297717014,
        1.3476901533142065,
        1.3426473994792925,
        1.3376460263423025,
        1.3325069659374733,
        1.3269560744982676,
        1.321483323889364,
        1.3189108101687002,
        1.3132513118586617,
        1.3093593561045964,
        1.3049800049257778,
        1.2998666300140533,
        1.2982807489540333,
        1.2958853743157885,
        1.2892594387512677,
        1.2859162212336785,
        1.2838145241759393,
        1.2810869184547544,
        1.2773313213724622,
        1.2766208510998194,
        1.276287660904567,
        1.2717774039781904,
        1.2696026361862536,
        1.2673312946873245,
        1.2646981160186623,
        1.2621635985959163,
        1.2610875910035098,
        1.2598423441439963,
        1.2593318067948718,
        1.2563635802689663,
        1.2543116808507413,
        1.2535131499684402,
        1.2503943923720369,
        1.2486199659001125,
        1.2460150065892677,
        1.2470330596410921,
        1.2461379416545526,
        1.2418627415780752,
        1.24261955259356,
        1.2417210251860993,
        1.2398765591754957,
        1.2366216961508487,
        1.236868366168415,
        1.2361918986867027,
        1.2360777385766673,
        1.2358877050188162,
        1.2330652878546087,
        1.234603803484132,
        1.2329897703288821,
        1.2319766925816882,
        1.2314929212840986,
        1.2297382834010413,
        1.230931812613177,
        1.2283358212601485,
        1.2280927323593003,
        1.2285198595632392,
        1.2287365444660285,
        1.2257042918283316,
        1.2261033861744735,
        1.226926839793321,
        1.2270965864713337,
        1.225668050222568,
        1.2246804021533189,
        1.2245316766448762,
        1.2230563400241012,
        1.2225285634912848,
        1.2229783696261798,
        1.2225317281717634
    ],
    "val_accs": [
        0.1565,
        0.1713,
        0.2447,
        0.295,
        0.3275,
        0.3568,
        0.3724,
        0.3896,
        0.4016,
        0.4141,
        0.4212,
        0.4286,
        0.435,
        0.444,
        0.4457,
        0.4512,
        0.4576,
        0.4643,
        0.4655,
        0.47,
        0.4742,
        0.4769,
        0.4817,
        0.4842,
        0.4862,
        0.4922,
        0.4958,
        0.4971,
        0.4998,
        0.5015,
        0.5048,
        0.5078,
        0.5122,
        0.5126,
        0.5147,
        0.517,
        0.5174,
        0.5213,
        0.5225,
        0.5223,
        0.527,
        0.5307,
        0.531,
        0.533,
        0.5324,
        0.5363,
        0.5385,
        0.5388,
        0.5404,
        0.5415,
        0.5439,
        0.5454,
        0.5459,
        0.5475,
        0.5464,
        0.5487,
        0.55,
        0.5503,
        0.5518,
        0.554,
        0.5529,
        0.556,
        0.5541,
        0.5537,
        0.5536,
        0.5575,
        0.5554,
        0.5573,
        0.5591,
        0.5597,
        0.5556,
        0.557,
        0.5585,
        0.5588,
        0.5607,
        0.5604,
        0.562,
        0.5633,
        0.5643,
        0.5644,
        0.5631,
        0.5643,
        0.5623,
        0.5647,
        0.5652,
        0.5631,
        0.5642,
        0.5654,
        0.5663,
        0.5642,
        0.5634,
        0.5645,
        0.568,
        0.5617,
        0.5642,
        0.5644,
        0.5642,
        0.5655,
        0.5658,
        0.5654,
        0.5669,
        0.5668,
        0.5661
    ],
    "hyperparameters": {
        "batch_size": 256,
        "learning_rate": 0.0005,
        "momentum": 0.9,
        "weight_decay": 0.0001,
        "optimizer": "adam",
        "early_stopping": true,
        "patience": 10
    },
    "runtime_info": {
        "total_training_time": 217.71676898002625,
        "avg_epoch_time": 2.1137550386410315,