{
    "model_name": "Adam_BatchNorm_GELU_standard",
    "features": [
        "GELU",
        "Adam",
        "BatchNorm"
    ],
    "epochs": 11,
    "best_epoch": 1,
    "best_val_acc": 0.1372,
    "training_time": 27.208934783935547,
    "train_losses": [
        2.3002893319866873,
        1.9324482864726966,
        1.8527908068332255,
        1.9604308323752118,
        2.192507587684002,
        2.2837639465834143,
        2.276825065314477,
        2.2719079948348724,
        2.2719345354662184,
        2.2791233332043697,
        2.282711751688747
    ],
    "val_losses": [
        2.262144347362615,
        2.298662197331624,
        2.3122476871738087,
        2.3091740957889,
        2.309958119534872,
        2.311795886483376,
        2.3120934843322822,
        2.3122425369232706,
        2.313529317932915,
        2.313721807443845,
        2.3132737427489185
    ],
    "val_accs": [
        0.1372,
        0.1261,
        0.098,
        0.1041,
        0.1022,
        0.1014,
        0.1022,
        0.1022,
        0.1014,
        0.1022,
        0.1014
    ],
    "hyperparameters": {
        "batch_size": 128,
        "learning_rate": 0.001,
        "momentum": 0.9,
        "weight_decay": 0.0001,
        "optimizer": "adam",
        "early_stopping": true,
        "patience": 10
    },
    "runtime_info": {
        "total_training_time": 27.208934783935547,
        "avg_epoch_time": 2.4735395258123223,
        "timestamp": "2025-04-12 19:21:03"
    }
}