{
    "model_name": "Adam_GELU_standard",
    "features": [
        "GELU",
        "Adam"
    ],
    "accuracy": 0.5587,
    "precision": 0.559388780492604,
    "recall": 0.5587,
    "f1_score": 0.5560941700492459,
    "loss": 1.2226727968481088,
    "inference_time": 0.19321012496948242,
    "timestamp": "2025-04-13 14:29:25"
}