{
    "model_name": "Adam_GELU_standard",
    "features": [
        "GELU",
        "Adam"
    ],
    "accuracy": 0.5524,
    "precision": 0.5521735294245486,
    "recall": 0.5524,
    "f1_score": 0.5487127867057822,
    "loss": 1.2432162680426875,
    "inference_time": 0.1409149169921875,
    "timestamp": "2025-04-12 20:06:34"
}