{
    "model_name": "Adam_GELU_standard",
    "features": [
        "GELU",
        "Adam"
    ],
    "epochs": 62,
    "best_epoch": 52,
    "best_val_acc": 0.5638,
    "training_time": 145.4787242412567,
    "train_losses": [
        2.4782748881810237,
        2.0761212959761353,
        1.9053958980923031,
        1.8080554467685437,
        1.7412099135131693,
        1.6811674845285514,
        1.6377209149704064,
        1.5949718510492106,
        1.5622424728838964,
        1.5316901354348862,
        1.505101089926372,
        1.4725944445519437,
        1.4606696566389565,
        1.4407275874873666,
        1.4239002051642058,
        1.4101165352690006,
        1.3878618815924741,
        1.377558703376371,
        1.3682315075848983,
        1.3475461214748214,
        1.3409917354337992,
        1.3340632088129554,
        1.3245119127711265,
        1.3200153423080905,
        1.3077865009197298,
        1.294749671101209,
        1.2904036061476505,
        1.2799751079582709,
        1.283715952623766,
        1.2761583060081385,
        1.2634122431626569,
        1.2641774568250526,
        1.25645747516065,
        1.2496180881355998,
        1.2500966561834173,
        1.242237384372455,
        1.2401692568058436,
        1.23552638059418,
        1.232775273735091,
        1.2289765913814226,
        1.2271036028901408,
        1.21802725664929,
        1.218567540709104,
        1.2115439568346227,
        1.2124153571338503,
        1.2114544842356327,
        1.2014395221480505,
        1.201435742811134,
        1.2036828681032057,
        1.2042937982308142,
        1.2006956261761348,
        1.197658143693609,
        1.1921387470806857,
        1.1865459952985242,
        1.1897385613693818,
        1.1831276887233615,
        1.1923842837976557,
        1.1779834979003763,
        1.1814060897736824,
        1.175323914419491,
        1.1772409984730383,
        1.1819451759269974
    ],
    "val_losses": [
        2.1701093073395445,
        1.880484154024618,
        1.7458567623997947,
        1.680358464599451,
        1.60957156013981,
        1.5591353349054313,
        1.5227913022329513,
        1.4878230959560017,
        1.45735311601928,
        1.4336465622536794,
        1.413224255280523,
        1.392058525064747,
        1.3786923135613698,
        1.3592608944854052,
        1.3468834854062326,
        1.3412111860605067,
        1.329730526468085,
        1.3242943914777436,
        1.3187995235087102,
        1.3096880686114798,
        1.3029540477144865,
        1.2939505783424696,
        1.2885901995249536,
        1.2835366045701186,
        1.2808454579246922,
        1.2740510845851798,
        1.2761215488735,
        1.2745576941561811,
        1.2664340189538223,
        1.2670723002031516,
        1.2660020132059715,
        1.2617374524698315,
        1.2602917891933867,
        1.2622049934061,
        1.2576249684080933,
        1.2551822474299805,
        1.2554567030868053,
        1.253063465273013,
        1.2521649018854584,
        1.2501472576893142,
        1.2506813365344192,
        1.2524932160491324,
        1.2544124620659332,
        1.2560084196648065,
        1.2538364690973034,
        1.250064094936393,
        1.2497224712135202,
        1.251057437471963,
        1.251522129495217,
        1.2527473897331232,
        1.2479124856266852,
        1.2478034864269476,
        1.2494571774918128,
        1.2504951624759928,
        1.2473316985910285,
        1.2500822198997659,
        1.2478683057692825,
        1.245988393968177,
        1.2496903417727314,
        1.2495951338810165,
        1.250544206226072,
        1.2507844766216845
    ],
    "val_accs": [
        0.2156,
        0.324,
        0.3896,
        0.4118,
        0.4351,
        0.4489,
        0.4611,
        0.4762,
        0.4825,
        0.4913,
        0.4969,
        0.5057,
        0.5064,
        0.5172,
        0.5213,
        0.526,
        0.528,
        0.5283,
        0.5321,
        0.5346,
        0.5341,
        0.542,
        0.5464,
        0.543,
        0.5451,
        0.5472,
        0.5481,
        0.5451,
        0.5554,
        0.5525,
        0.55,
        0.5527,
        0.5547,
        0.5537,
        0.5567,
        0.5577,
        0.5556,
        0.5569,
        0.5577,
        0.5581,
        0.557,
        0.5596,
        0.5577,
        0.5568,
        0.559,
        0.5606,
        0.5582,
        0.5585,
        0.5583,
        0.5606,
        0.5617,
        0.5638,
        0.5618,
        0.5602,
        0.5577,
        0.5619,
        0.5608,
        0.5634,
        0.5617,
        0.5613,
        0.5583,
        0.5584
    ],
    "hyperparameters": {
        "batch_size": 128,
        "learning_rate": 0.001,
        "momentum": 0.9,
        "weight_decay": 0.0001,
        "optimizer": "adam",
        "early_stopping": true,
        "patience": 10
    },
    "runtime_info": {
        "total_training_time": 145.4787242412567,
        "avg_epoch_time": 2.3464310361493017,
        "timestamp": "2025-04-12 20:06:34"
    }
}