{
    "model_name": "Adam_GELU_standard",
    "features": [
        "GELU",
        "Adam"
    ],
    "accuracy": 0.5712,
    "precision": 0.5791307415177728,
    "recall": 0.5712,
    "f1_score": 0.5716421627816762,
    "loss": 1.2054824427428277,
    "inference_time": 0.28835201263427734,
    "timestamp": "2025-04-13 15:03:10"
}