{
    "model_name": "Adam_GELU_standard",
    "features": [
        "GELU",
        "Adam"
    ],
    "epochs": 99,
    "best_epoch": 89,
    "best_val_acc": 0.5877,
    "training_time": 481.5995991230011,
    "train_losses": [
        2.604771385214794,
        2.0898225487766533,
        1.9259378631966675,
        1.8281615459349143,
        1.7638895708644882,
        1.7066674423349224,
        1.6578793315669655,
        1.617952699706488,
        1.5813782808334986,
        1.5459020114664372,
        1.5157503541594861,
        1.4837399838826575,
        1.4627937464199117,
        1.4335315873718386,
        1.4123184969479026,
        1.389166672987488,
        1.3683071107880231,
        1.3491758653073456,
        1.3308524183402213,
        1.313734907991788,
        1.3028628498049875,
        1.2886960401489025,
        1.2767813266482382,
        1.2593170812002596,
        1.2483753285958137,
        1.2330426230653648,
        1.2262056553702303,
        1.2096160694878622,
        1.202545718774051,
        1.1887549646497193,
        1.1827186846543278,
        1.1701817860174535,
        1.162680330727676,
        1.1575748129234096,
        1.1490057954605832,
        1.1344705363376084,
        1.1231069005611112,
        1.1166012566789674,
        1.1101519663123312,
        1.108082152578602,
        1.1015909908226678,
        1.0912889491364992,
        1.085910279887884,
        1.081019923907564,
        1.0721929685719533,
        1.0680349762291326,
        1.059467691751289,
        1.0533319094083482,
        1.0497958323172596,
        1.0489528490354836,
        1.043686649541311,
        1.0303210150886464,
        1.0295707930355293,
        1.0251350080623143,
        1.01295862992518,
        1.0196251071121207,
        1.0124597486225526,
        1.008899733689763,
        0.9993532177627689,
        0.9961519563445534,
        0.9967386575150436,
        0.9919695218523666,
        0.985234294037366,
        0.9787691277081492,
        0.9803361741560552,
        0.9816295451234083,
        0.9749674732294702,
        0.9676106922175075,
        0.9667662180710043,
        0.9610785915591058,
        0.9588862507054475,
        0.9572240971514879,
        0.9554880873793614,
        0.9517174531358218,
        0.9455513840471551,
        0.9424982557802193,
        0.9408628599886258,
        0.9402944441326905,
        0.9339628294559462,
        0.9287654289547228,
        0.9205636073135857,
        0.9297740137425387,
        0.9259596909083615,
        0.9181778924160787,
        0.924245564851282,
        0.919600129291838,
        0.9097099774710774,
        0.9123661490851194,
        0.9098493395751709,
        0.9064949991637572,
        0.8995247729960165,
        0.902530356829956,
        0.89819113434091,
        0.9044500367547538,
        0.9000699574825938,
        0.894738701856275,
        0.8982466746242435,
        0.8922000624572869,
        0.894926783498117
    ],
    "val_losses": [
        2.143884108289533,
        1.899379450227067,
        1.7859868500250646,
        1.7157452628454724,
        1.667103563239211,
        1.6201464044933158,
        1.5761902397358099,
        1.5444476030783947,
        1.5056737143767456,
        1.4860716834819883,
        1.448038499052462,
        1.4259801656866953,
        1.4108933027251889,
        1.3952753129971336,
        1.375070104900999,
        1.357066966236742,
        1.3493990599680754,
        1.3405934040554022,
        1.3338594737405078,
        1.316357099223292,
        1.30944157691431,
        1.3052225396729888,
        1.298828778110841,
        1.2856169580007204,
        1.278664458540078,
        1.2722505971495117,
        1.2675126246306319,
        1.2628451593263914,
        1.2613464916116242,
        1.2563439773795992,
        1.2492866467158605,
        1.248819404660044,
        1.2492540599445983,
        1.241337714284505,
        1.2394084263634204,
        1.2358368251757117,
        1.2302477248861483,
        1.2262489700417496,
        1.2265975273845506,
        1.2273067539729903,
        1.2231391471797832,
        1.2191410260952662,
        1.2225749762254938,
        1.2156325070471854,
        1.2160052589316095,
        1.2137473278293116,
        1.2110619184029332,
        1.2104524103601364,
        1.2112440799513864,
        1.209107365379739,
        1.203725271674231,
        1.205096776812732,
        1.2049512985691144,
        1.2021208206313645,
        1.200744081953721,
        1.2019617282354143,
        1.2004591825384503,
        1.2017840102072792,
        1.2019148572589349,
        1.200491303559763,
        1.2043776326854065,
        1.202366693512668,
        1.200490088365641,
        1.1999432339580265,
        1.1999912657579321,
        1.1987778221196903,
        1.1969108821995151,
        1.1985773113257274,
        1.197810723746093,
        1.203115015128384,
        1.1985434203827647,
        1.2010430160415575,
        1.1981254114849471,
        1.1998645825039562,
        1.2047940879917278,
        1.202122768307409,
        1.1993852539540866,
        1.2016353025227307,
        1.199696915950087,
        1.201956136669968,
        1.2052056868244159,
        1.2026743011261443,
        1.203631091322782,
        1.2035611491306701,
        1.2039091855619468,
        1.2047704005747883,
        1.203606118017688,
        1.2037494563031286,
        1.2024693338217194,
        1.2056932193576273,
        1.207824968541723,
        1.2079765994720886,
        1.2089642180806275,
        1.210396200755027,
        1.206495706213206,
        1.205321439110888,
        1.2051814415145787,
        1.2071432959172888,
        1.2065772941567412
    ],
    "val_accs": [
        0.2448,
        0.3427,
        0.3807,
        0.4036,
        0.4204,
        0.4353,
        0.4502,
        0.4624,
        0.4733,
        0.4813,
        0.4929,
        0.4987,
        0.505,
        0.5083,
        0.516,
        0.5193,
        0.5243,
        0.5288,
        0.533,
        0.5346,
        0.5407,
        0.5432,
        0.5404,
        0.5467,
        0.5505,
        0.5506,
        0.5522,
        0.5563,
        0.5562,
        0.5567,
        0.5589,
        0.5596,
        0.5623,
        0.5637,
        0.5647,
        0.5634,
        0.5688,
        0.571,
        0.5687,
        0.5655,
        0.5659,
        0.5699,
        0.5674,
        0.5721,
        0.575,
        0.5737,
        0.572,
        0.5749,
        0.5749,
        0.5737,
        0.5773,
        0.5771,
        0.5777,
        0.5762,
        0.5806,
        0.5758,
        0.5789,
        0.5791,
        0.5762,
        0.5799,
        0.5785,
        0.5789,
        0.5793,
        0.5808,
        0.5772,
        0.5788,
        0.5807,
        0.5803,
        0.5806,
        0.5756,
        0.5823,
        0.581,
        0.5837,
        0.5825,
        0.5824,
        0.5832,
        0.5853,
        0.5806,
        0.5817,
        0.584,
        0.5817,
        0.583,
        0.5823,
        0.5835,
        0.5844,
        0.587,
        0.5871,
        0.5815,
        0.5877,
        0.5853,
        0.5856,
        0.5834,
        0.5814,
        0.5794,
        0.5831,
        0.5832,
        0.5841,
        0.5822,
        0.5832
    ],
    "hyperparameters": {
        "batch_size": 128,
        "learning_rate": 0.0005,
        "momentum": 0.9,
        "weight_decay": 0.0001,
        "optimizer": "adam",
        "early_stopping": true,
        "patience": 10
    },
    "runtime_info": {
        "total_training_time": 481.5995991230011,
        "avg_epoch_time": 4.86464241538385,
        "timestamp": "2025-04-16 14:07:53"
    }
}