{
    "model_name": "Adam_BatchNorm_GELU_standard",
    "features": [
        "GELU",
        "Adam",
        "BatchNorm"
    ],
    "accuracy": 0.1288,
    "precision": 0.16487725676317605,
    "recall": 0.1288,
    "f1_score": 0.11867306945594,
    "loss": 2.26710257255357,
    "inference_time": 0.16027116775512695,
    "timestamp": "2025-04-12 19:26:26"
}