{
    "model_name": "Adam_BatchNorm_GELU_standard",
    "features": [
        "GELU",
        "Adam",
        "BatchNorm"
    ],
    "epochs": 11,
    "best_epoch": 1,
    "best_val_acc": 0.1262,
    "training_time": 28.82662606239319,
    "train_losses": [
        2.2898391955490736,
        1.926874938663522,
        1.857253603157868,
        1.9588029175224084,
        2.200856720090323,
        2.2756523919288,
        2.2717560139233157,
        2.276508608763391,
        2.278599596554287,
        2.2815981431651267,
        2.2898158310803747
    ],
    "val_losses": [
        2.26701481376665,
        2.303689171586834,
        2.311747505267653,
        2.313950091956347,
        2.3123546280126646,
        2.313545326049025,
        2.313953898656892,
        2.31313412474112,
        2.3128128610913676,
        2.3127684408550966,
        2.312328219823958
    ],
    "val_accs": [
        0.1262,
        0.1125,
        0.107,
        0.1029,
        0.1025,
        0.1022,
        0.1022,
        0.1022,
        0.1014,
        0.1014,
        0.1014
    ],
    "hyperparameters": {
        "batch_size": 128,
        "learning_rate": 0.001,
        "momentum": 0.9,
        "weight_decay": 0.001,
        "optimizer": "adam",
        "early_stopping": true,
        "patience": 10
    },
    "runtime_info": {
        "total_training_time": 28.82662606239319,
        "avg_epoch_time": 2.6206023693084717,
        "timestamp": "2025-04-12 19:26:25"
    }
}