{
    "model_name": "Adam_GELU_standard",
    "features": [
        "GELU",
        "Adam"
    ],
    "accuracy": 0.5567,
    "precision": 0.5576040396420093,
    "recall": 0.5567,
    "f1_score": 0.5544540236329636,
    "loss": 1.2334090573955312,
    "inference_time": 0.14232182502746582,
    "timestamp": "2025-04-13 06:35:02"
}