{
    "model_name": "Adam_GELU_standard",
    "features": [
        "GELU",
        "Adam"
    ],
    "epochs": 109,
    "best_epoch": 99,
    "best_val_acc": 0.5674,
    "training_time": 242.32918500900269,
    "train_losses": [
        2.8683179839190247,
        2.327192376801267,
        2.227812673087556,
        2.1220500371649536,
        2.0294731498377883,
        1.9517564226134565,
        1.9015640932929057,
        1.855665785317108,
        1.8224769180541707,
        1.7900313094309366,
        1.75663533764717,
        1.7325020863850822,
        1.7067985729471902,
        1.6875264935722432,
        1.670480548053109,
        1.6520402060808868,
        1.6304226336646976,
        1.6081672550929367,
        1.5996246892349326,
        1.58262659140123,
        1.5668651074181696,
        1.5514151725260605,
        1.5394531944922212,
        1.5249564828567859,
        1.5137638780161409,
        1.4953218174701173,
        1.4868997837460645,
        1.4729045586950724,
        1.464912815576265,
        1.4559647791332215,
        1.4448195472363468,
        1.4316195864473436,
        1.4203482864294905,
        1.4186625577495444,
        1.4024722129085534,
        1.3947824115087801,
        1.3918604469153684,
        1.3843617046782402,
        1.3755802270852073,
        1.3665453331603439,
        1.368250954465833,
        1.3565310807528166,
        1.3482757331571016,
        1.339533923974713,
        1.3409143107621007,
        1.3315135018322732,
        1.3264741789600827,
        1.3175254841149142,
        1.3114261993329346,
        1.3029171756260456,
        1.3146372451084563,
        1.2973774474708148,
        1.300052953835834,
        1.2878142075728942,
        1.2878888018284962,
        1.283377240864044,
        1.2774238686261465,
        1.2687427424279194,
        1.2760109941599822,
        1.2638075544053364,
        1.2643150085464576,
        1.259393119807821,
        1.2587367675887042,
        1.253909744678598,
        1.2551598818372314,
        1.2481876350537147,
        1.2387616223166686,
        1.2355309340688772,
        1.233814801256709,
        1.2366318361136917,
        1.2311106077702862,
        1.2313640945395934,
        1.231035961415411,
        1.224321592374483,
        1.2251962166677781,
        1.2142869964657947,
        1.2122813178617489,
        1.2120757917723668,
        1.2116497135759743,
        1.210181240792332,
        1.2061123688819284,
        1.2078040446370781,
        1.2031577791886614,
        1.200660069889509,
        1.2067526516669478,
        1.1950135518697167,
        1.192543343013753,
        1.1922388803000248,
        1.192324910183057,
        1.1902351961901585,
        1.1877270826952608,
        1.181342251397266,
        1.1796697194412689,
        1.1846204976732562,
        1.1809356141877438,
        1.1806559643257535,
        1.1751959504428031,
        1.1777417944714672,
        1.1754387959619998,
        1.1751868009040898,
        1.1685750329112392,
        1.168314474391072,
        1.165731246095622,
        1.1694091975494958,
        1.165156581823396,
        1.1573135256738083,
        1.1579453118272802,
        1.1668013453814983,
        1.1545998689858712
    ],
    "val_losses": [
        2.2680742539953678,
        2.2435890735559822,
        2.134081568435239,
        1.9857409809801392,
        1.8843280984026856,
        1.8181865134397288,
        1.7722796055420167,
        1.7325489523812787,
        1.699443376570173,
        1.6715099624330942,
        1.6539514820940031,
        1.62320047098338,
        1.5989166318507047,
        1.5857394567581282,
        1.565981304681476,
        1.5515443033136915,
        1.5345069928949324,
        1.5154229027726085,
        1.5057088401962935,
        1.491492418611754,
        1.4787399224906532,
        1.4676615581520496,
        1.4550703445704278,
        1.4425732753091263,
        1.4373022158214848,
        1.4226438373463242,
        1.4150933546757585,
        1.4044980513785732,
        1.3970166417685597,
        1.390128257822584,
        1.3818295570633943,
        1.3763591596245397,
        1.365686302420821,
        1.3620862248142185,
        1.3535797265623004,
        1.3469784539171243,
        1.3440696241832097,
        1.336903901433784,
        1.3310529389212673,
        1.326005126935367,
        1.3203652028823567,
        1.3178361903777305,
        1.3132781373075029,
        1.308219601451818,
        1.3074046983434358,
        1.3032202338246797,
        1.2977084861869934,
        1.2938378251852152,
        1.2907387836278432,
        1.2872190701202821,
        1.287179071982613,
        1.2836779086305086,
        1.2813237842278347,
        1.277224850569757,
        1.2737031766254683,
        1.2725960071212288,
        1.2704348033352368,
        1.2691922172415904,
        1.267498703677489,
        1.2640005319617051,
        1.260627326531367,
        1.259141212244864,
        1.2566435516860306,
        1.2541841454810838,
        1.255143604942313,
        1.2525185269199515,
        1.2507895512093605,
        1.248846446378104,
        1.2469936968261441,
        1.247499310473843,
        1.2454006238903135,
        1.245817081336888,
        1.2442009348233651,
        1.2437699154223756,
        1.2399882680655805,
        1.2404347358746144,
        1.242066737721659,
        1.2389835864992182,
        1.2374463104900653,
        1.2392206889610915,
        1.237017878880022,
        1.2365645711490905,
        1.2381765869959656,
        1.237128026183494,
        1.236532683532137,
        1.2350709087794423,
        1.2359510439050252,
        1.2342643457619833,
        1.2331329999180805,
        1.2329464545629545,
        1.231570547482549,
        1.231529269321495,
        1.2330610600556782,
        1.2319244881320977,
        1.2334132646905687,
        1.2331997615787598,
        1.2313959373555496,
        1.230409707688179,
        1.2297901298318221,
        1.2275167397629032,
        1.2284111437036311,
        1.2285486943564419,
        1.228129287201556,
        1.2303028626695764,
        1.2285283044462938,
        1.2276946865548237,
        1.2255993046573206,
        1.2272235092326096,
        1.2271099990896213
    ],