{
    "model_name": "Adam_GELU_standard",
    "features": [
        "GELU",
        "Adam"
    ],
    "epochs": 91,
    "best_epoch": 81,
    "best_val_acc": 0.5671,
    "training_time": 225.26994681358337,
    "train_losses": [
        2.6015187764240846,
        2.174980053478683,
        1.9819896541513882,
        1.879067317662091,
        1.8056931191527725,
        1.7481884049420486,
        1.7019229022478055,
        1.660371628405049,
        1.6262751637478177,
        1.5905328468950215,
        1.5612863726601967,
        1.5345768172042031,
        1.5139205174258656,
        1.4920373672240115,
        1.4730533699567465,
        1.4523650297832171,
        1.4365062372554664,
        1.4271368761873826,
        1.4054053067709165,
        1.3979432800460732,
        1.3825797921810519,
        1.374054531089899,
        1.3590076673289502,
        1.3525400010144084,
        1.3400276169175245,
        1.3320263385113842,
        1.3250540118976257,
        1.3136466392648356,
        1.3125722591812412,
        1.2978519124003691,
        1.2966827883946654,
        1.291168621131372,
        1.2885284943702082,
        1.2793672206963005,
        1.2690388536779191,
        1.26198207893701,
        1.2581539832781887,
        1.2550455029494392,
        1.2525634197469162,
        1.247195860301931,
        1.239372481906587,
        1.2363123345264122,
        1.2365277943325057,
        1.2311591512017963,
        1.2290038465136908,
        1.225714859405908,
        1.2231153077143389,
        1.2180174233278647,
        1.2145973314580043,
        1.2102521243840958,
        1.2093126346503982,
        1.2055700077514515,
        1.1998857344402194,
        1.205176621018915,
        1.2042117014872287,
        1.196680214350366,
        1.1970291170379863,
        1.1918856391636552,
        1.1916070831348078,
        1.1867733672068586,
        1.1809658279646862,
        1.182191869309825,
        1.1820498234936152,
        1.1813133750525462,
        1.1742180086346607,
        1.1683111396170998,
        1.1744283157158368,
        1.1750176383784101,
        1.1744383260024587,
        1.170453009585812,
        1.1637023404225877,
        1.1640310753749052,
        1.1662739574862602,
        1.1622772695628145,
        1.1588760589263736,
        1.1629824377166713,
        1.1592837581480633,
        1.157962083707956,
        1.1539118859379032,
        1.1557541254004327,
        1.1518733861492694,
        1.1574036378102535,
        1.1539422074315395,
        1.1515479205459784,
        1.1484216714972346,
        1.1534441853650526,
        1.1490411486824907,
        1.1472615561945112,
        1.1418550034163926,
        1.144409406092807,
        1.1405535107448246
    ],
    "val_losses": [
        2.2355961989977278,
        1.9819613305487906,
        1.8074294097591006,
        1.728460336158294,
        1.6745848429331862,
        1.6232913437752747,
        1.5901568088484124,
        1.5452632987547932,
        1.5178359419054566,
        1.4893787930825402,
        1.4597339358087076,
        1.4430914753287487,
        1.4266369286380653,
        1.4067803957184128,
        1.3897512708354174,
        1.3804681223536848,
        1.3700939446218037,
        1.3573611352080082,
        1.3463683525351435,
        1.3368544096435155,
        1.3311396935056825,
        1.3191166374703212,
        1.313557111660372,
        1.3120013279762042,
        1.3019255184933947,
        1.2970863886335675,
        1.2915281205880058,
        1.2877267926061584,
        1.281743958638094,
        1.282486719113374,
        1.2744132049805617,
        1.2719900200694416,
        1.2683136795894694,
        1.265542309823349,
        1.2617143577217587,
        1.258269703818466,
        1.2544145981676422,
        1.2509877650252539,
        1.2491521486446737,
        1.2489371468355759,
        1.2489578398999066,
        1.2488262010304774,
        1.2485113705328088,
        1.246460928435787,
        1.2449621061169265,
        1.243124323248289,
        1.2399078456504808,
        1.2392443016805428,
        1.2433172496189007,
        1.2374657476003952,
        1.238937773041079,
        1.2374509335801769,
        1.2372091872719053,
        1.23570035511175,
        1.2358164194901018,
        1.2357149312055151,
        1.2361005055604,
        1.2346743842253587,
        1.2360640794486095,
        1.2337705114025859,
        1.237054711814145,
        1.2348156220598594,
        1.2329353434425487,
        1.2317222738656033,
        1.2313166854389033,
        1.2329796027326934,
        1.2319440046689496,
        1.23297273189297,
        1.2358880869404791,
        1.2331973696176641,
        1.2337560734915187,
        1.230596317879402,
        1.231745649019868,
        1.2339702180302217,
        1.2337318817971816,
        1.232243329853309,
        1.2339417700551585,
        1.2349446225536793,
        1.2327090743305473,
        1.2320592421098968,
        1.2300720113548498,
        1.234247065240804,
        1.2334854672571154,
        1.2328555048826177,
        1.23460308034142,
        1.2344599572484933,
        1.238066662396435,
        1.2313131573423546,
        1.2326955597599303,
        1.2318965711979262,
        1.2305991753398269
    ],
    "val_accs": [
        0.1793,
        0.3028,
        0.3639,
        0.3929,
        0.4089,
        0.4243,
        0.4371,
        0.4509,
        0.4662,
        0.471,
        0.4789,
        0.4888,
        0.4945,
        0.5026,
        0.5049,
        0.5097,
        0.513,
        0.5128,
        0.5174,
        0.5232,
        0.5253,
        0.527,
        0.531,
        0.534,
        0.533,
        0.5409,
        0.5383,
        0.5417,
        0.5441,
        0.5445,
        0.5478,
        0.5458,
        0.546,
        0.552,
        0.5518,
        0.5526,
        0.5555,
        0.5588,
        0.5611,
        0.561,
        0.5581,
        0.5597,
        0.5582,
        0.5626,
        0.5616,
        0.5603,
        0.562,
        0.5614,
        0.5615,
        0.5622,
        0.5641,
        0.5594,
        0.5617,
        0.5624,
        0.5618,
        0.5634,
        0.5612,
        0.5645,
        0.5622,
        0.5621,
        0.562,
        0.5654,
        0.5624,
        0.5646,
        0.5638,
        0.5647,
        0.5624,
        0.5613,
        0.5597,
        0.5625,
        0.5647,
        0.566,
        0.5656,
        0.5585,
        0.5628,
        0.5619,
        0.5623,
        0.5641,
        0.5641,
        0.5663,
        0.5671,
        0.564,
        0.5638,
        0.5631,
        0.5632,
        0.5627,
        0.5595,
        0.561,
        0.5633,
        0.5625,
        0.5657
    ],
    "hyperparameters": {
        "batch_size": 64,
        "learning_rate": 0.0005,
        "momentum": 0.9,
        "weight_decay": 0.0001,
        "optimizer": "adam",
        "early_stopping": true,
        "patience": 10
    },
    "runtime_info": {
        "total_training_time": 225.26994681358337,
        "avg_epoch_time": 2.475493921028389,
        "timestamp": "2025-04-13 11:01:43"
    }
}