{
    "model_name": "Adam_GELU_standard",
    "features": [
        "GELU",
        "Adam"
    ],
    "accuracy": 0.5646,
    "precision": 0.5647281461798735,
    "recall": 0.5646,
    "f1_score": 0.5622157795636296,
    "loss": 1.2149223709357961,
    "inference_time": 0.13675808906555176,
    "timestamp": "2025-04-13 11:01:43"
}