{
    "model_name": "Adam_GELU_standard",
    "features": [
        "GELU",
        "Adam"
    ],
    "epochs": 55,
    "best_epoch": 45,
    "best_val_acc": 0.5635,
    "training_time": 262.40201210975647,
    "train_losses": [
        2.5154722717869356,
        2.0423924577488357,
        1.872860948097449,
        1.7800891258664084,
        1.7132151981760706,
        1.6582932999380875,
        1.614955763294909,
        1.5740288159332616,
        1.5421887459798225,
        1.5120364464957927,
        1.4914054946040394,
        1.4630275362063687,
        1.4431227358577121,
        1.4252725913543969,
        1.4025582977199986,
        1.3901511223666452,
        1.3751727484234426,
        1.3599061037890432,
        1.3496301879898573,
        1.3413756950644522,
        1.333513280148957,
        1.322345226790008,
        1.3074612645386485,
        1.309194424339952,
        1.297577033950012,
        1.291780769349049,
        1.2839615617179791,
        1.2786326970077793,
        1.2697475181121007,
        1.2658828998710616,
        1.2632006968231067,
        1.258719179475554,
        1.2499208509235182,
        1.2485943320525628,
        1.2413460547551673,
        1.2384354119351435,
        1.237846317837229,
        1.231774696091385,
        1.2253847077607645,
        1.2245591848817898,
        1.2277006529871248,
        1.2149057952651496,
        1.2235193453883826,
        1.213714330388053,
        1.2088030623925947,
        1.2078290404105998,
        1.1985254554306954,
        1.2028628718378267,
        1.2050754800705294,
        1.1963032643465907,
        1.1978158381565363,
        1.2036064605038617,
        1.1926371024175912,
        1.192137023120878,
        1.1898085444379818
    ],
    "val_losses": [
        2.141458573720421,
        1.8326627253016987,
        1.7236364368985724,
        1.6447911556736667,
        1.5732157842763104,
        1.5413468717264078,
        1.5139135868049076,
        1.4720668377354071,
        1.451362820374709,
        1.4242448792768019,
        1.4060407028884843,
        1.3887170697922568,
        1.3738169367867892,
        1.3620788904380394,
        1.3481114370312626,
        1.3411670007190486,
        1.3303007597272059,
        1.3214093964084284,
        1.3113120585268678,
        1.3074785427435907,
        1.3018229449441514,
        1.299191770226802,
        1.2873538801063364,
        1.285657351125028,
        1.2821914636193021,
        1.2778292921752483,
        1.2713282840441862,
        1.2702542004631197,
        1.268519832587638,
        1.2664053057552613,
        1.261127603610943,
        1.264118847876259,
        1.2604459058275552,
        1.2582114215700193,
        1.257064241228239,
        1.2585633700367092,
        1.2576525289975398,
        1.2556119009838471,
        1.253803278445526,
        1.253760270913137,
        1.2512079285786155,
        1.2509842017433674,
        1.2518219807569957,
        1.2521460437552447,
        1.242678839816849,
        1.2488444827499066,
        1.247125411334185,
        1.243065739796092,
        1.2429103670214587,
        1.245478952613319,
        1.2468420361488441,
        1.2474146645046449,
        1.2442512578243807,
        1.2426087320451396,
        1.2433165917405782
    ],
    "val_accs": [
        0.2366,
        0.3585,
        0.4016,
        0.4245,
        0.4446,
        0.4592,
        0.4687,
        0.4763,
        0.4851,
        0.4897,
        0.4961,
        0.5127,
        0.5139,
        0.5167,
        0.5244,
        0.5322,
        0.5297,
        0.534,
        0.5351,
        0.5364,
        0.5379,
        0.5414,
        0.5493,
        0.5467,
        0.547,
        0.5498,
        0.5534,
        0.554,
        0.5509,
        0.5485,
        0.5536,
        0.5552,
        0.5558,
        0.559,
        0.5558,
        0.5553,
        0.5588,
        0.5569,
        0.5568,
        0.5578,
        0.5626,
        0.5605,
        0.5585,
        0.5588,
        0.5635,
        0.557,
        0.5587,
        0.5618,
        0.5614,
        0.5591,
        0.563,
        0.5615,
        0.5618,
        0.562,
        0.5614
    ],
    "hyperparameters": {
        "batch_size": 32,
        "learning_rate": 0.0005,
        "momentum": 0.9,
        "weight_decay": 0.0001,
        "optimizer": "adam",
        "early_stopping": true,
        "patience": 10
    },
    "runtime_info": {
        "total_training_time": 262.40201210975647,
        "avg_epoch_time": 4.770945674722845,
        "timestamp": "2025-04-13 17:00:45"
    }
}