{
    "model_name": "Adam_GELU_standard",
    "features": [
        "GELU",
        "Adam"
    ],
    "epochs": 103,
    "best_epoch": 93,
    "best_val_acc": 0.5719,
    "training_time": 259.8614237308502,
    "train_losses": [
        2.763057726885033,
        2.257565603895141,
        2.106978728945372,
        1.988212664879153,
        1.9130533288552973,
        1.8558474843159585,
        1.8087527549448879,
        1.7659632703348314,
        1.7316177755424516,
        1.7031249485792561,
        1.675733600623165,
        1.6475001675964287,
        1.622421742747725,
        1.5959334723926215,
        1.5697177182395987,
        1.5515317029091755,
        1.5347669841224787,
        1.5129906486542308,
        1.4994418250913382,
        1.481920528693369,
        1.4713001675535258,
        1.4562895288100466,
        1.4415846660073492,
        1.4349507360659908,
        1.419101781783203,
        1.3986902391180545,
        1.3970261904765013,
        1.3858981795903327,
        1.3730208572261227,
        1.3577170952052424,
        1.3544938923057637,
        1.3542264202319128,
        1.3391631535901571,
        1.330074627817317,
        1.3277542090908798,
        1.3185370682849686,
        1.3136863569514023,
        1.3106834471088216,
        1.300145736314373,
        1.2952597707090026,
        1.2945250951903537,
        1.2817862822067994,
        1.280012514271325,
        1.2744558466111746,
        1.2707321508293108,
        1.2658151722866025,
        1.25878941038047,
        1.2560846483319665,
        1.253300911282526,
        1.2528943470634164,
        1.24161640916664,
        1.2389412776698425,
        1.2400698613385106,
        1.2333077140404387,
        1.2265664928835784,
        1.2200639926879782,
        1.2198999014461829,
        1.2190083306031252,
        1.2148287276062093,
        1.2101438416898014,
        1.215650721516427,
        1.2088467646063823,
        1.2096688541187786,
        1.2050131351973157,
        1.2051354270832406,
        1.1970766861707822,
        1.198862623348621,
        1.1978281676511195,
        1.193003485060886,
        1.196004935172285,
        1.1918042779640092,
        1.1858073398643787,
        1.181003049887747,
        1.188125296442875,
        1.1792449624470185,
        1.180216350017107,
        1.1724952399663944,
        1.1734242137723547,
        1.1761296104349361,
        1.1709794639338102,
        1.1685332516507534,
        1.1701922615907832,
        1.1711284438213463,
        1.1737216792701055,
        1.174057155378588,
        1.163087021390938,
        1.1608747387236278,
        1.1607333432996727,
        1.1559174449761263,
        1.1491806580767296,
        1.151959923967919,
        1.1592018676546356,
        1.155263213580451,
        1.1514854637081062,
        1.1522889107386787,
        1.1517209050084076,
        1.147881585503451,
        1.1488187099864553,
        1.1459310578392177,
        1.1433531379901418,
        1.1407097819212262,
        1.1436420324335366,
        1.145016204927437
    ],
    "val_losses": [
        2.261067638460439,
        2.1396419132528885,
        1.9585177485543424,
        1.854319927978095,
        1.781536755675218,
        1.733830974579341,
        1.6947115833081188,
        1.6632704929285056,
        1.6304194193225157,
        1.5958502335628668,
        1.576423047630317,
        1.548477064835785,
        1.5309218311460646,
        1.5057721692139177,
        1.4861956811012351,
        1.4706533113678661,
        1.4536547972997935,
        1.4358477135057015,
        1.4234851688422028,
        1.4132456304936485,
        1.4022392368307641,
        1.3926063153188595,
        1.3809661400804805,
        1.3717449161134967,
        1.3632876011571764,
        1.3546604863847518,
        1.342975279194205,
        1.340418062799567,
        1.33181722089483,
        1.3235342981261273,
        1.3183778078310129,
        1.3149328493576868,
        1.3080254094909494,
        1.3017923829353846,
        1.296485672123767,
        1.2953391645926668,
        1.293370378862422,
        1.2914889153705416,
        1.2827233054820075,
        1.2809510900688377,
        1.27911951853607,
        1.2741037597552025,
        1.2718489999271472,
        1.2688672116717072,
        1.2668150158191838,
        1.2639031495150346,
        1.2595408243494295,
        1.2621408021911793,
        1.2551449691065955,
        1.2524355066308057,
        1.2490589821438352,
        1.249025599090232,
        1.2488088383894802,
        1.2444663746357272,
        1.2453953202283194,
        1.244360714597278,
        1.2434415222693291,
        1.2412344191825135,
        1.2407607684002742,
        1.2395111308845643,
        1.2389829297881056,
        1.2406579183076982,
        1.2387418481863945,
        1.2363991893140422,
        1.235234171789615,
        1.234542822318603,
        1.234244662604183,
        1.23366743325447,
        1.2327730209646373,
        1.2307175913584874,
        1.23211760207434,
        1.231015616270906,
        1.2306216759698578,
        1.2294582209220017,
        1.2278342041410646,
        1.2279254559937571,
        1.2283522559216495,
        1.2256152870878723,
        1.2271845922560902,
        1.2269865590339644,
        1.2278202312297835,
        1.2295094376575186,
        1.228542737281907,
        1.229653065930829,
        1.2268021980730976,
        1.2260825833333027,
        1.2256807273843944,
        1.2262114881293344,
        1.2267565669204201,
        1.2254040006102742,
        1.2252806365219018,
        1.2260739831262,
        1.2242022332107798,
        1.2254700320807337,
        1.2245675417871782,
        1.2249497332945778,
        1.227208353320523,
        1.2265062506848947,
        1.2245958366655372,
        1.2260168829841616,
        1.2259545397817644,
        1.2250233470218452,
        1.2269523215357618
    ],
    "val_accs": [
        0.1525,
        0.2212,
        0.3072,
        0.3448,
        0.3739,
        0.3914,
        0.4083,
        0.4139,
        0.4285,
        0.4389,
        0.4425,
        0.4497,
        0.4571,
        0.465,
        0.4745,
        0.4779,
        0.4853,
        0.4883,
        0.4934,
        0.498,
        0.5033,
        0.5046,
        0.5092,
        0.5131,
        0.5189,
        0.5193,
        0.5245,
        0.5296,
        0.5304,
        0.5332,
        0.5337,
        0.5338,
        0.5345,
        0.5396,
        0.5421,
        0.5407,
        0.5424,
        0.5434,
        0.5439,
        0.546,
        0.5499,
        0.55,
        0.5523,
        0.5492,
        0.5517,
        0.5506,
        0.5523,
        0.5516,
        0.5539,
        0.5566,
        0.5591,
        0.56,
        0.5577,
        0.5599,
        0.5561,
        0.5577,
        0.5579,
        0.5587,
        0.5602,
        0.56,
        0.5598,
        0.5597,
        0.5598,
        0.5603,
        0.5607,
        0.5603,
        0.5605,
        0.563,
        0.5634,
        0.5639,
        0.5637,
        0.5639,
        0.5648,
        0.5649,
        0.5647,
        0.5662,
        0.5627,
        0.566,
        0.567,
        0.5667,
        0.5659,
        0.5664,
        0.5661,
        0.5691,
        0.5701,
        0.569,
        0.5678,
        0.5693,
        0.5688,
        0.5703,
        0.5707,
        0.5712,
        0.5719,
        0.57,
        0.5695,
        0.5694,
        0.5688,
        0.5711,
        0.5708,
        0.5702,
        0.5677,
        0.5658,
        0.5689
    ],
    "hyperparameters": {
        "batch_size": 128,
        "learning_rate": 0.0005,
        "momentum": 0.9,
        "weight_decay": 0.0001,
        "optimizer": "adam",
        "early_stopping": true,
        "patience": 10
    },
    "runtime_info": {
        "total_training_time": 259.8614237308502,
        "avg_epoch_time": 2.5229264439888373,