{
    "model_name": "Adam_BatchNorm_GELU_standard",
    "features": [
        "GELU",
        "Adam",
        "BatchNorm"
    ],
    "epochs": 11,
    "best_epoch": 1,
    "best_val_acc": 0.1404,
    "training_time": 33.44937705993652,
    "train_losses": [
        2.165507061178088,
        1.8751229034970407,
        1.9462920645187898,
        2.219019790377501,
        2.3050447615213567,
        2.309251576629705,
        2.3068326492629496,
        2.306046998653824,
        2.305190800239331,
        2.3069617514545433,
        2.306288480865892
    ],
    "val_losses": [
        2.249772259502106,
        2.300515423991761,
        2.3074542066666166,
        2.3113197515129182,
        2.3077542641102387,
        2.3060700508762513,
        2.3056608888226657,
        2.3057128910439704,
        2.3056774589139697,
        2.3057071856176634,
        2.305624811789722
    ],
    "val_accs": [
        0.1404,
        0.1157,
        0.103,
        0.1022,
        0.1022,
        0.1022,
        0.0977,
        0.1025,
        0.1022,
        0.1022,
        0.1022
    ],
    "hyperparameters": {
        "batch_size": 64,
        "learning_rate": 0.001,
        "momentum": 0.9,
        "weight_decay": 0.0001,
        "optimizer": "adam",
        "early_stopping": true,
        "patience": 10
    },
    "runtime_info": {
        "total_training_time": 33.44937705993652,
        "avg_epoch_time": 3.0408524599942295,
        "timestamp": "2025-04-12 19:23:22"
    }
}