{
    "model_name": "Adam_BatchNorm_GELU_standard",
    "features": [
        "GELU",
        "Adam",
        "BatchNorm"
    ],
    "accuracy": 0.1393,
    "precision": 0.14994988449170346,
    "recall": 0.1393,
    "f1_score": 0.13283720737985813,
    "loss": 2.2498927278794794,
    "inference_time": 0.1486508846282959,
    "timestamp": "2025-04-12 19:23:22"
}