{
    "model_name": "Adam_BatchNorm_GELU_standard",
    "features": [
        "GELU",
        "Adam",
        "BatchNorm"
    ],
    "accuracy": 0.1273,
    "precision": 0.1336716268155078,
    "recall": 0.1273,
    "f1_score": 0.11585932827018691,
    "loss": 2.264595554297493,
    "inference_time": 0.14893388748168945,
    "timestamp": "2025-04-12 19:30:47"
}