{
    "model_name": "Adam_BatchNorm_GELU_standard",
    "features": [
        "GELU",
        "Adam",
        "BatchNorm"
    ],
    "epochs": 11,
    "best_epoch": 1,
    "best_val_acc": 0.123,
    "training_time": 28.9366352558136,
    "train_losses": [
        2.2790471707661677,
        1.9292161151272176,
        1.857934767674685,
        1.9321739281744936,
        2.194415535371909,
        2.2872257459155487,
        2.2651927041853455,
        2.276436987729116,
        2.27973398653533,
        2.2747695772302015,
        2.2803381233588826
    ],
    "val_losses": [
        2.2656686347060107,
        2.313394401152852,
        2.3115406450562714,
        2.314851193038596,
        2.31403356881975,
        2.314506103662308,
        2.3135976033145096,
        2.3142095846551265,
        2.3134410136075347,
        2.3132221595377347,
        2.3132714820141103
    ],
    "val_accs": [
        0.123,
        0.069,
        0.0675,
        0.0921,
        0.1014,
        0.1014,
        0.1014,
        0.1014,
        0.1014,
        0.1014,
        0.1014
    ],
    "hyperparameters": {
        "batch_size": 128,
        "learning_rate": 0.001,
        "momentum": 0.9,
        "weight_decay": 0.0001,
        "optimizer": "adam",
        "early_stopping": true,
        "patience": 10
    },
    "runtime_info": {
        "total_training_time": 28.9366352558136,
        "avg_epoch_time": 2.6306032050739634,
        "timestamp": "2025-04-12 19:30:47"
    }
}