{
    "model_name": "Adam_GELU_standard",
    "features": [
        "GELU",
        "Adam"
    ],
    "epochs": 50,
    "best_epoch": 40,
    "best_val_acc": 0.5774,
    "training_time": 453.05104780197144,
    "train_losses": [
        2.442184113649741,
        1.9718668779953636,
        1.8173523278255108,
        1.725121301959148,
        1.656514894916962,
        1.607364036120909,
        1.5624732821541003,
        1.5222700842946635,
        1.4818425901814656,
        1.4446640911179867,
        1.4155374213614869,
        1.3902136636614542,
        1.363267992148998,
        1.3491010271457464,
        1.3211196083274461,
        1.3069786393495268,
        1.2860027365185456,
        1.2687977083126785,
        1.2467590737792245,
        1.2403291851328475,
        1.2305341643069536,
        1.2072758324945037,
        1.2049003180852895,
        1.18502610892053,
        1.1741122235487158,
        1.1687657044712447,
        1.1536779164117732,
        1.1444691793464261,
        1.1313718018683159,
        1.126739577197247,
        1.1232558642308688,
        1.1018294265020758,
        1.1036085052055036,
        1.0960726245698227,
        1.0825099280936301,
        1.0767044004331066,
        1.0690637763599722,
        1.0648310882809644,
        1.0570600224953786,
        1.0547112305218256,
        1.0468123827900135,
        1.0401670794319857,
        1.0256866973422754,
        1.0279126224205644,
        1.0234906893930142,
        1.018692673975534,
        1.0088986437642564,
        1.0045750443766552,
        1.0051816074797046,
        0.997657900882118
    ],
    "val_losses": [
        2.02005419033041,
        1.7790355782893923,
        1.6892419840657031,
        1.6203879219724355,
        1.5670141535607363,
        1.5205411494459458,
        1.4830383518016392,
        1.4560034837148832,
        1.4212345182807056,
        1.3959864346311548,
        1.3730840087654,
        1.3585335552162954,
        1.3443655990004404,
        1.3375761383443436,
        1.3182837032348,
        1.3051720350729068,
        1.3062843607009837,
        1.2874326696808995,
        1.2834252790813723,
        1.2744388818349526,
        1.26710556594566,
        1.2576968106552715,
        1.2558554473871129,
        1.2494355641257036,
        1.2483445909162987,
        1.243886290207352,
        1.2375495523612858,
        1.2366148719662189,
        1.2384821687735934,
        1.2309077915958115,
        1.2269186716776688,
        1.2223298649407977,
        1.2209873908089786,
        1.219844002163145,
        1.2169202801264847,
        1.211631729915896,
        1.2110815291717385,
        1.2102937614023999,
        1.2096199691714271,
        1.2080856744497865,
        1.2129766692189465,
        1.2117538440066455,
        1.2091322452128832,
        1.2122299143770965,
        1.209680537270612,
        1.2111700984746638,
        1.2126745181570033,
        1.213663658715898,
        1.208414582005222,
        1.2129722034573056
    ],
    "val_accs": [
        0.2875,
        0.3844,
        0.4136,
        0.4391,
        0.4603,
        0.4713,
        0.4834,
        0.4954,
        0.5066,
        0.514,
        0.5205,
        0.5238,
        0.5293,
        0.5337,
        0.5385,
        0.537,
        0.5418,
        0.5489,
        0.5454,
        0.548,
        0.5522,
        0.5563,
        0.5558,
        0.5555,
        0.5614,
        0.5592,
        0.5621,
        0.5624,
        0.5611,
        0.5644,
        0.5663,
        0.569,
        0.5696,
        0.5688,
        0.5704,
        0.5708,
        0.5741,
        0.5757,
        0.572,
        0.5774,
        0.5728,
        0.5748,
        0.5766,
        0.573,
        0.5752,
        0.5758,
        0.5744,
        0.5768,
        0.5739,
        0.572
    ],
    "hyperparameters": {
        "batch_size": 64,
        "learning_rate": 0.0005,
        "momentum": 0.9,
        "weight_decay": 0.0001,
        "optimizer": "adam",
        "early_stopping": true,
        "patience": 10
    },
    "runtime_info": {
        "total_training_time": 453.05104780197144,
        "avg_epoch_time": 9.061020956039428,
        "timestamp": "2025-04-16 13:23:42"
    }
}