{
    "model_name": "Adam_GELU_standard",
    "features": [
        "GELU",
        "Adam"
    ],
    "accuracy": 0.5643,
    "precision": 0.5688107950347546,
    "recall": 0.5643,
    "f1_score": 0.5629657313582732,
    "loss": 1.2184425123844271,
    "inference_time": 0.3990359306335449,
    "timestamp": "2025-04-16 13:23:43"
}