{
    "model_name": "Adam_GELU_standard",
    "features": [
        "GELU",
        "Adam"
    ],
    "epochs": 48,
    "best_epoch": 38,
    "best_val_acc": 0.5767,
    "training_time": 519.7152147293091,
    "train_losses": [
        2.356031349011273,
        1.8828008792962447,
        1.7509456891140955,
        1.659728735718834,
        1.5937947298914787,
        1.5369340222360077,
        1.489123658602747,
        1.4484491279563425,
        1.4156445422364081,
        1.390004982198977,
        1.35972937401296,
        1.3343405274164388,
        1.3099454341622208,
        1.290034838803004,
        1.2696188589804203,
        1.2554586927406264,
        1.2391469147490597,
        1.2267081620341898,
        1.2103461050316833,
        1.1980868164110794,
        1.1815332112881713,
        1.1743601425871448,
        1.1546833448037128,
        1.1473376100732553,
        1.13535553817908,
        1.1268564384051756,
        1.117975300261843,
        1.0992544098899542,
        1.1114074896060884,
        1.0925974140008436,
        1.0852152255676921,
        1.0818907577480057,
        1.0706699249147553,
        1.0684828023798454,
        1.059402686732614,
        1.0500100237324468,
        1.0389486426279795,
        1.040649187897522,
        1.0373482602455195,
        1.0273447363452453,
        1.0220944450142533,
        1.0240980755598257,
        1.012269604781872,
        1.0140010865871172,
        1.0059229617389198,
        0.9996314091304858,
        0.9938935767433051,
        0.9957287602988706
    ],
    "val_losses": [
        1.9086659397862336,
        1.7079356616042514,
        1.6151296289634167,
        1.5571442942191678,
        1.5005896419861968,
        1.4590163336663156,
        1.4160198461384879,
        1.3965191273317399,
        1.368713787291546,
        1.3569825993569957,
        1.3407697992226968,
        1.3194436474754092,
        1.3058041270819876,
        1.2936278902373888,
        1.2940483833000482,
        1.2833254128646805,
        1.2771831994082226,
        1.2664283767487183,
        1.261876212886118,
        1.2566646331094526,
        1.251761745280105,
        1.240393311932658,
        1.2430760037521382,
        1.2370720424694825,
        1.239584386834377,
        1.2322562454363781,
        1.2328618009416177,
        1.228311106322033,
        1.2278272089487026,
        1.2232951816712727,
        1.22828397992388,
        1.2276761662350086,
        1.2243636453807902,
        1.2215354450876725,
        1.2219458367887195,
        1.2219525974187957,
        1.2203965756979278,
        1.218599124886594,
        1.221201884277385,
        1.2215820896610614,
        1.2148146348162001,
        1.216031515859818,
        1.2123641125660356,
        1.2220960473849398,
        1.2193037434324367,
        1.21488839065596,
        1.2192160248648323,
        1.216305710335499
    ],
    "val_accs": [
        0.3386,
        0.4111,
        0.4361,
        0.4562,
        0.4707,
        0.4848,
        0.5012,
        0.5107,
        0.5203,
        0.5263,
        0.5301,
        0.533,
        0.5417,
        0.5422,
        0.5429,
        0.5489,
        0.548,
        0.553,
        0.5528,
        0.5573,
        0.56,
        0.5625,
        0.5591,
        0.5599,
        0.5618,
        0.5622,
        0.5633,
        0.5685,
        0.5632,
        0.5685,
        0.5663,
        0.563,
        0.5667,
        0.5668,
        0.571,
        0.5704,
        0.5716,
        0.5767,
        0.5727,
        0.5671,
        0.5748,
        0.575,
        0.5695,
        0.5656,
        0.5719,
        0.568,
        0.5661,
        0.5676
    ],
    "hyperparameters": {
        "batch_size": 32,
        "learning_rate": 0.0005,
        "momentum": 0.9,
        "weight_decay": 0.0001,
        "optimizer": "adam",
        "early_stopping": true,
        "patience": 10
    },
    "runtime_info": {
        "total_training_time": 519.7152147293091,
        "avg_epoch_time": 10.827400306860605,
        "timestamp": "2025-04-13 13:47:14"
    }
}