{
    "model_name": "Adam_GELU_standard",
    "features": [
        "GELU",
        "Adam"
    ],
    "accuracy": 0.5525,
    "precision": 0.5523630560799753,
    "recall": 0.5525,
    "f1_score": 0.5496204679974409,
    "loss": 1.2444440828826075,
    "inference_time": 0.14138078689575195,
    "timestamp": "2025-04-12 20:25:05"
}