{
    "model_name": "Adam_GELU_standard",
    "features": [
        "GELU",
        "Adam"
    ],
    "epochs": 54,
    "best_epoch": 44,
    "best_val_acc": 0.5636,
    "training_time": 132.32467889785767,
    "train_losses": [
        2.5072309173989464,
        2.0768382704299633,
        1.911588964264246,
        1.8129175318049973,
        1.7374856270199104,
        1.684019487463059,
        1.642900530483984,
        1.5941242024478328,
        1.5591055393290316,
        1.5298771205137816,
        1.5005515337874518,
        1.4747788796723198,
        1.456737635523497,
        1.4319443042910442,
        1.4137587232698745,
        1.3984525854190173,
        1.380301706775408,
        1.37040598564225,
        1.3634720724746054,
        1.3505975984576162,
        1.3393398004874146,
        1.319784817662563,
        1.3187795021324176,
        1.2993004274732811,
        1.2985152671553626,
        1.2887277924982066,
        1.2857554075478792,
        1.2770635393258585,
        1.2737912864809977,
        1.2705135554600078,
        1.2629242764484823,
        1.2550275195011047,
        1.2530928228276466,
        1.2482128627956528,
        1.2408063690733995,
        1.2418684228393024,
        1.2352028297537974,
        1.23018676228059,
        1.2255055666571546,
        1.2241765000001257,
        1.225441510124237,
        1.2175020169816735,
        1.2100676368052916,
        1.2131818915867336,
        1.214523520761277,
        1.2080303113017155,
        1.2024685223475864,
        1.1997653427520572,
        1.19474125555056,
        1.1978599625234851,
        1.196264690838156,
        1.1950057621203085,
        1.1849541505094192,
        1.1896144153122177
    ],
    "val_losses": [
        2.1568389278937046,
        1.8818187218063656,
        1.7615573994860123,
        1.6754429776751498,
        1.6169177946981996,
        1.5634473256885517,
        1.5232780841581635,
        1.49058632938068,
        1.4643380674946849,
        1.4304550424363514,
        1.4146875218336037,
        1.3957611624412887,
        1.3757538482608622,
        1.3659206128266197,
        1.3468691385135252,
        1.3434015454182575,
        1.3285804956774814,
        1.3197061100458385,
        1.3156572891808611,
        1.3082150546862346,
        1.2993876168166,
        1.2926706311350842,
        1.291447571159605,
        1.2800285320885867,
        1.2753613037352511,
        1.271763659744716,
        1.2748925861928955,
        1.2697320675767112,
        1.2675384873148654,
        1.2671618504300584,
        1.2651923738530921,
        1.2609655164305411,
        1.2580744561506871,
        1.255345290276774,
        1.2553645204898025,
        1.2546740549879705,
        1.2548517704829558,
        1.2546217468612815,
        1.2528763996659489,
        1.2538447226770364,
        1.2532035809885607,
        1.2531220137930097,
        1.2480581340702888,
        1.2498853439090447,
        1.2486597305598526,
        1.2514788245659545,
        1.2473089929911914,
        1.245496259011002,
        1.2503493640190617,
        1.2548299728617958,
        1.247659305407476,
        1.2506007217576276,
        1.2544677736774346,
        1.2487027343246149
    ],
    "val_accs": [
        0.2261,
        0.3338,
        0.3855,
        0.4108,
        0.431,
        0.4509,
        0.4634,
        0.4734,
        0.4849,
        0.4905,
        0.4973,
        0.5064,
        0.512,
        0.5146,
        0.5244,
        0.5217,
        0.5255,
        0.5305,
        0.5296,
        0.5324,
        0.5387,
        0.5417,
        0.5395,
        0.5423,
        0.5471,
        0.5497,
        0.5466,
        0.5507,
        0.552,
        0.5533,
        0.5521,
        0.5579,
        0.5572,
        0.5586,
        0.5572,
        0.5575,
        0.56,
        0.56,
        0.5593,
        0.557,
        0.5574,
        0.5551,
        0.5612,
        0.5636,
        0.562,
        0.5592,
        0.5621,
        0.5612,
        0.5597,
        0.5581,
        0.5616,
        0.5609,
        0.5529,
        0.5586
    ],
    "hyperparameters": {
        "batch_size": 128,
        "learning_rate": 0.001,
        "momentum": 0.9,
        "weight_decay": 0.0001,
        "optimizer": "adam",
        "early_stopping": true,
        "patience": 10
    },
    "runtime_info": {
        "total_training_time": 132.32467889785767,
        "avg_epoch_time": 2.4504570166269937,
        "timestamp": "2025-04-12 20:25:04"
    }
}