{
    "model_name": "Adam_GELU_standard",
    "features": [
        "GELU",
        "Adam"
    ],
    "accuracy": 0.5653,
    "precision": 0.5748929152170189,
    "recall": 0.5653,
    "f1_score": 0.5656774595858326,
    "loss": 1.2111725620880003,
    "inference_time": 0.38784217834472656,
    "timestamp": "2025-04-16 10:16:44"
}