{
    "model_name": "Adam_GELU_standard",
    "features": [
        "GELU",
        "Adam"
    ],
    "epochs": 64,
    "best_epoch": 54,
    "best_val_acc": 0.5784,
    "training_time": 740.9259359836578,
    "train_losses": [
        2.3327677337007873,
        1.8882696688183453,
        1.7566203090836676,
        1.6572813635938721,
        1.5910770940944925,
        1.5412767157667344,
        1.4919009622456576,
        1.4421548866404712,
        1.4077868006069094,
        1.3793769734999823,
        1.351906648190967,
        1.3255592083868861,
        1.304982445432293,
        1.2870833391020746,
        1.264868418419107,
        1.2508215095295816,
        1.2299733594886384,
        1.2182850927686313,
        1.2034608978209194,
        1.1910241425387544,
        1.1747322556884758,
        1.160183036354,
        1.1503049511156733,
        1.1377434005169116,
        1.1306711503018778,
        1.1297693476991486,
        1.116831377775438,
        1.1019253312611097,
        1.0965549270582358,
        1.095224990832932,
        1.0863609812125448,
        1.076989856189463,
        1.069639562023428,
        1.062241771115141,
        1.0571365671726087,
        1.053088962365012,
        1.043544098724619,
        1.0375985747324086,
        1.0288051533285172,
        1.023301900441318,
        1.0179816106502084,
        1.021120846559614,
        1.0230546948905312,
        1.009621080823159,
        1.0029585327619235,
        0.9949448149470321,
        1.000603844406463,
        0.9905887782226165,
        0.9890517637352574,
        0.9797531042678421,
        0.980546681918234,
        0.9797447410046576,
        0.9735069966757015,
        0.9745474534393122,
        0.9655362844267111,
        0.9657500900138873,
        0.9599093288855696,
        0.9574830774462176,
        0.9464542819319381,
        0.9471800794772306,
        0.9506349619647032,
        0.9399624210511587,
        0.947895691954433,
        0.9432221968618255
    ],
    "val_losses": [
        1.905568814526479,
        1.7218686084149406,
        1.6249262299453813,
        1.5474674441458987,
        1.4957263805840644,
        1.4638141999578889,
        1.41093263589284,
        1.381901921605056,
        1.3591197301264113,
        1.3460477484416007,
        1.3247325904092122,
        1.3160886705990253,
        1.3107888700672756,
        1.2864591613934897,
        1.2759597991998792,
        1.275379241295541,
        1.2641252817881858,
        1.2589912593804247,
        1.256510922847322,
        1.246156527653287,
        1.2506465389389803,
        1.2336193415099181,
        1.2349077219351756,
        1.232435219062355,
        1.2344461584489188,
        1.2310514828010917,
        1.2294645050799393,
        1.2237390309097687,
        1.224757061223393,
        1.2218242726054551,
        1.2222838031125465,
        1.2225117697389674,
        1.225922164307164,
        1.2225746371593265,
        1.2202908889919917,
        1.2175096045956002,
        1.2236410702784255,
        1.218954673676729,
        1.219917569060601,
        1.2212170232629462,
        1.2227410453102534,
        1.2220360985596819,
        1.2211926459172104,
        1.2178082020116212,
        1.2187827575751518,
        1.2197270065355303,
        1.2275259642923235,
        1.216050885084118,
        1.2258526501160152,
        1.2208701646287665,
        1.2210423611630803,
        1.2175809786429959,
        1.2183218252165195,
        1.2150050674161983,
        1.2138018398398478,
        1.2198375605174034,
        1.2148872759221694,
        1.2221682767300777,
        1.222918259144041,
        1.2225127684382688,
        1.2227260607832764,
        1.2309749956010545,
        1.224517928884446,
        1.2226687130004403
    ],
    "val_accs": [
        0.335,
        0.4048,
        0.4382,
        0.4614,
        0.4797,
        0.4865,
        0.5074,
        0.5147,
        0.5256,
        0.5291,
        0.5325,
        0.5343,
        0.5432,
        0.5501,
        0.549,
        0.5516,
        0.5574,
        0.5604,
        0.5628,
        0.5629,
        0.56,
        0.5654,
        0.5641,
        0.5664,
        0.5686,
        0.569,
        0.567,
        0.5702,
        0.5694,
        0.5718,
        0.5724,
        0.5715,
        0.5725,
        0.5716,
        0.5753,
        0.5738,
        0.5717,
        0.5699,
        0.5705,
        0.5705,
        0.573,
        0.5694,
        0.5729,
        0.5764,
        0.5751,
        0.5741,
        0.5685,
        0.5758,
        0.5691,
        0.5696,
        0.5692,
        0.5723,
        0.5742,
        0.5784,
        0.5768,
        0.5765,
        0.5774,
        0.5724,
        0.5743,
        0.5748,
        0.5727,
        0.5721,
        0.572,
        0.5731
    ],
    "hyperparameters": {
        "batch_size": 32,
        "learning_rate": 0.0005,
        "momentum": 0.9,
        "weight_decay": 0.0001,
        "optimizer": "adam",
        "early_stopping": true,
        "patience": 10
    },
    "runtime_info": {
        "total_training_time": 740.9259359836578,
        "avg_epoch_time": 11.576967749744654,
        "timestamp": "2025-04-16 10:16:44"
    }
}