{
    "model_name": "Adam_GELU_standard",
    "features": [
        "GELU",
        "Adam"
    ],
    "accuracy": 0.5595,
    "precision": 0.5690221974638157,
    "recall": 0.5595,
    "f1_score": 0.5603705082860436,
    "loss": 1.2459966431789138,
    "inference_time": 0.3142819404602051,
    "timestamp": "2025-04-13 14:54:51"
}