{
    "model_name": "Adam_GELU_standard",
    "features": [
        "GELU",
        "Adam"
    ],
    "epochs": 86,
    "best_epoch": 76,
    "best_val_acc": 0.5722,
    "training_time": 515.9695286750793,
    "train_losses": [
        2.7482366678536536,
        2.292428315047123,
        2.1673657416576613,
        2.0441363506202044,
        1.9635631599336565,
        1.896920153516214,
        1.844666655210518,
        1.7999274104529297,
        1.756796393416269,
        1.7256340168398985,
        1.6919384187365636,
        1.6606562137969616,
        1.6306997648794164,
        1.6030093349018675,
        1.5801863172058503,
        1.5537742636938128,
        1.535640446742689,
        1.5149679555153093,
        1.491002020745288,
        1.4712424547741014,
        1.4623051371428626,
        1.436210051056691,
        1.4231059493730926,
        1.4157770963275085,
        1.390429659700372,
        1.3727403005201475,
        1.3660334067015583,
        1.353167456523803,
        1.3406289364247417,
        1.3241371802906607,
        1.3242861762334577,
        1.3047255838113383,
        1.2962527874497962,
        1.2781765943449914,
        1.2730184597878196,
        1.2604749126090802,
        1.2515052196095704,
        1.2451958064410582,
        1.2385217386412102,
        1.2279684264528459,
        1.2140135036955852,
        1.2078541775009617,
        1.1977534165894579,
        1.1947331897072095,
        1.1814358899649384,
        1.173630073666558,
        1.1749952822394298,
        1.1673249705042135,
        1.1588881067994623,
        1.1465262258919182,
        1.1471152727221234,
        1.1377962705221336,
        1.1318263815858605,
        1.1362043862068907,
        1.1210821172312557,
        1.1150590784049477,
        1.1115716718543054,
        1.1076308242150306,
        1.1031689126137758,
        1.098764556950252,
        1.087070638097167,
        1.0912937298412047,
        1.0783031054202095,
        1.080784590469786,
        1.0795205068723124,
        1.0780075898222594,
        1.0656796426002573,
        1.0571148478371648,
        1.056945180233164,
        1.05604731971655,
        1.0521307317575528,
        1.0508613263421274,
        1.037373190402368,
        1.0435057668196959,
        1.040239675067063,
        1.0300689126041207,
        1.0305470076875478,
        1.0193983952332173,
        1.0218323433968404,
        1.0235533959668774,
        1.0142663035195993,
        1.0096481996411275,
        1.003760091434164,
        1.0018862449849113,
        0.9938692929640213,
        1.0013757485955592
    ],
    "val_losses": [
        2.2621735984627294,
        2.1729489364186216,
        1.995284177499889,
        1.8847339439832183,
        1.8192051629846422,
        1.75974140574189,
        1.7124249122878952,
        1.6800333721737697,
        1.6327044597015452,
        1.608908383993758,
        1.57709018752396,
        1.5526600493368574,
        1.536283402197219,
        1.5164474332797555,
        1.4898325782620396,
        1.4768671078665934,
        1.4590945946552873,
        1.442403359016628,
        1.4302223683157003,
        1.4068071934932904,
        1.401386832900279,
        1.3838541713765786,
        1.3734128499689204,
        1.3625965127431936,
        1.3544945387097262,
        1.3398413123635555,
        1.338592753174124,
        1.3333387623051791,
        1.3255049676748736,
        1.3185243369778483,
        1.3141167806653198,
        1.3044682542111738,
        1.3001191304952044,
        1.2919878323941787,
        1.2908963628824552,
        1.2846860949555874,
        1.2826590376399178,
        1.2793299145845403,
        1.283689334762915,
        1.2721317400194858,
        1.2744401919037847,
        1.2661327799443909,
        1.2643085221269765,
        1.2605798119937157,
        1.2616270405228658,
        1.2639513124234327,
        1.262299770537069,
        1.2589915924859372,
        1.2597464451127327,
        1.2545150164402346,
        1.2560470767861671,
        1.2511895440440757,
        1.2498366841268596,
        1.2485530243467777,
        1.2531240588529566,
        1.2518368503862523,
        1.2479696851940785,
        1.2496571500883242,
        1.2509892602173847,
        1.2484619051728512,
        1.2533081610097385,
        1.2483688104386337,
        1.2453787415129014,
        1.2470132035493624,
        1.242797531481272,
        1.2448566390166653,
        1.2434676434876697,
        1.2497259807048635,
        1.2488129703218942,
        1.2435488170453808,
        1.2451101008365137,
        1.24645991018588,
        1.245792597743477,
        1.2447103224556468,
        1.241309511036744,
        1.245959576827908,
        1.2406635659348715,
        1.2487872629333907,
        1.2497671726766975,
        1.2469509123895424,
        1.247060495295247,
        1.2532663225076683,
        1.249399087125428,
        1.2466702783100125,
        1.2492951965175336,
        1.2521476696760803
    ],
    "val_accs": [
        0.1675,
        0.2136,
        0.2637,
        0.3078,
        0.3381,
        0.362,
        0.3816,
        0.4006,
        0.4177,
        0.4269,
        0.4462,
        0.4495,
        0.4579,
        0.4623,
        0.4704,
        0.4829,
        0.4857,
        0.4871,
        0.4951,
        0.5036,
        0.5041,
        0.5067,
        0.5158,
        0.5212,
        0.5208,
        0.5275,
        0.5301,
        0.5296,
        0.5367,
        0.5377,
        0.5398,
        0.5392,
        0.5424,
        0.5411,
        0.5421,
        0.5465,
        0.5471,
        0.5493,
        0.5475,
        0.5488,
        0.5513,
        0.5555,
        0.5572,
        0.5592,
        0.5526,
        0.5545,
        0.5575,
        0.5599,
        0.558,
        0.5574,
        0.5595,
        0.5583,
        0.5598,
        0.562,
        0.5599,
        0.5602,
        0.5638,
        0.5618,
        0.5615,
        0.5666,
        0.5679,
        0.5677,
        0.5664,
        0.5637,
        0.5665,
        0.5663,
        0.5655,
        0.5697,
        0.5687,
        0.5666,
        0.5677,
        0.5686,
        0.5698,
        0.565,
        0.5714,
        0.5722,
        0.5711,
        0.5679,
        0.5696,
        0.5708,
        0.5717,
        0.5698,
        0.5713,
        0.5705,
        0.5712,
        0.5693
    ],
    "hyperparameters": {
        "batch_size": 128,
        "learning_rate": 0.0005,
        "momentum": 0.9,
        "weight_decay": 0.0001,
        "optimizer": "adam",
        "early_stopping": true,
        "patience": 10
    },
    "runtime_info": {
        "total_training_time": 515.9695286750793,
        "avg_epoch_time": 5.999645682268365,
        "timestamp": "2025-04-13 14:54:51"
    }
}