{
    "model_name": "Adam_GELU_standard",
    "features": [
        "GELU",
        "Adam"
    ],
    "epochs": 86,
    "best_epoch": 76,
    "best_val_acc": 0.5641,
    "training_time": 208.21720790863037,
    "train_losses": [
        2.7752949753795044,
        2.2739861883194123,
        2.1279653901783098,
        1.9974456137978336,
        1.914303048570776,
        1.861341950592994,
        1.8041307962478839,
        1.768161800749167,
        1.7351781595517393,
        1.7059727064283183,
        1.6734431904688378,
        1.6440231260485494,
        1.618542964123809,
        1.6004415103025305,
        1.5746373344733375,
        1.553953621904553,
        1.52608713907682,
        1.5103766877073836,
        1.501252294699179,
        1.4819811576934627,
        1.4616627870408305,
        1.456244915954904,
        1.4412471075936917,
        1.423383848979606,
        1.4128789365606025,
        1.399321847457009,
        1.3899482299362995,
        1.3808730514405985,
        1.3705444522629189,
        1.3585359477400276,
        1.3544238868978593,
        1.3431268352233428,
        1.34864271393933,
        1.3308768349143953,
        1.3230865195852128,
        1.313002681074788,
        1.3069761906693815,
        1.305073161284415,
        1.3004215684050822,
        1.2920002445146932,
        1.2824548392115471,
        1.2809705944354934,
        1.2797801204733674,
        1.273948602381585,
        1.2646011112218596,
        1.261057084121618,
        1.2574771270128544,
        1.2477653122961805,
        1.2503554643982164,
        1.2431125717075533,
        1.2372149818513642,
        1.2409894036801863,
        1.238387846852838,
        1.2323769438408059,
        1.2324499248722625,
        1.2285659759927272,
        1.220090145527634,
        1.220509947179963,
        1.2143408085747112,
        1.2049150877815842,
        1.213801774579264,
        1.2059653822856988,
        1.2078384382456009,
        1.1983257965155314,
        1.1956660704915523,
        1.194871394039091,
        1.1972166158211244,
        1.1859514463632599,
        1.1850103774892093,
        1.1888856220070385,
        1.1907736706695708,
        1.1849208759691825,
        1.180284591803846,
        1.1774356157264934,
        1.1741800958588093,
        1.1706661639938238,
        1.1733524325007758,
        1.1690520298074678,
        1.1724352398498323,
        1.1728006903009565,
        1.168571615465246,
        1.1681777916963103,
        1.1608571578474198,
        1.164058524270531,
        1.1677246199472184,
        1.1637433165889717
    ],
    "val_losses": [
        2.2580698490724096,
        2.1725623500141737,
        1.9648908011563293,
        1.8450383245044935,
        1.775643104876924,
        1.7260460441703334,
        1.6834275558817318,
        1.6489884543521187,
        1.6201024446441517,
        1.5976071994581231,
        1.567720472167334,
        1.54299293211908,
        1.517281866698979,
        1.4982571204306343,
        1.4787627264616028,
        1.4648874163847911,
        1.4443476097147296,
        1.427814732578505,
        1.4182012377182918,
        1.4028991088266582,
        1.3948419514570511,
        1.3781101101256716,
        1.3675043919149719,
        1.361101304456924,
        1.3501278840397946,
        1.3462873515638671,
        1.3353198594797813,
        1.3282428019985146,
        1.3238516484395362,
        1.3172734718490373,
        1.3131039492742334,
        1.3073712987035078,
        1.304459446773784,
        1.2986700074270003,
        1.2941270077687987,
        1.28656574354913,
        1.2832890568328164,
        1.2816120100990476,
        1.2779338289584823,
        1.2728744683279611,
        1.2673706066281967,
        1.264282165275671,
        1.262128421370115,
        1.2604649045829313,
        1.2579163636421502,
        1.255374859785141,
        1.253071664133755,
        1.2528172624430074,
        1.2503520205152054,
        1.2484526648816303,
        1.2465458802164715,
        1.2477287427134092,
        1.2474379813590235,
        1.2442003756938702,
        1.2435210901603666,
        1.2412108124923915,
        1.2394196466080083,
        1.239899495256057,
        1.2371163733595258,
        1.235564387478408,
        1.2365582034411988,
        1.2352510743293603,
        1.2361756090495848,
        1.235068275516952,
        1.235034254904832,
        1.233189600680615,
        1.233470191658929,
        1.2333492127519963,
        1.2338740770795127,
        1.2320328945372017,
        1.232245112584942,
        1.2329037304701838,
        1.232833901559073,
        1.2330012075996102,
        1.2332726422065294,
        1.2306295328105192,
        1.2323351232207682,
        1.2342905897511005,
        1.2330124392207442,
        1.2338325713777238,
        1.2356254452499222,
        1.2331010429110494,
        1.2321609600641488,
        1.2319171844532852,
        1.2304868133972309,
        1.2284355558452087
    ],
    "val_accs": [
        0.1644,
        0.2221,
        0.3029,
        0.3522,
        0.3785,
        0.396,
        0.4098,
        0.4266,
        0.4332,
        0.4425,
        0.4497,
        0.461,
        0.4659,
        0.4735,
        0.4782,
        0.4809,
        0.4844,
        0.494,
        0.4966,
        0.5009,
        0.5009,
        0.5098,
        0.5143,
        0.515,
        0.5189,
        0.5214,
        0.5252,
        0.53,
        0.5276,
        0.533,
        0.5311,
        0.5357,
        0.5341,
        0.5347,
        0.539,
        0.5425,
        0.5445,
        0.5447,
        0.545,
        0.5482,
        0.5466,
        0.5493,
        0.5477,
        0.5507,
        0.5485,
        0.5513,
        0.5512,
        0.5515,
        0.5555,
        0.5521,
        0.5519,
        0.5519,
        0.5557,
        0.5546,
        0.5526,
        0.5541,
        0.5561,
        0.5555,
        0.5572,
        0.5567,
        0.5565,
        0.5543,
        0.5582,
        0.5588,
        0.5574,
        0.5596,
        0.5618,
        0.5579,
        0.559,
        0.5613,
        0.561,
        0.5596,
        0.5591,
        0.5619,
        0.5598,
        0.5641,
        0.5631,
        0.5587,
        0.5625,
        0.5627,
        0.5608,
        0.5622,
        0.5594,
        0.5599,
        0.5626,
        0.5612
    ],
    "hyperparameters": {
        "batch_size": 128,
        "learning_rate": 0.0005,
        "momentum": 0.9,
        "weight_decay": 0.0,
        "optimizer": "adam",
        "early_stopping": true,
        "patience": 10
    },
    "runtime_info": {
        "total_training_time": 208.21720790863037,
        "avg_epoch_time": 2.4211303245189577,
        "timestamp": "2025-04-13 06:38:32"
    }
}