{
    "model_name": "lr0.0001_drop0.3_wd0.001_h256_128_64",
    "features": [
        "GELU",
        "Adam"
    ],
    "epochs": 100,
    "best_epoch": 100,
    "best_val_acc": 0.5256,
    "training_time": 340.39325618743896,
    "train_losses": [
        2.9631213622665173,
        2.464953073568387,
        2.360532779404759,
        2.3074396595076023,
        2.2733617109349713,
        2.2364931605393568,
        2.1897347541489034,
        2.1382158028531317,
        2.0865330277110767,
        2.0401166823355723,
        1.9968050460416134,
        1.9616885329855096,
        1.9356349670086217,
        1.9066921456635226,
        1.882525072010963,
        1.8524192181943933,
        1.8339182050922846,
        1.818192546019085,
        1.800432820901534,
        1.7851541909509014,
        1.7710018572565287,
        1.7551176631769918,
        1.7441275155268503,
        1.7270907300247387,
        1.7169446611544625,
        1.7028042377628163,
        1.6891066230291374,
        1.6802030989379106,
        1.6691533633303846,
        1.66141128825506,
        1.6475402838616533,
        1.642700323992279,
        1.6266415195233106,
        1.620227150756133,
        1.615106093803555,
        1.6023814066001714,
        1.5958905177359208,
        1.5830878211773114,
        1.5758371943387857,
        1.5713986834575737,
        1.560752741475557,
        1.5481369697404779,
        1.5469097158017244,
        1.5390479748733703,
        1.5308247921258586,
        1.5171682255347447,
        1.5143431973856472,
        1.5157819474884981,
        1.5032268326986165,
        1.50082541000665,
        1.4953863889864512,
        1.492132335990464,
        1.4818825977054155,
        1.4741080627115293,
        1.4634001060664519,
        1.4638165596909667,
        1.4524862728658088,
        1.463036041826186,
        1.452777398216064,
        1.438914705312661,
        1.43771107765156,
        1.4312632928641418,
        1.4326649503331639,
        1.420330262387546,
        1.4169594716931446,
        1.4125415568812714,
        1.4108507793309633,
        1.4026426553947309,
        1.399029472393876,
        1.389365426329948,
        1.3847264980973444,
        1.384222252667474,
        1.3752299659534244,
        1.375839704391848,
        1.3719312484757995,
        1.3666774825517614,
        1.3564585283396244,
        1.3530279950193091,
        1.354354301237373,
        1.3516416926676276,
        1.3404732626595655,
        1.3427622486279394,
        1.3385893485885512,
        1.3359824365576227,
        1.3272831370450986,
        1.325955407929961,
        1.3164218669097494,
        1.3139939983382514,
        1.3140231291977436,
        1.3106499619629646,
        1.3089378044748157,
        1.305297177531651,
        1.3000959492371216,
        1.2971111716849064,
        1.298693532450843,
        1.2861620198461239,
        1.2890696369110246,
        1.2821416177272775,
        1.2848225626296244,
        1.2739351094930516
    ],
    "val_losses": [
        2.3209155256983345,
        2.2757104537333297,
        2.2586343548837293,
        2.239220499464859,
        2.210744959812889,
        2.1650100784170605,
        2.102446152088202,
        2.0318192444538106,
        1.9725016038852492,
        1.9236636764825474,
        1.8859037365014395,
        1.8520884606103576,
        1.825326955601389,
        1.8003840957859152,
        1.77548094985939,
        1.7553896168791445,
        1.7369074522322463,
        1.723648813027883,
        1.7074440752281137,
        1.6953368721344464,
        1.6834564060327792,
        1.671603761605213,
        1.6606118711535696,
        1.648207438532083,
        1.6399336289329873,
        1.6291729671861508,
        1.6186761957082336,
        1.6089469921962758,
        1.600158965927278,
        1.5925196483836017,
        1.5856010541108847,
        1.5777408111633369,
        1.5700039565701214,
        1.5611290240318327,
        1.5561281454438636,
        1.5502717665154706,
        1.5410611873138416,
        1.533058299346146,
        1.5287122187553792,
        1.5197607214904671,
        1.5120064253166394,
        1.5082508018914609,
        1.5017379136350733,
        1.4984796526830049,
        1.4898442044875915,
        1.4851556306446163,
        1.4800915186757386,
        1.4773398991407185,
        1.4726154830249196,
        1.468184018538988,
        1.4635998447661664,
        1.460055480481513,
        1.4544290571024832,
        1.448548099704892,
        1.4423428354754313,
        1.440919789097687,
        1.4368900715445718,
        1.434693382670204,
        1.4336544335480241,
        1.4260786744239242,
        1.4240220725005706,
        1.4195450171644404,
        1.4151499742565896,
        1.4133179551233064,
        1.4106540154370526,
        1.4048157213553167,
        1.4048909502834752,
        1.4008085939161006,
        1.3964908834349279,
        1.397453522119989,
        1.3880615616682972,
        1.3889376424129172,
        1.3860732582326352,
        1.3822122426212768,
        1.381055412644683,
        1.3790933156022125,
        1.3756347497030568,
        1.3738020205324706,
        1.3702808787322023,
        1.3699704234966117,
        1.3662184389739658,
        1.3638827035848449,
        1.3621619131804523,
        1.360810053702126,
        1.3585681905404405,
        1.3557004524738978,
        1.3561998241530706,
        1.3514477050801041,
        1.3499852187169392,
        1.3464718304523102,
        1.345378154042658,
        1.3456528650577166,
        1.3447837782632779,
        1.342154395841542,
        1.3421527837746405,
        1.3401854747106698,
        1.3381709177086067,
        1.3348936032967376,
        1.3336059677106331,
        1.3333703349780825
    ],
    "val_accs": [
        0.131,
        0.1491,
        0.1565,
        0.1733,
        0.198,
        0.2244,
        0.2494,
        0.2743,
        0.2899,
        0.3078,
        0.321,
        0.3354,
        0.3478,
        0.3551,
        0.3656,
        0.3728,
        0.3789,
        0.3816,
        0.3896,
        0.3906,
        0.3969,
        0.4022,
        0.4039,
        0.4107,
        0.4131,
        0.4144,
        0.418,
        0.4228,
        0.4249,
        0.4279,
        0.43,
        0.4319,
        0.4361,
        0.4391,
        0.4399,
        0.4408,
        0.4451,
        0.4473,
        0.4478,
        0.4516,
        0.4556,
        0.4561,
        0.4588,
        0.461,
        0.464,
        0.467,
        0.4685,
        0.4703,
        0.4704,
        0.4734,
        0.4742,
        0.4754,
        0.4762,
        0.4788,
        0.4803,
        0.4801,
        0.4808,
        0.4841,
        0.4843,
        0.4873,
        0.4896,
        0.4906,
        0.4935,
        0.4939,
        0.4952,
        0.4961,
        0.4968,
        0.4977,
        0.499,
        0.4997,
        0.5058,
        0.5041,
        0.5068,
        0.506,
        0.5057,
        0.5058,
        0.5069,
        0.5096,
        0.51,
        0.5109,
        0.5114,
        0.513,
        0.5129,
        0.5152,
        0.5166,
        0.5166,
        0.5149,
        0.517,
        0.5189,
        0.5175,
        0.5182,
        0.5201,
        0.5205,
        0.5192,
        0.5204,
        0.5204,
        0.5203,
        0.5213,
        0.5243,
        0.5256
    ],
    "hyperparameters": {
        "batch_size": 128,
        "learning_rate": 0.0001,
        "momentum": 0.9,
        "weight_decay": 0.001,
        "optimizer": "adam",
        "early_stopping": true,
        "patience": 10
    },
    "runtime_info": {
        "total_training_time": 340.39325618743896,
        "avg_epoch_time": 3.40393256187439,
        "timestamp": "2025-04-16 15:34:17"
    }
}