{
    "model_name": "lr0.0001_drop0.3_wd0.001_h256_128_64",
    "features": [
        "GELU",
        "Adam"
    ],
    "accuracy": 0.527,
    "precision": 0.5275430563054295,
    "recall": 0.527,
    "f1_score": 0.5232361276641553,
    "loss": 1.3162125267948375,
    "inference_time": 0.17501378059387207,
    "timestamp": "2025-04-16 15:34:17"
}