{
    "model_name": "Adam_GELU_standard",
    "features": [
        "GELU",
        "Adam"
    ],
    "accuracy": 0.5356,
    "precision": 0.5349807345652408,
    "recall": 0.5356,
    "f1_score": 0.5322476452544508,
    "loss": 1.2736616297928585,
    "inference_time": 0.20049095153808594,
    "timestamp": "2025-04-13 14:46:13"
}