{
    "model_name": "Adam_GELU_standard",
    "features": [
        "GELU",
        "Adam"
    ],
    "epochs": 23,
    "best_epoch": 13,
    "best_val_acc": 0.498,
    "training_time": 53.91871404647827,
    "train_losses": [
        2.0372665585992626,
        1.6172728099716955,
        1.4596356742080812,
        1.340938143798653,
        1.2425577300416135,
        1.1604677782302701,
        1.0893811354004217,
        1.0248652364226434,
        0.9671723438096187,
        0.9151890657834939,
        0.8649159258478226,
        0.8210080074930239,
        0.7775727906880854,
        0.7371971653917601,
        0.70069427977805,
        0.663910353580664,
        0.6306089136904245,
        0.5969998763821147,
        0.5663729423876536,
        0.5363644913202728,
        0.5076174476119532,
        0.4792377585129535,
        0.45381762652375995
    ],
    "val_losses": [
        1.7705573040194307,
        1.633719284759637,
        1.5640404922597573,
        1.516184608315732,
        1.4910189042646904,
        1.476747045905199,
        1.4762501765044191,
        1.4814691234060486,
        1.4946995629376996,
        1.5151701394909463,
        1.5369036332432109,
        1.5609793655095898,
        1.5933788660215153,
        1.629213559146635,
        1.662431990284501,
        1.6990173468110192,
        1.7336554199034333,
        1.7865467937862014,
        1.8328768007483316,
        1.8787178729352352,
        1.9363812234960227,
        1.9837426922632686,
        2.0288832999130006
    ],
    "val_accs": [
        0.3749,
        0.4283,
        0.4529,
        0.4674,
        0.4805,
        0.4914,
        0.4936,
        0.4972,
        0.4977,
        0.4965,
        0.4931,
        0.496,
        0.498,
        0.4959,
        0.4908,
        0.4915,
        0.4911,
        0.4866,
        0.4865,
        0.4867,
        0.4857,
        0.4787,
        0.4829
    ],
    "hyperparameters": {
        "batch_size": 128,
        "learning_rate": 0.0005,
        "momentum": 0.9,
        "weight_decay": 0.0001,
        "optimizer": "adam",
        "early_stopping": true,
        "patience": 10
    },
    "runtime_info": {
        "total_training_time": 53.91871404647827,
        "avg_epoch_time": 2.3442919150642725,
        "timestamp": "2025-04-13 16:09:36"
    }
}