{
    "model_name": "Adam_GELU_standard",
    "features": [
        "GELU",
        "Adam"
    ],
    "epochs": 58,
    "best_epoch": 48,
    "best_val_acc": 0.5733,
    "training_time": 381.5189847946167,
    "train_losses": [
        2.5877023282109617,
        2.0940577819357804,
        1.9259449085849667,
        1.8215083262628957,
        1.7565773243452938,
        1.7038255944005287,
        1.6535852634783812,
        1.6104156984528932,
        1.5774567175497594,
        1.5392458416989647,
        1.514267429097517,
        1.4840723227767358,
        1.4525709995661982,
        1.4344584557574658,
        1.4092436033322566,
        1.3844653536013702,
        1.3720515382731373,
        1.3493796051045315,
        1.3323305323101866,
        1.3205278926958508,
        1.3026659499202857,
        1.2881414859054818,
        1.2721124637776293,
        1.2596463752015348,
        1.2475370117846534,
        1.2333695593233465,
        1.225646300163219,
        1.2079101200658005,
        1.2009846105522413,
        1.1875594103601375,
        1.1787080996183523,
        1.1749551970394367,
        1.1596006659380556,
        1.1492941832135113,
        1.1433481140524402,
        1.128334489354429,
        1.134589405327626,
        1.112303557644376,
        1.109972958360532,
        1.103255784877763,
        1.0939785560167483,
        1.0893138224211423,
        1.089012007327284,
        1.067291224603207,
        1.0570750222820042,
        1.0644128621371534,
        1.0607241355183363,
        1.0521678473650615,
        1.048634700750822,
        1.045453682137294,
        1.0314383594527585,
        1.0297251248861214,
        1.0290492266719131,
        1.0216402630769195,
        1.021515402869428,
        1.0120264967586032,
        1.0084075868286904,
        1.0069147416808142
    ],
    "val_losses": [
        2.1816934503192424,
        1.903299227247997,
        1.7788360166040305,
        1.7055818292913878,
        1.6548827992654067,
        1.614396544054399,
        1.5698158081610296,
        1.5289251414006608,
        1.5041516315443983,
        1.4800854941660981,
        1.4462907831707992,
        1.4352926268605175,
        1.4093597456809634,
        1.3968176912699524,
        1.3815645948723208,
        1.365249130951738,
        1.3518793692129139,
        1.3361708987971623,
        1.3285115047617329,
        1.3193530181790516,
        1.3148256353685337,
        1.2989825685483725,
        1.29273219174233,
        1.2852272390878632,
        1.2790643906415697,
        1.273110989630301,
        1.26922443032054,
        1.2651868665424253,
        1.2606894606652346,
        1.2565386307865953,
        1.2531612742473586,
        1.2479027692569917,
        1.2448898740619825,
        1.2415396203873352,
        1.2350042251826658,
        1.23501476420359,
        1.2339725930307128,
        1.2324831520398374,
        1.2295295383469773,
        1.2306470854620821,
        1.226348747463175,
        1.2223102071217755,
        1.2179543717236374,
        1.2207531059466123,
        1.218200292464549,
        1.2208431705183376,
        1.214885099821974,
        1.2130662318615977,
        1.2175992367399162,
        1.2107137109241093,
        1.2136770803601484,
        1.2166862053190015,
        1.215779587226934,
        1.2148543037623591,
        1.2143769020344508,
        1.215359131991962,
        1.209711407896606,
        1.2129774054522928
    ],
    "val_accs": [
        0.2199,
        0.3354,
        0.3847,
        0.4106,
        0.4284,
        0.44,
        0.4548,
        0.4668,
        0.4704,
        0.482,
        0.4946,
        0.4986,
        0.5041,
        0.51,
        0.5158,
        0.5213,
        0.5271,
        0.5291,
        0.534,
        0.5348,
        0.5354,
        0.5421,
        0.5453,
        0.5471,
        0.5525,
        0.5492,
        0.5495,
        0.5518,
        0.5546,
        0.5526,
        0.5562,
        0.5539,
        0.5545,
        0.5564,
        0.5589,
        0.56,
        0.5608,
        0.563,
        0.564,
        0.5634,
        0.5644,
        0.5661,
        0.5685,
        0.5655,
        0.5643,
        0.5647,
        0.5678,
        0.5733,
        0.5662,
        0.5703,
        0.5663,
        0.5666,
        0.5713,
        0.567,
        0.5721,
        0.567,
        0.5692,
        0.5708
    ],
    "hyperparameters": {
        "batch_size": 128,
        "learning_rate": 0.0005,
        "momentum": 0.9,
        "weight_decay": 0.0001,
        "optimizer": "adam",
        "early_stopping": true,
        "patience": 10
    },
    "runtime_info": {
        "total_training_time": 381.5189847946167,
        "avg_epoch_time": 6.577913530941667,
        "timestamp": "2025-04-13 13:25:35"
    }
}