{
    "model_name": "Adam_GELU_standard",
    "features": [
        "GELU",
        "Adam"
    ],
    "accuracy": 0.5595,
    "precision": 0.5597489712150864,
    "recall": 0.5595,
    "f1_score": 0.55708167306228,
    "loss": 1.2256430861658096,
    "inference_time": 0.14001703262329102,
    "timestamp": "2025-04-13 10:12:38"
}