{
    "model_name": "Adam_GELU_standard",
    "features": [
        "GELU",
        "Adam"
    ],
    "epochs": 78,
    "best_epoch": 68,
    "best_val_acc": 0.5652,
    "training_time": 178.99503993988037,
    "train_losses": [
        2.7678742367891416,
        2.274012269285204,
        2.1346640088557924,
        2.003916606275831,
        1.9132715649527698,
        1.856006146069525,
        1.8063803246295833,
        1.7667914384004846,
        1.7317021202399199,
        1.6997343650523324,
        1.664184670326651,
        1.6462000614310952,
        1.6174316884596318,
        1.5918865486332041,
        1.5702622067170848,
        1.5416820335235832,
        1.529007692626455,
        1.5119089583118133,
        1.4981678937308285,
        1.4788984479316036,
        1.461184984492515,
        1.4553782760372467,
        1.439154399833515,
        1.4235462979248987,
        1.4158784992896587,
        1.4010609576350348,
        1.3980228865016038,
        1.3783275661848804,
        1.3695452930461791,
        1.363919894418587,
        1.3560193814841033,
        1.3499180627333507,
        1.3392784694636537,
        1.3248297972952434,
        1.3222930686547993,
        1.3190210881801803,
        1.3089585118263578,
        1.3017679135168476,
        1.2972262937169035,
        1.2858091084826364,
        1.2827963191624814,
        1.2775824652397874,
        1.2758076775707896,
        1.2700136737551104,
        1.2696871271530399,
        1.2597167884634533,
        1.255319453158753,
        1.2501398507392723,
        1.2525069874061043,
        1.244747362487055,
        1.2424306130460232,
        1.2418286869230706,
        1.2336173532816337,
        1.2320645055583632,
        1.2223275981376904,
        1.220161544935653,
        1.2253414381544923,
        1.209799818114799,
        1.2122125867982334,
        1.2102798906114338,
        1.2098428346017531,
        1.2092572468597156,
        1.1995958341047983,
        1.2036757583644266,
        1.1966921052523507,
        1.1899752648705557,
        1.1907196337827717,
        1.1962572420173172,
        1.1922907084418954,
        1.1903163664539629,
        1.1842782661214388,
        1.1800126913969506,
        1.1797737274507463,
        1.180543615866196,
        1.17597846287266,
        1.1733223715284589,
        1.173215576877972,
        1.1732759783141375
    ],
    "val_losses": [
        2.2720585625874334,
        2.1692049551161325,
        1.974415994514329,
        1.8633340654873511,
        1.7867396484618898,
        1.7272558378376515,
        1.688571405280613,
        1.6515272371310363,
        1.624220390450999,
        1.59226566745029,
        1.5692420812591785,
        1.5448136109239559,
        1.522307083613188,
        1.4982840777637034,
        1.4822299161570487,
        1.4639730317852275,
        1.4457053949106633,
        1.4301779712098746,
        1.4172997720178526,
        1.4040456015143021,
        1.3928755087212878,
        1.3857087241628037,
        1.3737337956764992,
        1.3612474234783807,
        1.3546776189678669,
        1.3454254676603457,
        1.3393001170888315,
        1.3316000103202155,
        1.3254676407364947,
        1.3189808570799324,
        1.311858056663622,
        1.3052205826347252,
        1.3010160489259577,
        1.2935648333528982,
        1.289954079806289,
        1.2836719481004177,
        1.284841747061373,
        1.2780682655135567,
        1.2742909925243184,
        1.267485120004377,
        1.2651851571052724,
        1.263978985804871,
        1.2628758612309494,
        1.261174528711132,
        1.2599252006474646,
        1.2549983188476523,
        1.2542965055029902,
        1.2535061587844114,
        1.2523094064866234,
        1.248223043694702,
        1.2466239256786062,
        1.245059625272539,
        1.244878235652835,
        1.2425942232727039,
        1.2426668805318495,
        1.2408416713127968,
        1.238960247977809,
        1.2372794485610297,
        1.2386580515948427,
        1.2367404522292653,
        1.2366419339647854,
        1.2359841470626143,
        1.2309741874873001,
        1.2293353220607568,
        1.23084909399769,
        1.2290106621322865,
        1.2316043011816946,
        1.2312015937480798,
        1.2306010645218715,
        1.231802520563652,
        1.2312832525785051,
        1.2325380996744777,
        1.2286299713577709,
        1.2299293159115292,
        1.2322670919234329,
        1.231203595144544,
        1.2284702911004397,
        1.2277230440125193
    ],
    "val_accs": [
        0.1442,
        0.2281,
        0.3006,
        0.341,
        0.3692,
        0.3914,
        0.4086,
        0.4235,
        0.4352,
        0.4427,
        0.4494,
        0.4579,
        0.4649,
        0.4734,
        0.4749,
        0.4827,
        0.4892,
        0.4955,
        0.4999,
        0.4992,
        0.5064,
        0.5087,
        0.5114,
        0.5196,
        0.5175,
        0.5182,
        0.523,
        0.5278,
        0.5292,
        0.529,
        0.5348,
        0.5336,
        0.5349,
        0.5361,
        0.5412,
        0.5407,
        0.543,
        0.5453,
        0.5431,
        0.5473,
        0.5485,
        0.5504,
        0.5495,
        0.5491,
        0.5488,
        0.5537,
        0.5548,
        0.5551,
        0.5539,
        0.5533,
        0.5548,
        0.5555,
        0.5581,
        0.5573,
        0.5578,
        0.5589,
        0.5589,
        0.5614,
        0.557,
        0.5586,
        0.5605,
        0.5615,
        0.5612,
        0.5637,
        0.5638,
        0.5627,
        0.5615,
        0.5652,
        0.5631,
        0.5627,
        0.5606,
        0.5613,
        0.5633,
        0.5631,
        0.5637,
        0.5628,
        0.5648,
        0.5647
    ],
    "hyperparameters": {
        "batch_size": 128,
        "learning_rate": 0.0005,
        "momentum": 0.9,
        "weight_decay": 0.001,
        "optimizer": "adam",
        "early_stopping": true,
        "patience": 10
    },
    "runtime_info": {
        "total_training_time": 178.99503993988037,
        "avg_epoch_time": 2.2948082043574405,
        "timestamp": "2025-04-13 10:12:38"
    }
}