{
    "model_name": "Adam_GELU_standard",
    "features": [
        "GELU",
        "Adam"
    ],
    "epochs": 85,
    "best_epoch": 75,
    "best_val_acc": 0.564,
    "training_time": 258.93852496147156,
    "train_losses": [
        2.7472732627921017,
        2.2685011590866395,
        2.1142671969887714,
        1.9926986879880981,
        1.9093678865055603,
        1.8517904576155477,
        1.7961964460050743,
        1.7580210845194293,
        1.7249603309759258,
        1.6905198118289457,
        1.6635573942004853,
        1.6405546891906513,
        1.6063441216540755,
        1.5857089476901907,
        1.5687341946639526,
        1.5533023997200923,
        1.5283644032306958,
        1.508312184497722,
        1.4906341399803473,
        1.4821087939097488,
        1.4635525943988608,
        1.4484090754035188,
        1.4315866228824687,
        1.4271765900283202,
        1.4147200292460707,
        1.3959653890067683,
        1.3933700916185592,
        1.37991115892375,
        1.3744403888048489,
        1.3656258576580658,
        1.35482415959233,
        1.3501922551067862,
        1.342742912665911,
        1.3312308079467705,
        1.3241971814029059,
        1.3189478882929506,
        1.3045062401547574,
        1.3058250316795426,
        1.3040998699547828,
        1.2884982544137713,
        1.2912398276610464,
        1.2826035294662073,
        1.2794025577274142,
        1.2726801501842127,
        1.274525889591899,
        1.26238411294535,
        1.2660099032465773,
        1.252924124331473,
        1.2502686373659528,
        1.2505495724921603,
        1.241355080752486,
        1.2378972846384089,
        1.2366200843723354,
        1.2294520581677557,
        1.2323748514188795,
        1.2255072409276253,
        1.2238650315454884,
        1.2184171403434403,
        1.2184101583861324,
        1.2205621321067448,
        1.2081309777823845,
        1.2066747990733253,
        1.2037299259601584,
        1.2030297037424378,
        1.2047236116322502,
        1.1981016110329346,
        1.1988981775357526,
        1.1978400984925985,
        1.1978011118436622,
        1.1867313577941105,
        1.1814671585978112,
        1.1817485508093455,
        1.1800151995984065,
        1.1845633027603166,
        1.178369154827652,
        1.1838319944808826,
        1.1790272227106087,
        1.1704238842928152,
        1.1715393387428095,
        1.171737344663061,
        1.1622324236724475,
        1.162229023992115,
        1.1700272195241352,
        1.164715802740696,
        1.161333195572739
    ],
    "val_losses": [
        2.2617584174381866,
        2.164616229393044,
        1.9588437633563924,
        1.8421174151686732,
        1.775470194248225,
        1.7337422053461173,
        1.6854201198873593,
        1.6511523293816646,
        1.6154073562702165,
        1.5865819952885267,
        1.5659740116522967,
        1.5404688699905074,
        1.5180336028207286,
        1.4970794909079523,
        1.480736201633055,
        1.4613147774348874,
        1.4448127551535628,
        1.4297385756394756,
        1.4173586561159357,
        1.4054934123039742,
        1.3932365445828168,
        1.3813383638208816,
        1.3677247685476455,
        1.3661176114799394,
        1.3503801671204185,
        1.3447914143889272,
        1.3361334859342142,
        1.326882394416046,
        1.3218822071118703,
        1.3193643317150054,
        1.3125266333517607,
        1.3057582045821723,
        1.3013300480123147,
        1.294389847722776,
        1.2898908134613194,
        1.2863095425644488,
        1.281671795575155,
        1.2788655392173107,
        1.2756920880261615,
        1.2713116533872053,
        1.269630908887828,
        1.2659619233769808,
        1.2644579541934167,
        1.2623599513707138,
        1.2604498545219665,
        1.2582537177109758,
        1.2566316144986462,
        1.2523119619864869,
        1.2478378004655155,
        1.2477407745726679,
        1.2446019639825074,
        1.2459588092251352,
        1.2417599801139156,
        1.2417928916485557,
        1.2404516736353315,
        1.2413623848654367,
        1.2384005328593215,
        1.2373038413004223,
        1.2354475634948299,
        1.236494234283153,
        1.233507707754731,
        1.235020483628556,
        1.2335041927923247,
        1.2336029595367424,
        1.2344522632653319,
        1.2335333667886947,
        1.2326558011495827,
        1.2305919649213974,
        1.2305226084234056,
        1.2334709397965133,
        1.230871799581872,
        1.2306721339279374,
        1.227555437213259,
        1.2302066619616172,
        1.2289512534986726,
        1.2291546381485734,
        1.2282756385066826,
        1.2283654901308645,
        1.2299830044832616,
        1.228233497421153,
        1.2260666816158932,
        1.227613712670779,
        1.2275234121385148,
        1.2291551411652732,
        1.227912097375668
    ],
    "val_accs": [
        0.1627,
        0.2413,
        0.3188,
        0.3557,
        0.3779,
        0.3995,
        0.4113,
        0.4252,
        0.4351,
        0.4394,
        0.4448,
        0.4563,
        0.4592,
        0.4712,
        0.4765,
        0.481,
        0.4866,
        0.4934,
        0.4929,
        0.4968,
        0.5024,
        0.5056,
        0.5125,
        0.5155,
        0.5186,
        0.5191,
        0.523,
        0.5268,
        0.5293,
        0.5308,
        0.532,
        0.5347,
        0.5303,
        0.5356,
        0.5353,
        0.5393,
        0.5404,
        0.543,
        0.5413,
        0.5435,
        0.5445,
        0.5443,
        0.5472,
        0.5481,
        0.549,
        0.5496,
        0.5508,
        0.548,
        0.5537,
        0.553,
        0.5561,
        0.5558,
        0.5589,
        0.5574,
        0.5573,
        0.5573,
        0.5591,
        0.5585,
        0.557,
        0.5566,
        0.5604,
        0.5607,
        0.5608,
        0.5585,
        0.5593,
        0.5605,
        0.5597,
        0.5589,
        0.5628,
        0.5605,
        0.5608,
        0.5599,
        0.5611,
        0.5614,
        0.564,
        0.5636,
        0.5595,
        0.562,
        0.5611,
        0.5616,
        0.5622,
        0.5634,
        0.5627,
        0.5614,
        0.563
    ],
    "hyperparameters": {
        "batch_size": 128,
        "learning_rate": 0.0005,
        "momentum": 0.9,
        "weight_decay": 1e-05,
        "optimizer": "adam",
        "early_stopping": true,
        "patience": 10
    },
    "runtime_info": {
        "total_training_time": 258.93852496147156,
        "avg_epoch_time": 3.046335587782018,
        "timestamp": "2025-04-13 14:16:28"
    }
}