{
    "model_name": "Adam_BatchNorm_GELU_standard",
    "features": [
        "GELU",
        "Adam",
        "BatchNorm"
    ],
    "epochs": 35,
    "best_epoch": 25,
    "best_val_acc": 0.4783,
    "training_time": 259.3702051639557,
    "train_losses": [
        1.8045109047327523,
        1.4258656315257605,
        1.2580653094485628,
        1.1278977363266043,
        1.0184615660250678,
        0.923202109817966,
        0.8368516664117974,
        0.7626726943573467,
        0.6974693461964019,
        0.641608056674553,
        0.6099197352555388,
        0.5831050833343889,
        0.579345495014921,
        0.5925280624375614,
        0.6041443992877611,
        0.6367014353924334,
        0.6411113149198788,
        0.6486467211260378,
        0.6575710132789547,
        0.6383466893868437,
        0.6520050387735544,
        0.6391089288748784,
        0.6258054609642058,
        0.6329492020786218,
        0.6285186482403039,
        0.6309158930271093,
        0.6263827167458832,
        0.6259729931089276,
        0.6312058107024222,
        0.6261273229272457,
        0.603276859570337,
        0.6049772566244633,
        0.6013912605967157,
        0.5950695306618673,
        0.5950696824063482
    ],
    "val_losses": [
        2.150470211296506,
        1.983129770541194,
        2.0780502639803347,
        2.153330939089915,
        2.2437391401751188,
        2.2492507815250313,
        2.2217593309237076,
        2.2378515213397385,
        2.1523206867332503,
        2.1004075619621907,
        2.0292725781749983,
        1.83373901098019,
        1.7775378995826294,
        1.6608538275997626,
        1.6089085949149338,
        1.5682002882496606,
        1.5918823614364461,
        1.5699860803641867,
        1.582697531320754,
        1.5791302662456697,
        1.583688448258074,
        1.5715312219698685,
        1.5889607401365176,
        1.5625564080964525,
        1.5418483889619647,
        1.5497393977546723,
        1.533310436951183,
        1.578589824045944,
        1.5505951998705245,
        1.5514658114488997,
        1.575718746314246,
        1.554334186058157,
        1.5623725551560395,
        1.5561930522097267,
        1.5652719002101707
    ],
    "val_accs": [
        0.3086,
        0.355,
        0.3568,
        0.3572,
        0.3596,
        0.3694,
        0.3809,
        0.38,
        0.3912,
        0.3909,
        0.3915,
        0.4144,
        0.4193,
        0.4356,
        0.4514,
        0.4626,
        0.4611,
        0.4688,
        0.4711,
        0.47,
        0.4625,
        0.4733,
        0.463,
        0.4737,
        0.4783,
        0.4712,
        0.4755,
        0.4609,
        0.4686,
        0.4683,
        0.4612,
        0.4661,
        0.4714,
        0.47,
        0.4661
    ],
    "hyperparameters": {
        "batch_size": 128,
        "learning_rate": 0.0005,
        "momentum": 0.9,
        "weight_decay": 0.0001,
        "optimizer": "adam",
        "early_stopping": true,
        "patience": 10
    },
    "runtime_info": {
        "total_training_time": 259.3702051639557,
        "avg_epoch_time": 7.410577290398734,
        "timestamp": "2025-04-13 12:54:17"
    }
}