{
    "model_name": "Adam_GELU_standard",
    "features": [
        "GELU",
        "Adam"
    ],
    "accuracy": 0.4844,
    "precision": 0.4760851668408636,
    "recall": 0.4844,
    "f1_score": 0.47220245027179353,
    "loss": 1.4506499592651543,
    "inference_time": 0.04508018493652344,
    "timestamp": "2025-04-12 21:46:34"
}