{
    "model_name": "Adam_GELU_standard",
    "features": [
        "GELU",
        "Adam"
    ],
    "epochs": 82,
    "best_epoch": 72,
    "best_val_acc": 0.4804,
    "training_time": 63.388845920562744,
    "train_losses": [
        2.8864958222374595,
        2.3768988498503663,
        2.3121875982813,
        2.27126841236382,
        2.2200216394246755,
        2.155865805156708,
        2.1070011160152737,
        2.054498135585449,
        2.0106564571648655,
        1.9756877781770783,
        1.9431949906274943,
        1.9142660292360014,
        1.894452775723583,
        1.8757483603432843,
        1.857017537377715,
        1.8386404877029199,
        1.8248337400896646,
        1.8117883123872334,
        1.7946465972621966,
        1.7881085538690547,
        1.7701354987902325,
        1.7592600877515436,
        1.754812550062432,
        1.7381426105041806,
        1.7325072312338023,
        1.721955435575157,
        1.7203436578310018,
        1.713003950450409,
        1.7101742007733984,
        1.700701769682405,
        1.6954375010482539,
        1.68832455228789,
        1.6883636303033713,
        1.6789422984609754,
        1.6747052934269542,
        1.6695156710467312,
        1.6629567515938135,
        1.6623056913498229,
        1.6646989924226392,
        1.6601048154034899,
        1.658426958511116,
        1.652887051020199,
        1.6489685690813016,
        1.6504876713509142,
        1.6447311996734977,
        1.6428662099060116,
        1.6354287488177217,
        1.6324181605009604,
        1.6344245534062483,
        1.6320132671989056,
        1.6321433606385525,
        1.6280424445159183,
        1.6299407155307413,
        1.629088505698724,
        1.6266089938127761,
        1.621945752746954,
        1.6209550731587006,
        1.61973289743725,
        1.6163040675549993,
        1.6148554397575803,
        1.614718157329032,
        1.6113896276486808,
        1.6111496211408827,
        1.611113204300835,
        1.6055013233535065,
        1.6083487528149538,
        1.6161913354794017,
        1.603795855831027,
        1.6084148217013876,
        1.6059004495255895,
        1.6004789852334527,
        1.6008615486453917,
        1.6017021306776937,
        1.6036372273780355,
        1.6003929639402938,
        1.6002731825956815,
        1.6016180304202745,
        1.5970466491035982,
        1.5919277528512188,
        1.5933726826452217,
        1.5962758559591532,
        1.5945252878749279
    ],
    "val_losses": [
        2.2918236509312164,
        2.28736199207883,
        2.27300365613088,
        2.224780339404044,
        2.1306619189678857,
        2.0410432759115062,
        1.9797204977517733,
        1.9177121282637222,
        1.8763031972651065,
        1.8398076797359881,
        1.807087473124607,
        1.7816631696098248,
        1.7584721550163362,
        1.7402820874866127,
        1.717231149417391,
        1.7010259863598287,
        1.684791251812626,
        1.6673191243960122,
        1.6517785306335053,
        1.6410690688248233,
        1.6292328103336668,
        1.616102914087822,
        1.6096023074037225,
        1.5987963952694133,
        1.5906218617437176,
        1.5795353688716518,
        1.5750031180497361,
        1.5696100323337623,
        1.565596099853672,
        1.559743432630593,
        1.5517390142696472,
        1.5468171028612951,
        1.542192958471309,
        1.5384025374600057,
        1.5332084954706355,
        1.5287113722193517,
        1.5258071705586116,
        1.5222185111571598,
        1.5219487080828742,
        1.519657865639296,
        1.5140927144105532,
        1.5117504804300388,
        1.5073724061076452,
        1.5075423111632138,
        1.5057150087827096,
        1.501458217089203,
        1.4992809906364422,
        1.4959559860524954,
        1.4949779685755147,
        1.4935269327840341,
        1.4925257690687255,
        1.487372779732317,
        1.487770886792589,
        1.4866262139593462,
        1.4864539675040755,
        1.4845853689081792,
        1.4843453430952693,
        1.4825543327736233,
        1.4816000178470945,
        1.4799788196335464,
        1.4782050109841165,
        1.4774424420497114,
        1.4769200210980031,
        1.4769794752035659,
        1.4749596290785676,
        1.4723833071134111,
        1.4718757319528752,
        1.4699799612027293,
        1.469641864221482,
        1.4686073087104214,
        1.4673283789966227,
        1.4667272870670622,
        1.4651634721825273,
        1.466402386647373,
        1.4647329043207384,
        1.4628244064800544,
        1.463616686420394,
        1.4623223311136098,
        1.4596781972372543,
        1.4621845419360358,
        1.4598275491504076,
        1.459055295130046
    ],
    "val_accs": [
        0.1301,
        0.1298,
        0.145,
        0.1847,
        0.227,
        0.2505,
        0.2722,
        0.3013,
        0.3228,
        0.3416,
        0.3552,
        0.3686,
        0.3785,
        0.3862,
        0.3971,
        0.4015,
        0.4033,
        0.4093,
        0.4184,
        0.4198,
        0.4236,
        0.4269,
        0.4301,
        0.4327,
        0.436,
        0.4394,
        0.4393,
        0.4417,
        0.4429,
        0.4458,
        0.4458,
        0.445,
        0.449,
        0.4514,
        0.4493,
        0.4529,
        0.4527,
        0.4529,
        0.4516,
        0.4545,
        0.4592,
        0.4592,
        0.4597,
        0.4617,
        0.4592,
        0.4624,
        0.461,
        0.4601,
        0.4643,
        0.4657,
        0.4637,
        0.4659,
        0.4671,
        0.4694,
        0.4661,
        0.468,
        0.47,
        0.4712,
        0.468,
        0.4712,
        0.4726,
        0.4735,
        0.4722,
        0.4729,
        0.4721,
        0.4741,
        0.4761,
        0.4767,
        0.4773,
        0.4765,
        0.4798,
        0.4804,
        0.4775,
        0.4798,
        0.4779,
        0.4784,
        0.4767,
        0.4796,
        0.4779,
        0.4774,
        0.477,
        0.4739
    ],
    "hyperparameters": {
        "batch_size": 128,
        "learning_rate": 0.0005,
        "momentum": 0.9,
        "weight_decay": 0.0001,
        "optimizer": "adam",
        "early_stopping": true,
        "patience": 10
    },
    "runtime_info": {
        "total_training_time": 63.388845920562744,
        "avg_epoch_time": 0.7730347063483262,
        "timestamp": "2025-04-12 21:46:34"
    }
}