{
    "model_name": "Adam_GELU_standard",
    "features": [
        "GELU",
        "Adam"
    ],
    "epochs": 56,
    "best_epoch": 46,
    "best_val_acc": 0.5789,
    "training_time": 273.2476050853729,
    "train_losses": [
        2.3513673946732663,
        1.8989565382360896,
        1.762776558375105,
        1.6662754074382935,
        1.6061462295424294,
        1.5510636926965926,
        1.5058679518268079,
        1.4658326497300618,
        1.4251753361500867,
        1.389914952676815,
        1.367706964308769,
        1.3365453327251033,
        1.3152626426022727,
        1.288500254466168,
        1.27182116377145,
        1.2563006997758082,
        1.2315294102397658,
        1.2216422545618426,
        1.212595000494578,
        1.1928147022402147,
        1.1780988886444477,
        1.1725953392785835,
        1.1496262925716951,
        1.1419755952027537,
        1.1340436761118977,
        1.1208906231558398,
        1.1135477252902874,
        1.0995424227841415,
        1.1014067925225013,
        1.0837429911561092,
        1.0827248906015643,
        1.0741961549341108,
        1.0662921427700411,
        1.0628339931575002,
        1.0578778172119971,
        1.0472121832921812,
        1.0366377139947498,
        1.032083240321189,
        1.0293987926558288,
        1.028888532129432,
        1.0149055219821093,
        1.0180462697725154,
        1.0079715873077093,
        1.008636014601042,
        0.995766769054588,
        0.9908939115616857,
        0.9938615258658945,
        0.9916452307750271,
        0.9832224944351539,
        0.9823379876267483,
        0.9720565586112968,
        0.9640724849090735,
        0.9716890486653027,
        0.9651811787250474,
        0.9697382677931398,
        0.9556654548010383
    ],
    "val_losses": [
        1.917757141064006,
        1.7301387198727072,
        1.633401245901929,
        1.5572106168505635,
        1.4988403186909975,
        1.4632702892649452,
        1.4251842511094504,
        1.3910136066241727,
        1.3629268350134611,
        1.345736432964648,
        1.327425415584642,
        1.319655871585133,
        1.2968720366901139,
        1.2924366653931088,
        1.2836516849579045,
        1.2801978421127653,
        1.263162237412819,
        1.263630748909607,
        1.2561371854426278,
        1.2537719056542738,
        1.2476918092078795,
        1.2397433358481693,
        1.2397843563635755,
        1.2331550812127017,
        1.2248732123505404,
        1.2242484294627687,
        1.2281560023312121,
        1.2246266624614723,
        1.2229605113875053,
        1.2211725497338268,
        1.220717440387067,
        1.2190987695411222,
        1.2202181812539872,
        1.216724620822702,
        1.2133725363422425,
        1.2172076803171037,
        1.2141553372057046,
        1.2224763316884892,
        1.2156072480490694,
        1.2110235453322258,
        1.21081542311879,
        1.219601477698538,
        1.2159322603552747,
        1.2188677714880212,
        1.220014438529586,
        1.2186401116648613,
        1.2172900623863157,
        1.21840636536135,
        1.2214466631460783,
        1.2139749381458609,
        1.2124166281060695,
        1.219584220095919,
        1.2155452963426672,
        1.2195130663018188,
        1.2219379633168028,
        1.2287166894654504
    ],
    "val_accs": [
        0.3284,
        0.398,
        0.4296,
        0.4586,
        0.4763,
        0.4884,
        0.4996,
        0.5097,
        0.5221,
        0.5279,
        0.5317,
        0.5402,
        0.5437,
        0.541,
        0.5515,
        0.5451,
        0.558,
        0.5591,
        0.5549,
        0.559,
        0.5649,
        0.5659,
        0.5607,
        0.5651,
        0.5668,
        0.5709,
        0.5666,
        0.5697,
        0.5676,
        0.5675,
        0.5688,
        0.5645,
        0.5693,
        0.5695,
        0.5742,
        0.5747,
        0.5703,
        0.5669,
        0.5753,
        0.5781,
        0.5735,
        0.5689,
        0.574,
        0.5726,
        0.5764,
        0.5789,
        0.5748,
        0.5734,
        0.5738,
        0.5748,
        0.5763,
        0.5757,
        0.5769,
        0.5721,
        0.5759,
        0.5695
    ],
    "hyperparameters": {
        "batch_size": 128,
        "learning_rate": 0.001,
        "momentum": 0.9,
        "weight_decay": 0.0001,
        "optimizer": "adam",
        "early_stopping": true,
        "patience": 10
    },
    "runtime_info": {
        "total_training_time": 273.2476050853729,
        "avg_epoch_time": 4.879421519381659,
        "timestamp": "2025-04-13 19:17:57"
    }
}