{
    "model_name": "Adam_GELU_standard",
    "features": [
        "GELU",
        "Adam"
    ],
    "accuracy": 0.5751,
    "precision": 0.5792518713055923,
    "recall": 0.5751,
    "f1_score": 0.5736159223726421,
    "loss": 1.2019941034865465,
    "inference_time": 0.4400820732116699,
    "timestamp": "2025-04-13 14:29:56"
}