{
    "model_name": "Adam_GELU_standard",
    "features": [
        "GELU",
        "Adam"
    ],
    "epochs": 74,
    "best_epoch": 64,
    "best_val_acc": 0.5753,
    "training_time": 463.51485800743103,
    "train_losses": [
        2.560494333046688,
        2.0775812217535745,
        1.9150717629606393,
        1.8136506293842685,
        1.7481851131568171,
        1.6961230325003853,
        1.6511178615576738,
        1.6094364152933451,
        1.574690892019431,
        1.5364384847972132,
        1.5133848647061334,
        1.4825384326588853,
        1.4593744941149793,
        1.4330601095303226,
        1.4099472702194271,
        1.3928399979553483,
        1.3747753697304894,
        1.3466573879409602,
        1.3353833448818004,
        1.3168926126922773,
        1.3009360349598393,
        1.293109969817862,
        1.2735338534064138,
        1.2547167348117112,
        1.2461239864239626,
        1.2335977886877771,
        1.2162456988093682,
        1.213615768775709,
        1.1978814964815199,
        1.1924500572922148,
        1.1780559264454222,
        1.1641269490585708,
        1.1555890353929996,
        1.1621528012157942,
        1.1537612827468628,
        1.1368313833400754,
        1.1255284901789138,
        1.121389820148886,
        1.1164157474756211,
        1.101092745898071,
        1.1007640549176585,
        1.092475676115233,
        1.0804373618086716,
        1.0769381772260176,
        1.0722629444882146,
        1.0701900571889693,
        1.06106384989177,
        1.055765601021655,
        1.0484813018494947,
        1.0451935011919953,
        1.0410506807235156,
        1.038350921044001,
        1.032936649163568,
        1.0245959030223102,
        1.0195047953489242,
        1.0139825067926298,
        1.0085838712150204,
        1.0084426302922507,
        1.0059194681983317,
        0.9972844771246231,
        0.9946553104179959,
        0.9890925466678735,
        0.9810415610191989,
        0.9841396408344011,
        0.9841471621133584,
        0.9767595475239,
        0.976794307966921,
        0.9754243589698104,
        0.9617789192838947,
        0.9648395766132489,
        0.9596446806548196,
        0.9527264602421625,
        0.9498618095890679,
        0.9480965157338677
    ],
    "val_losses": [
        2.1341576617025146,
        1.8940712091345828,
        1.7691177949967234,
        1.6976748561505486,
        1.6472471698460038,
        1.6076061625839186,
        1.5749228877117578,
        1.5305589940779287,
        1.498466712279329,
        1.4782882555374686,
        1.4585965117435051,
        1.432312538115618,
        1.407916676094011,
        1.3970513516110024,
        1.3858998683214785,
        1.369431822434946,
        1.354176603034062,
        1.3387053240769615,
        1.3289188331829516,
        1.3192520182961118,
        1.3180558744636572,
        1.3143680386715226,
        1.2992510526053636,
        1.2904566215866002,
        1.279643764567172,
        1.2771511701855054,
        1.2739039329212567,
        1.2657343520816813,
        1.258945736805673,
        1.2573683769261896,
        1.250907464117237,
        1.248686493137987,
        1.2485300070812517,
        1.2439386343742846,
        1.2403823537377683,
        1.2387816345511642,
        1.2342797650753714,
        1.2366050708717524,
        1.2316903103499608,
        1.2304565867409993,
        1.230730367963681,
        1.2259554930292726,
        1.2235554041299235,
        1.2220841286171695,
        1.2194170949337428,
        1.2229368503550007,
        1.2193330833665705,
        1.2163924061376703,
        1.2204186380211834,
        1.2175083411636574,
        1.2182139777161067,
        1.2179398348420498,
        1.2139815991744365,
        1.2122510964493787,
        1.2123131678695864,
        1.213232803084888,
        1.2114181964361934,
        1.213490136454015,
        1.2115736889846562,
        1.2106955054696737,
        1.2128458200229526,
        1.210095444068257,
        1.2141238510094237,
        1.2084214207804875,
        1.2105140516555195,
        1.2105971990605409,
        1.2140202409643364,
        1.2111123429612278,
        1.2128258205854068,
        1.214434650123057,
        1.211705612563061,
        1.211790364058516,
        1.2121692447394794,
        1.214018038884698
    ],
    "val_accs": [
        0.2397,
        0.3376,
        0.3899,
        0.4127,
        0.4344,
        0.4447,
        0.457,
        0.4694,
        0.477,
        0.4871,
        0.4914,
        0.5034,
        0.5065,
        0.5087,
        0.5116,
        0.5137,
        0.5233,
        0.5273,
        0.5287,
        0.5322,
        0.5325,
        0.5323,
        0.541,
        0.5391,
        0.5463,
        0.5494,
        0.5467,
        0.5495,
        0.5526,
        0.5528,
        0.5572,
        0.5576,
        0.5556,
        0.5608,
        0.5621,
        0.562,
        0.5649,
        0.5639,
        0.5649,
        0.5666,
        0.5655,
        0.5687,
        0.5683,
        0.567,
        0.57,
        0.5676,
        0.5683,
        0.5712,
        0.5686,
        0.5718,
        0.5715,
        0.5734,
        0.5739,
        0.5722,
        0.5728,
        0.5701,
        0.5726,
        0.5708,
        0.5742,
        0.5713,
        0.5699,
        0.5727,
        0.571,
        0.5753,
        0.5715,
        0.5747,
        0.5708,
        0.5723,
        0.5715,
        0.5722,
        0.5722,
        0.5733,
        0.5727,
        0.573
    ],
    "hyperparameters": {
        "batch_size": 128,
        "learning_rate": 0.0005,
        "momentum": 0.9,
        "weight_decay": 0.0001,
        "optimizer": "adam",
        "early_stopping": true,
        "patience": 10
    },
    "runtime_info": {
        "total_training_time": 463.51485800743103,
        "avg_epoch_time": 6.2637142973977165,
        "timestamp": "2025-04-13 14:29:55"
    }
}