{
    "model_name": "Adam_GELU_standard",
    "features": [
        "GELU",
        "Adam"
    ],
    "epochs": 59,
    "best_epoch": 49,
    "best_val_acc": 0.5757,
    "training_time": 364.4741299152374,
    "train_losses": [
        2.344857573231161,
        1.8830163116162808,
        1.7517972285438808,
        1.664775953166967,
        1.5942754286028131,
        1.5377305732395907,
        1.4907467067697484,
        1.4490831376301687,
        1.4167825689123401,
        1.379715217851257,
        1.3583077652905864,
        1.3274347720353126,
        1.3105240722431202,
        1.2869039501219468,
        1.272108723234002,
        1.24791437282009,
        1.2392821021156581,
        1.2222310376324665,
        1.203520377454243,
        1.1960536515143987,
        1.1825608435818487,
        1.167778525777769,
        1.1562055335042878,
        1.1522668879000963,
        1.1375334744222594,
        1.1307955805485816,
        1.1170078415956297,
        1.105984120515134,
        1.107555876089325,
        1.0966329456491737,
        1.0820371687284138,
        1.0789893452454078,
        1.07574532122166,
        1.0656419318340637,
        1.055659357821724,
        1.0460979225153095,
        1.0419883547494244,
        1.0404791852077158,
        1.0372083834083012,
        1.032981149043317,
        1.019947808800186,
        1.0183627326106675,
        1.013672521513799,
        1.0110016067578382,
        1.0116890312343452,
        0.9996202379183838,
        1.0032381240735624,
        0.9947299321409037,
        0.9852227767305806,
        0.9862580091349153,
        0.9782444694592382,
        0.9827706379077001,
        0.97350048158722,
        0.9693689538917749,
        0.9619356885805478,
        0.9535732419743534,
        0.9619759766071017,
        0.9586041780324644,
        0.9592980013036888
    ],
    "val_losses": [
        1.8916374703850651,
        1.7296036168826685,
        1.6251890081499634,
        1.5582055114664435,
        1.5006618749101925,
        1.4632611319301665,
        1.4211053823798812,
        1.396048863016041,
        1.3633789799288702,
        1.3495926867007528,
        1.3347796281144568,
        1.3189220673033422,
        1.3086312385125636,
        1.3018518174321885,
        1.2888328063287318,
        1.2834968290497626,
        1.2710373191683462,
        1.2666793723358023,
        1.2629288809476118,
        1.2511596821806532,
        1.245023712750856,
        1.2468102080364365,
        1.2439305166862753,
        1.2441801492374422,
        1.241748250968917,
        1.2365937683402148,
        1.2310569492718253,
        1.237203014340744,
        1.22970370219707,
        1.2315969613203785,
        1.2316247569697927,
        1.2278901628240277,
        1.2261367003873735,
        1.2277191148726938,
        1.2211223656980867,
        1.2266109166238905,
        1.2166578816632543,
        1.2188908263697473,
        1.2229895425171762,
        1.222502383309865,
        1.2287393537433655,
        1.2221499343091937,
        1.2210654499723341,
        1.22594583814424,
        1.2249676090524506,
        1.22577177348499,
        1.2184765510654298,
        1.2240024589119367,
        1.2206068176922884,
        1.223626079307739,
        1.2195190973246806,
        1.2218944961698943,
        1.223764634899159,
        1.224076515167854,
        1.2256901948543317,
        1.2257034296445661,
        1.2255393420244896,
        1.2243113875612732,
        1.2290996707605861
    ],
    "val_accs": [
        0.3324,
        0.4019,
        0.4242,
        0.4521,
        0.4749,
        0.493,
        0.5006,
        0.5094,
        0.5196,
        0.5261,
        0.524,
        0.5347,
        0.5354,
        0.5397,
        0.54,
        0.5454,
        0.5501,
        0.553,
        0.5539,
        0.5565,
        0.5612,
        0.5606,
        0.5621,
        0.563,
        0.56,
        0.5637,
        0.568,
        0.5603,
        0.5658,
        0.5665,
        0.565,
        0.5641,
        0.568,
        0.5682,
        0.5717,
        0.5649,
        0.5727,
        0.5743,
        0.5696,
        0.5746,
        0.5683,
        0.5712,
        0.5722,
        0.5694,
        0.5723,
        0.5694,
        0.5738,
        0.5727,
        0.5757,
        0.5743,
        0.5745,
        0.5739,
        0.5704,
        0.5744,
        0.5732,
        0.5751,
        0.5729,
        0.5731,
        0.5712
    ],
    "hyperparameters": {
        "batch_size": 32,
        "learning_rate": 0.0005,
        "momentum": 0.9,
        "weight_decay": 0.0001,
        "optimizer": "adam",
        "early_stopping": true,
        "patience": 10
    },
    "runtime_info": {
        "total_training_time": 364.4741299152374,
        "avg_epoch_time": 6.17752762568199,
        "timestamp": "2025-04-13 10:52:52"
    }
}