{
    "model_name": "Adam_GELU_standard",
    "features": [
        "GELU",
        "Adam"
    ],
    "accuracy": 0.5647,
    "precision": 0.5703616647576714,
    "recall": 0.5647,
    "f1_score": 0.5645642446244619,
    "loss": 1.2077010120496434,
    "inference_time": 0.28673887252807617,
    "timestamp": "2025-04-13 10:52:52"
}