{
    "model_name": "Adam_BatchNorm_GELU_standard",
    "features": [
        "GELU",
        "Adam",
        "BatchNorm"
    ],
    "epochs": 11,
    "best_epoch": 1,
    "best_val_acc": 0.1452,
    "training_time": 34.911271810531616,
    "train_losses": [
        2.4575918360178464,
        2.12910202340549,
        2.0266033781975303,
        2.1908089770293775,
        2.330569011133481,
        2.309384300367221,
        2.306370449903339,
        2.3061211623014692,
        2.3058736551922236,
        2.306500746976501,
        2.3060641285207106
    ],
    "val_losses": [
        2.2797205507880243,
        2.3309076798556143,
        2.2770609096379433,
        2.3079493725134204,
        2.304634769433827,
        2.3037170371663183,
        2.3033668340213014,
        2.3032875176665972,
        2.303253490470658,
        2.303005644944523,
        2.3028994988711844
    ],
    "val_accs": [
        0.1452,
        0.0817,
        0.1374,
        0.0997,
        0.0952,
        0.0952,
        0.0952,
        0.0952,
        0.0952,
        0.0952,
        0.0952
    ],
    "hyperparameters": {
        "batch_size": 128,
        "learning_rate": 0.001,
        "momentum": 0.9,
        "weight_decay": 0.0001,
        "optimizer": "adam",
        "early_stopping": true,
        "patience": 10
    },
    "runtime_info": {
        "total_training_time": 34.911271810531616,
        "avg_epoch_time": 3.1737519827756016,
        "timestamp": "2025-04-12 19:29:00"
    }
}