{
    "model_name": "lr0.0001_drop0.5_wd0.001_h256_128",
    "features": [
        "GELU",
        "Adam"
    ],
    "epochs": 100,
    "best_epoch": 100,
    "best_val_acc": 0.5131,
    "training_time": 238.9657759666443,
    "train_losses": [
        3.570295547380694,
        2.826180097548487,
        2.5363930108977653,
        2.4141180691821607,
        2.348117504081845,
        2.308268469385501,
        2.2731145700305952,
        2.238335476964631,
        2.212434136794233,
        2.1760794123425673,
        2.1367220960438145,
        2.105466510475207,
        2.0647453282736286,
        2.035011096908991,
        2.0106154027733565,
        1.9777743187208616,
        1.9526276640145919,
        1.9317937647163423,
        1.916697790828966,
        1.8973983878877154,
        1.8842220137721792,
        1.8682106591349104,
        1.853208043744975,
        1.8388293020104647,
        1.8312807854169646,
        1.814607270643949,
        1.796817451108941,
        1.794393386927337,
        1.7809539583054224,
        1.7739626111466256,
        1.7613553436318303,
        1.7527669570122117,
        1.740473791518589,
        1.7318967420350273,
        1.7208650312039626,
        1.7194743090408313,
        1.7109928327369337,
        1.7027941637549178,
        1.7001976321168026,
        1.6882316473314294,
        1.6821736823875737,
        1.675398128874284,
        1.6660887916093103,
        1.6566882070373223,
        1.6496752643209502,
        1.6494550644738593,
        1.6476827640459684,
        1.6373404834584964,
        1.6314392803790014,
        1.6261390187012863,
        1.6233112079740382,
        1.6115173652330013,
        1.6076988865111754,
        1.5997931714818745,
        1.6020445539451942,
        1.59418629270151,
        1.5863288818048544,
        1.579516493705355,
        1.5737548440172995,
        1.5719132828521398,
        1.5655566011101272,
        1.5621560645865051,
        1.553948901722883,
        1.5485590307277477,
        1.549733025822192,
        1.543579296571715,
        1.5398960781137663,
        1.533295600069873,
        1.531153965960628,
        1.5294480230885237,
        1.520568244600528,
        1.511595987054625,
        1.5172142614390631,
        1.5084369136779596,
        1.5031397764719334,
        1.4996481211412014,
        1.4964308274191118,
        1.4905224740681646,
        1.4940231807741164,
        1.4904896185407261,
        1.4832254230927957,
        1.4795639475062603,
        1.4755974649931503,
        1.4708927995136167,
        1.470017019560972,
        1.4659526257570799,
        1.4597483548394046,
        1.46218642766844,
        1.4535827113918625,
        1.4526902906252757,
        1.4483874053492634,
        1.4441118745947017,
        1.4460778561559224,
        1.4384659983086359,
        1.4367185033111762,
        1.4313726129638018,
        1.4385397544793657,
        1.4312483435194594,
        1.4258907772573828,
        1.422805158882684
    ],
    "val_losses": [
        2.3503439072165873,
        2.270525703186961,
        2.258390612504421,
        2.2586585398684864,
        2.257027441403425,
        2.2492040574221517,
        2.230017675568253,
        2.2027258909873626,
        2.164167731450352,
        2.1172164170702974,
        2.066345954197867,
        2.0211423616433937,
        1.977090957243394,
        1.9388865471351215,
        1.9057981556878665,
        1.8775162827139156,
        1.8529969176076353,
        1.8323649897492935,
        1.8125077774763723,
        1.79451084129026,
        1.7798068513486363,
        1.7639303497655305,
        1.7500821425446214,
        1.7368940028520246,
        1.7297038205985436,
        1.7157806349608578,
        1.7027429264441427,
        1.6947622734141379,
        1.685080692102955,
        1.6758581517084494,
        1.6664280801811102,
        1.656894386490382,
        1.6495051864462995,
        1.6403481115544252,
        1.6328353874917574,
        1.625706907490128,
        1.619030089095858,
        1.6125847272825145,
        1.6090201087124933,
        1.6003534436841398,
        1.5937692556444365,
        1.5857586601922402,
        1.5819320260732213,
        1.5756224320835597,
        1.5675534192057201,
        1.564123096293764,
        1.5594419979023253,
        1.5523341583325638,
        1.5465093905827998,
        1.5409899227237807,
        1.5376646616804355,
        1.5322553607751117,
        1.5271970276137805,
        1.52136763423399,
        1.5175725892651628,
        1.5136153245192927,
        1.5071435734325125,
        1.502429360998143,
        1.4987903193258638,
        1.494740926936458,
        1.4902471816961869,
        1.4842644576947555,
        1.4827046856460073,
        1.4769207173026,
        1.4739690941856902,
        1.471517612920734,
        1.4663732662311955,
        1.4622556395325166,
        1.458324444281061,
        1.4555628431318572,
        1.4529938169929861,
        1.4471423586999772,
        1.4450199636584822,
        1.4409102891699856,
        1.4374250050188138,
        1.4337756876477332,
        1.4311944092536282,
        1.428585509035941,
        1.4277833916232658,
        1.4239570604539877,
        1.420115900907522,
        1.4174676042753762,
        1.4142108735798269,
        1.4109726651398713,
        1.4089998789612974,
        1.405551850351312,
        1.4032813930281742,
        1.400836926709567,
        1.3973635105575724,
        1.3958340160801808,
        1.3922733313147244,
        1.3893443423510674,
        1.3879262897744276,
        1.3852290640892124,
        1.382831445233702,
        1.3795157187133391,
        1.3780187541352644,
        1.3763926867721494,
        1.3729810009251953,
        1.3707427829743646
    ],
    "val_accs": [
        0.1435,
        0.1643,
        0.1663,
        0.1661,
        0.1651,
        0.1706,
        0.1841,
        0.2027,
        0.2205,
        0.2439,
        0.2656,
        0.2826,
        0.299,
        0.3114,
        0.326,
        0.3376,
        0.3474,
        0.3568,
        0.3636,
        0.3685,
        0.374,
        0.3795,
        0.3854,
        0.3879,
        0.3894,
        0.3936,
        0.3977,
        0.4007,
        0.4038,
        0.4095,
        0.4124,
        0.4131,
        0.418,
        0.4188,
        0.4234,
        0.4247,
        0.427,
        0.432,
        0.4332,
        0.4372,
        0.4389,
        0.4411,
        0.4424,
        0.4456,
        0.4495,
        0.4503,
        0.451,
        0.4527,
        0.4539,
        0.4571,
        0.46,
        0.4606,
        0.4612,
        0.4636,
        0.4655,
        0.4645,
        0.4684,
        0.4684,
        0.4712,
        0.4725,
        0.4729,
        0.474,
        0.4744,
        0.4769,
        0.4783,
        0.4803,
        0.4835,
        0.4831,
        0.4831,
        0.4839,
        0.4837,
        0.4863,
        0.4877,
        0.4885,
        0.4903,
        0.4917,
        0.4926,
        0.4934,
        0.4944,
        0.4949,
        0.4963,
        0.4969,
        0.4987,
        0.4993,
        0.5006,
        0.5026,
        0.503,
        0.5029,
        0.5049,
        0.5043,
        0.5082,
        0.5063,
        0.5073,
        0.5077,
        0.5076,
        0.5085,
        0.5101,
        0.5103,
        0.512,
        0.5131
    ],
    "hyperparameters": {
        "batch_size": 128,
        "learning_rate": 0.0001,
        "momentum": 0.9,
        "weight_decay": 0.001,
        "optimizer": "adam",
        "early_stopping": true,
        "patience": 10
    },
    "runtime_info": {
        "total_training_time": 238.9657759666443,
        "avg_epoch_time": 2.389657759666443,
        "timestamp": "2025-04-16 15:49:43"
    }
}