{
    "model_name": "Adam_GELU_standard",
    "features": [
        "GELU",
        "Adam"
    ],
    "accuracy": 0.5594,
    "precision": 0.5592590349778489,
    "recall": 0.5594,
    "f1_score": 0.5574200944857572,
    "loss": 1.2207199197015655,
    "inference_time": 0.14142513275146484,
    "timestamp": "2025-04-12 21:33:32"
}