{
    "model_name": "Adam_GELU_standard",
    "features": [
        "GELU",
        "Adam"
    ],
    "epochs": 93,
    "best_epoch": 83,
    "best_val_acc": 0.5702,
    "training_time": 221.34938311576843,
    "train_losses": [
        2.720296044195165,
        2.262202362768297,
        2.1203896746904425,
        1.9947879988333879,
        1.9128499642498333,
        1.852080221155836,
        1.8091368042160019,
        1.7650939596794593,
        1.7258581035246958,
        1.6902832279321205,
        1.6597936084078095,
        1.6375625047989166,
        1.6143265099476958,
        1.5891197936911827,
        1.563570013682659,
        1.5409841165506406,
        1.5329114591491997,
        1.506503202405983,
        1.493770337473972,
        1.47735065272197,
        1.459217229610339,
        1.4437540969051885,
        1.4341930192621961,
        1.4243555050939223,
        1.4135720312637923,
        1.3944742502662553,
        1.3856747690672337,
        1.3817231635732776,
        1.3654119059622207,
        1.3611221198810746,
        1.3497885343906029,
        1.3459799743767829,
        1.3355934421267164,
        1.3297008176339655,
        1.3210527911255743,
        1.3085283975997408,
        1.3059594618591046,
        1.3060592965970956,
        1.2971471147380145,
        1.2936368992287093,
        1.2848090564536907,
        1.2733161801029507,
        1.2739832127693171,
        1.272086549188941,
        1.26589278544032,
        1.2611419322594846,
        1.257116390161974,
        1.2485813218772255,
        1.2453289163484094,
        1.250196736238883,
        1.2375771133472846,
        1.2326656252782762,
        1.2358045849438148,
        1.2296155938125988,
        1.2223263311619004,
        1.2245586345252355,
        1.2231298777500268,
        1.2124376012597557,
        1.2138338016235903,
        1.2103468461848061,
        1.2087508448394855,
        1.201308063595036,
        1.1965942069565239,
        1.195935659180026,
        1.2017749593884657,
        1.2044296639213616,
        1.1914919769628933,
        1.1904022015293683,
        1.1857219630642128,
        1.1890958103135665,
        1.1794393681755246,
        1.1802421261640867,
        1.17943213930268,
        1.17920746696724,
        1.1786413617625993,
        1.1726112073688109,
        1.1792027115747983,
        1.1735739131209024,
        1.16318359323933,
        1.164397277198089,
        1.1671513152428734,
        1.169335359478282,
        1.1644777976047926,
        1.165940888263403,
        1.1646347380699011,
        1.1579649373300331,
        1.15435711549383,
        1.160903907734693,
        1.15474415190913,
        1.1546314849097972,
        1.1554813045171402,
        1.1523590679176396,
        1.1487543665390352
    ],
    "val_losses": [
        2.262502752514416,
        2.158054448935788,
        1.96363604513914,
        1.853642366872502,
        1.7852455338679953,
        1.7317816051440222,
        1.6856405524009264,
        1.6535407461086535,
        1.6185246931703765,
        1.5887558231857197,
        1.560437024091354,
        1.5374672272950436,
        1.5186201670227006,
        1.4968265944389683,
        1.475612334653142,
        1.4599949528882261,
        1.4459429896385205,
        1.42671063524952,
        1.4139479522068228,
        1.4003993562523602,
        1.3885046763851798,
        1.3756118796939096,
        1.3668243417249184,
        1.3617229812555227,
        1.3519061061874713,
        1.338874012492966,
        1.335429013169348,
        1.3287748889886946,
        1.3227026478930943,
        1.3133897967398984,
        1.3120002477629895,
        1.3048217385584335,
        1.299153557159861,
        1.2946434712022377,
        1.2875764709951893,
        1.2833050644016852,
        1.2796965771244921,
        1.280266692957496,
        1.2735460700015173,
        1.2738525542273569,
        1.2686530390872661,
        1.2629501574441238,
        1.260012591331618,
        1.2576545584973784,
        1.256790778233296,
        1.253038817394934,
        1.2513010884751024,
        1.2463312027659106,
        1.2454423118068534,
        1.2483992530439836,
        1.2419632267067073,
        1.2403509907945158,
        1.2388375913564007,
        1.2374707403253595,
        1.237193307862071,
        1.2359568178426368,
        1.234990705116551,
        1.2338713455176715,
        1.236603659702376,
        1.2333831614417208,
        1.2338849513197034,
        1.2315609490631465,
        1.2313299733022804,
        1.2308421138312515,
        1.2295119076384495,
        1.2285551927338576,
        1.2264522165019391,
        1.2269167521789088,
        1.2276280103779593,
        1.2258796441999649,
        1.2238494922319474,
        1.228718038755905,
        1.2256617585890839,
        1.2257689702543162,
        1.2246618383008243,
        1.2243863715775807,
        1.2241952984974334,
        1.2254703904391644,
        1.2219046350975942,
        1.2216419358086397,
        1.2213943106138043,
        1.221876213273304,
        1.2199067450414158,
        1.2201200717887528,
        1.2220857826966267,
        1.219163722250918,
        1.2187516941614238,
        1.2172169431848288,
        1.2175620858241094,
        1.218431199542344,
        1.2224746221485128,
        1.2189204159826734,
        1.2188913067380374
    ],
    "val_accs": [
        0.1508,
        0.2193,
        0.3015,
        0.3436,
        0.3698,
        0.3924,
        0.4118,
        0.4201,
        0.4329,
        0.4407,
        0.4514,
        0.4553,
        0.4619,
        0.4686,
        0.4758,
        0.4818,
        0.4866,
        0.4926,
        0.496,
        0.5038,
        0.5093,
        0.5124,
        0.5153,
        0.5176,
        0.5202,
        0.5238,
        0.5277,
        0.5319,
        0.5308,
        0.5368,
        0.5354,
        0.54,
        0.5389,
        0.5395,
        0.5422,
        0.5445,
        0.5462,
        0.5428,
        0.5482,
        0.5437,
        0.5499,
        0.5487,
        0.5511,
        0.5533,
        0.5523,
        0.5538,
        0.5571,
        0.5542,
        0.5563,
        0.5575,
        0.558,
        0.5564,
        0.5567,
        0.5547,
        0.5599,
        0.5584,
        0.5563,
        0.5558,
        0.5574,
        0.5594,
        0.5581,
        0.5584,
        0.5585,
        0.5614,
        0.5631,
        0.5602,
        0.5614,
        0.5641,
        0.5658,
        0.5626,
        0.5643,
        0.5622,
        0.5619,
        0.5632,
        0.5633,
        0.566,
        0.5626,
        0.5664,
        0.5654,
        0.564,
        0.5653,
        0.5656,
        0.5702,
        0.5687,
        0.5668,
        0.566,
        0.5683,
        0.5649,
        0.5664,
        0.5671,
        0.565,
        0.5674,
        0.5674
    ],
    "hyperparameters": {
        "batch_size": 128,
        "learning_rate": 0.0005,
        "momentum": 0.9,
        "weight_decay": 0.0001,
        "optimizer": "adam",
        "early_stopping": true,
        "patience": 10
    },
    "runtime_info": {
        "total_training_time": 221.34938311576843,
        "avg_epoch_time": 2.38010089371794,
        "timestamp": "2025-04-12 21:33:32"
    }
}