{
    "model_name": "Adam_GELU_standard",
    "features": [
        "GELU",
        "Adam"
    ],
    "epochs": 61,
    "best_epoch": 51,
    "best_val_acc": 0.5777,
    "training_time": 483.79943084716797,
    "train_losses": [
        2.576521518245223,
        2.088709594474653,
        1.9181646478686958,
        1.8198102055260268,
        1.7520010950804514,
        1.7002597147841954,
        1.6575745590482969,
        1.6158401689467068,
        1.570653389860508,
        1.539830454229048,
        1.5065626322558934,
        1.4813111191934614,
        1.4591822382500088,
        1.4290322148427883,
        1.4056932932784232,
        1.384477184099655,
        1.3631976612258834,
        1.348873631276638,
        1.3271097465458166,
        1.314106088412846,
        1.2979900227283212,
        1.2796908329619616,
        1.2673418281785143,
        1.2599122677186758,
        1.244715101481508,
        1.2293772930768767,
        1.2240593743587183,
        1.215823123357282,
        1.1926106155369922,
        1.1855614934822505,
        1.1815965313693622,
        1.167248707350984,
        1.160976970719775,
        1.1443340169143463,
        1.1483918898183356,
        1.1290899692003897,
        1.1201632131512451,
        1.1186783040559836,
        1.1038628907811487,
        1.1037003342424758,
        1.0966918892566775,
        1.0895688696186434,
        1.0820330549319166,
        1.0768878395639405,
        1.0612955917137372,
        1.0647029920729445,
        1.0606491663895903,
        1.0515612818594722,
        1.052544717356506,
        1.0436979895506968,
        1.0311364341424751,
        1.0276893064364525,
        1.0281352028735782,
        1.0169185510251721,
        1.0214297592576906,
        1.0087736227876907,
        1.0063766833644643,
        0.9991813612383286,
        1.001957293567957,
        1.002653055363719,
        0.9951804962990257
    ],
    "val_losses": [
        2.1623288008034973,
        1.9049783963129296,
        1.7825855582699834,
        1.709411360061491,
        1.6491730968826759,
        1.6152366149531237,
        1.5799262229855096,
        1.540460626174452,
        1.5019483418282906,
        1.4756770416582128,
        1.4516556517302266,
        1.426907905414029,
        1.4073604799722925,
        1.393528907324865,
        1.3697625592262634,
        1.3581192790504424,
        1.3488731970527523,
        1.3379720134269708,
        1.3287508307116256,
        1.3130708807694864,
        1.3165268287563572,
        1.3009251805074948,
        1.2939989040617548,
        1.2934148741975147,
        1.2791769486962061,
        1.2764622477180307,
        1.2767209849208463,
        1.2677359976875804,
        1.261893106547446,
        1.2578205368925077,
        1.2519467282761692,
        1.2505690535511935,
        1.246989216798134,
        1.243365540725243,
        1.2414099224585111,
        1.2374264814629539,
        1.23352749776363,
        1.229788050857227,
        1.2295255502712803,
        1.2294479119976798,
        1.2227711575568412,
        1.2245774320785343,
        1.221399960617687,
        1.2173861812463562,
        1.215574807137575,
        1.2156666501479962,
        1.2162376240141612,
        1.2126111148488645,
        1.2120504891336539,
        1.21191780100998,
        1.209724024034338,
        1.2071287255333831,
        1.212385085600295,
        1.2121888321747993,
        1.2130627502999565,
        1.2080953025235015,
        1.2110557988144723,
        1.209047956702334,
        1.2114320306440376,
        1.2108779996854044,
        1.208193735775064
    ],
    "val_accs": [
        0.2384,
        0.3511,
        0.3872,
        0.4072,
        0.4258,
        0.4431,
        0.4575,
        0.4664,
        0.4766,
        0.4836,
        0.4917,
        0.5,
        0.5106,
        0.5123,
        0.5187,
        0.5238,
        0.5319,
        0.5335,
        0.5342,
        0.539,
        0.5399,
        0.5436,
        0.5452,
        0.5441,
        0.551,
        0.5558,
        0.5513,
        0.5526,
        0.5599,
        0.5537,
        0.5629,
        0.5592,
        0.5589,
        0.5611,
        0.563,
        0.5646,
        0.561,
        0.5653,
        0.5673,
        0.5635,
        0.5659,
        0.5678,
        0.5674,
        0.5719,
        0.5736,
        0.5742,
        0.5714,
        0.574,
        0.574,
        0.5761,
        0.5777,
        0.5764,
        0.5708,
        0.5764,
        0.5722,
        0.5767,
        0.5727,
        0.5754,
        0.5738,
        0.5763,
        0.5736
    ],
    "hyperparameters": {
        "batch_size": 128,
        "learning_rate": 0.0005,
        "momentum": 0.9,
        "weight_decay": 0.0001,
        "optimizer": "adam",
        "early_stopping": true,
        "patience": 10
    },
    "runtime_info": {
        "total_training_time": 483.79943084716797,
        "avg_epoch_time": 7.931138210609311,
        "timestamp": "2025-04-16 10:11:29"
    }
}