{
    "model_name": "Adam_GELU_standard",
    "features": [
        "GELU",
        "Adam"
    ],
    "epochs": 124,
    "best_epoch": 114,
    "best_val_acc": 0.552,
    "training_time": 757.346431016922,
    "train_losses": [
        2.8020284887854174,
        2.3471155933353605,
        2.3087725234425607,
        2.2903514865839387,
        2.2701988295152438,
        2.2457025418947296,
        2.2116703237585797,
        2.1636816275479185,
        2.0988883462600594,
        2.040879779152562,
        1.985904072864869,
        1.945641238303155,
        1.9128827054921183,
        1.8801573736149826,
        1.855331237960417,
        1.8274040758788257,
        1.802803998136818,
        1.77970602021878,
        1.754997828346528,
        1.7398028744714136,
        1.718378594805603,
        1.6942484921849013,
        1.6794291956412295,
        1.6662361283868092,
        1.6469943182945666,
        1.6267351468182345,
        1.6133757112825355,
        1.6020020793122631,
        1.5863696989959744,
        1.5659618218644513,
        1.5541427899981706,
        1.5409331460529059,
        1.5309807622538025,
        1.5177567268898184,
        1.5021197639500674,
        1.5030660022288342,
        1.484717165776809,
        1.4775649997544027,
        1.4675752972406424,
        1.4516364339840104,
        1.4398654874896257,
        1.4324974462275717,
        1.4286821375188008,
        1.4147585676402277,
        1.4053627460120421,
        1.394855022117783,
        1.388302621231824,
        1.3779815272979095,
        1.3752735832457887,
        1.3620302978968362,
        1.363096956007921,
        1.3469490743686305,
        1.3458640261627683,
        1.3353156871488285,
        1.3303127667823504,
        1.3243911864914633,
        1.3122184493898075,
        1.312844770688252,
        1.300255833717041,
        1.2988153688538142,
        1.2885613059611492,
        1.2927077322683351,
        1.2798752431533966,
        1.2737678736644762,
        1.2737773650014528,
        1.2591016401171649,
        1.2562460258160513,
        1.2620553029133155,
        1.246362200620106,
        1.2421357083859188,
        1.2392784671119308,
        1.2343717743988665,
        1.2284067323527783,
        1.229151827704476,
        1.218310331102198,
        1.2133126271139898,
        1.2094643047739713,
        1.206396446885736,
        1.20362341133758,
        1.2007167836227788,
        1.1982387686991371,
        1.1896534018250826,
        1.188316204597858,
        1.1786656372214626,
        1.1776085048369942,
        1.1764917936794266,
        1.1782550459189378,
        1.1683116462931957,
        1.1640936046357755,
        1.1648618345089472,
        1.1580550769601337,
        1.1531727041790676,
        1.1567761646556594,
        1.146883897643316,
        1.1485129266829124,
        1.1491338755414333,
        1.137109657246863,
        1.140525717089307,
        1.1426841117306064,
        1.12805641691192,
        1.1277354675212778,
        1.1285842414902967,
        1.1192177293864713,
        1.1159149719827135,
        1.1145889611382673,
        1.110995138522296,
        1.1070535060738158,
        1.1083162180113544,
        1.0990356378121682,
        1.1032088604511503,
        1.104221115895808,
        1.0982778143799077,
        1.0958137018143381,
        1.1037062877085309,
        1.0953399415259542,
        1.0891363559002767,
        1.0883774509080804,
        1.0835694134988696,
        1.0848451698024013,
        1.0837897067930995,
        1.0703019215356977,
        1.0762461207248861,
        1.0711690949725658,
        1.08144391736159
    ],
    "val_losses": [
        2.3007440628524556,
        2.294411643712517,
        2.2801032289155083,
        2.25373181619906,
        2.2209152090824755,
        2.1892159432608147,
        2.1564514190825963,
        2.0676831077395463,
        1.9887997143508782,
        1.9087041041889985,
        1.8608913293505396,
        1.8218054096618892,
        1.7944975685184388,
        1.7650812953760302,
        1.7544565762957391,
        1.7383703341435448,
        1.7221042727295643,
        1.6958711792963779,
        1.6840288084695803,
        1.6499052583375735,
        1.6497200323479302,
        1.6372157424194906,
        1.6149819661713198,
        1.5997631217925627,
        1.5841595019734676,
        1.5794502651175026,
        1.5677429554384503,
        1.5454469211344468,
        1.5441804230208862,
        1.5377106545958523,
        1.5284113929766157,
        1.5217603849473134,
        1.5126682662102364,
        1.5047878626245619,
        1.495971600185646,
        1.479921802395061,
        1.4808113107748853,
        1.4665261960378702,
        1.4657226253947417,
        1.4592214970701411,
        1.45421909462628,
        1.4518290301530083,
        1.4495092856656315,
        1.4486565954715311,
        1.4434616279752261,
        1.4414740630193497,
        1.4231639102574634,
        1.417615971898838,
        1.4127465501394683,
        1.4170637726521151,
        1.4175958706437348,
        1.4057449285794457,
        1.4018113934439742,
        1.4078507704352334,
        1.405653656502641,
        1.39352885382476,
        1.3908802954599138,
        1.3949205136006484,
        1.385016471294591,
        1.3855984231580885,
        1.3818321522547203,
        1.3819012075579236,
        1.3780082128315705,
        1.3800117418394067,
        1.370968960287911,
        1.373048451776441,
        1.3639961440658734,
        1.369952835896041,
        1.362587275419219,
        1.3578904354251402,
        1.3639787220051756,
        1.354837262667717,
        1.3678509658150093,
        1.353213856818839,
        1.3503215930361476,
        1.3591543753895028,
        1.352875283991058,
        1.3552039090630086,
        1.3514972769381093,
        1.3536548790561636,
        1.3547890673803857,
        1.3538559714928982,
        1.3489739993024787,
        1.3498210883789084,
        1.350500533828748,
        1.3480034824559666,
        1.3547918286299656,
        1.3499029080815388,
        1.3471491184988136,
        1.3454142137749916,
        1.3357995274944627,
        1.3471965424604193,
        1.3467601191650007,
        1.3501158084939595,
        1.3479579325820719,
        1.3367346447750115,
        1.3496713109538743,
        1.3454300304646207,
        1.3381623404690286,
        1.3353200225751036,
        1.3331284045838723,
        1.3427526992182293,
        1.3483318450984267,
        1.3444863740091466,
        1.3416554665312395,
        1.343684658630138,
        1.346810546406674,
        1.3388550067377858,
        1.3363125938377973,
        1.343328550714263,
        1.3383036541880164,
        1.3425878217715081,
        1.3378172275011995,
        1.3261233726315185,
        1.33705477738316,
        1.342308896391473,
        1.3389708440137138,
        1.3437404207187047,
        1.3446583893996935,
        1.3346564721905094,
        1.3491667636627396,
        1.3392029508286958,
        1.3487705800061092,
        1.3454819112984227
    ],