{
    "model_name": "Adam_GELU_standard",
    "features": [
        "GELU",
        "Adam"
    ],
    "accuracy": 0.5446,
    "precision": 0.5561230911845784,
    "recall": 0.5446,
    "f1_score": 0.5447755407840256,
    "loss": 1.3345689296588665,
    "inference_time": 0.4168689250946045,
    "timestamp": "2025-04-13 07:41:59"
}