{
    "model_name": "lr0.0001_drop0.3_wd0.00001_h256_128_64",
    "features": [
        "GELU",
        "Adam"
    ],
    "epochs": 100,
    "best_epoch": 100,
    "best_val_acc": 0.5242,
    "training_time": 310.53950905799866,
    "train_losses": [
        2.9096377806130125,
        2.454900059633104,
        2.360894137701023,
        2.320860880728859,
        2.2900136201411256,
        2.253669034077542,
        2.2159664740704645,
        2.1617276273990016,
        2.1124259526972033,
        2.0640205515953407,
        2.0206428777905274,
        1.9915002179478432,
        1.9667851818460296,
        1.9332130073187006,
        1.9227269409010053,
        1.8934153376743728,
        1.8719785951119092,
        1.8503944874700564,
        1.8366417664648358,
        1.8142486476433586,
        1.797488043287993,
        1.7818901640842564,
        1.7705874462563096,
        1.7522361768534211,
        1.7417003258785158,
        1.7279506717001785,
        1.714666145469819,
        1.7094509143323426,
        1.6930341131368207,
        1.68440599122936,
        1.6683122860252462,
        1.6622011361164815,
        1.654367488405726,
        1.6438553999469172,
        1.629880295220287,
        1.6299047310198924,
        1.6141551617064336,
        1.6042211145680638,
        1.599713769902639,
        1.5861881803883688,
        1.5779782245334006,
        1.566472464405166,
        1.5661758104318046,
        1.5541525896399335,
        1.5496723519854496,
        1.545215494959892,
        1.5374660115802659,
        1.529063164191259,
        1.5255804187996278,
        1.512119464195011,
        1.507316657702614,
        1.4989386859335614,
        1.4972849440054872,
        1.4857909839055008,
        1.4821260760678185,
        1.4752549397854362,
        1.4718142391116757,
        1.468576555349277,
        1.4583454271977403,
        1.4527222205873664,
        1.449072815370555,
        1.4385755573902423,
        1.4359871876448735,
        1.4312886468018382,
        1.4245904267675662,
        1.4182509316035807,
        1.417664955001281,
        1.4107002873529508,
        1.4079071341107863,
        1.3955787159278603,
        1.400172127727235,
        1.3833965573158786,
        1.3872090035064826,
        1.3826686176780136,
        1.3800386195156187,
        1.3700044585846038,
        1.371753328162239,
        1.367657503845666,
        1.3656576503280673,
        1.3526992729959137,
        1.3545054517668702,
        1.351499767329995,
        1.3493424571748562,
        1.3406002852911603,
        1.3332181150833053,
        1.333499463901242,
        1.3215938722555571,
        1.3258053256318207,
        1.3214776893516598,
        1.3220322436772467,
        1.3134935859789207,
        1.3165472178962385,
        1.3090729828630354,
        1.3063793586779326,
        1.295553106095557,
        1.2952672785614516,
        1.28844971701517,
        1.2939023127298437,
        1.2866604235588173,
        1.2902742882440728
    ],
    "val_losses": [
        2.320173473365244,
        2.288293197936989,
        2.2748301509264466,
        2.2599947084604763,
        2.2302560825813664,
        2.1874019838642997,
        2.1232081132924234,
        2.049752945233369,
        1.9882680530550005,
        1.9376574025631461,
        1.8971349589524005,
        1.8685175493358086,
        1.8435219046099147,
        1.8194457766135468,
        1.7991734374926212,
        1.7810467706483655,
        1.7598480070722458,
        1.7436404411053772,
        1.7272640969751654,
        1.7134333268201518,
        1.6987226837765255,
        1.6830934283612649,
        1.6710397610904208,
        1.657045841633316,
        1.647995203521477,
        1.6372371290087504,
        1.6263186289149616,
        1.6204011612921316,
        1.6102324329526523,
        1.6007840403360674,
        1.5929057091460523,
        1.5867061095807884,
        1.5759834988779355,
        1.5728585187171416,
        1.5608811456234328,
        1.5562195168781168,
        1.5497961995192635,
        1.5395727731785165,
        1.535646765527255,
        1.528915141399923,
        1.5215100025153168,
        1.5142250507318242,
        1.5087832363249352,
        1.4991325171526473,
        1.4965527977256416,
        1.4883959301901963,
        1.486670161465159,
        1.4799324995639862,
        1.4769771149524105,
        1.470159830202208,
        1.4644890623394395,
        1.4579290860827527,
        1.4558854494499396,
        1.453464401368759,
        1.448070100758913,
        1.443823302711104,
        1.441046779454799,
        1.4345110762985558,
        1.429683218732464,
        1.428648783101472,
        1.42231656362344,
        1.4184080891878743,
        1.4148630945197458,
        1.4146373009826916,
        1.4093594239164289,
        1.4066113260517827,
        1.4011268220899291,
        1.397641158402317,
        1.396722635502666,
        1.392635473053358,
        1.391987504287197,
        1.387853748877636,
        1.3861801187222238,
        1.382838155089089,
        1.3801932182779935,
        1.3772496265706065,
        1.3767819626615145,
        1.3738342173466715,
        1.3707770443383673,
        1.3685260981311584,
        1.363343781876731,
        1.3665303729417597,
        1.360940468093124,
        1.3595737117118087,
        1.356358856830804,
        1.3542006080992501,
        1.351700333319128,
        1.350759517783478,
        1.348038859519837,
        1.3486722969753737,
        1.3454358498287486,
        1.3431048878762184,
        1.3411751439989112,
        1.3393571773090618,
        1.3373794433944524,
        1.337447187041534,
        1.3340212331773418,
        1.332173750645013,
        1.3319832868698027,
        1.3317540279231566
    ],
    "val_accs": [
        0.1207,
        0.1299,
        0.1413,
        0.1545,
        0.1773,
        0.2059,
        0.2345,
        0.2543,
        0.2706,
        0.2884,
        0.3039,
        0.3204,
        0.3312,
        0.3402,
        0.3508,
        0.3576,
        0.367,
        0.3758,
        0.3782,
        0.3841,
        0.3893,
        0.3953,
        0.4023,
        0.4068,
        0.4093,
        0.4122,
        0.4152,
        0.4196,
        0.4228,
        0.4292,
        0.4308,
        0.4321,
        0.4363,
        0.4367,
        0.4412,
        0.4445,
        0.446,
        0.4511,
        0.4527,
        0.4567,
        0.457,
        0.46,
        0.4604,
        0.4634,
        0.465,
        0.4692,
        0.4683,
        0.4737,
        0.4719,
        0.4768,
        0.476,
        0.4797,
        0.4811,
        0.4801,
        0.4829,
        0.483,
        0.483,
        0.4855,
        0.4851,
        0.4872,
        0.4885,
        0.4916,
        0.4914,
        0.4906,
        0.4956,
        0.4963,
        0.4971,
        0.4978,
        0.498,
        0.5016,
        0.5013,
        0.5037,
        0.5045,
        0.5059,
        0.5061,
        0.5078,
        0.5081,
        0.5091,
        0.5109,
        0.5099,
        0.5136,
        0.5116,
        0.5142,
        0.5136,
        0.5157,
        0.5148,
        0.5146,
        0.517,
        0.5164,
        0.5176,
        0.5186,
        0.5188,
        0.5201,
        0.52,
        0.5213,
        0.5203,
        0.5224,
        0.5219,
        0.5221,
        0.5242
    ],
    "hyperparameters": {
        "batch_size": 128,
        "learning_rate": 0.0001,
        "momentum": 0.9,
        "weight_decay": 1e-05,
        "optimizer": "adam",
        "early_stopping": true,
        "patience": 10
    },
    "runtime_info": {
        "total_training_time": 310.53950905799866,
        "avg_epoch_time": 3.1053950905799867,
        "timestamp": "2025-04-16 15:45:43"
    }
}