{
    "model_name": "lr0.0001_drop0.3_wd0.00001_h256_128_64",
    "features": [
        "GELU",
        "Adam"
    ],
    "accuracy": 0.5235,
    "precision": 0.5303039149618982,
    "recall": 0.5235,
    "f1_score": 0.5216034921798023,
    "loss": 1.335974942603427,
    "inference_time": 0.16692090034484863,
    "timestamp": "2025-04-16 15:45:43"
}