{
    "model_name": "Adam_GELU_standard",
    "features": [
        "GELU",
        "Adam"
    ],
    "epochs": 49,
    "best_epoch": 39,
    "best_val_acc": 0.5573,
    "training_time": 152.53743886947632,
    "train_losses": [
        2.5072100000845063,
        2.0519694977250746,
        1.8799595248892587,
        1.790604893769952,
        1.7173945665110566,
        1.6700708311021577,
        1.6158793549843316,
        1.5736299807686447,
        1.5452304011218179,
        1.5154895898788499,
        1.4944163917171194,
        1.4609787233221792,
        1.4442205084923405,
        1.4273280061641247,
        1.4058912803490227,
        1.3935866820588452,
        1.3814998464166754,
        1.370740130923169,
        1.3498997342058865,
        1.345899173887457,
        1.3367393191035095,
        1.3211980712819633,
        1.3148838639669238,
        1.3035647503195724,
        1.2973531990242813,
        1.291315749225227,
        1.2812965549552118,
        1.285750958031399,
        1.2679849418805267,
        1.264527260165663,
        1.2628580087140127,
        1.2593678025112358,
        1.248780432901938,
        1.2480637937170833,
        1.248168099704584,
        1.244876677513153,
        1.2326427193694962,
        1.2228805471654365,
        1.2290374641390065,
        1.2173040633922574,
        1.2184035143942447,
        1.223189542025638,
        1.2137706024192556,
        1.218788706603239,
        1.210409452000775,
        1.2107444756898231,
        1.2073277273665166,
        1.2010519492776852,
        1.1941427017463435
    ],
    "val_losses": [
        2.1361254624493062,
        1.853137040550955,
        1.7327054576997103,
        1.658243075795679,
        1.597677675943034,
        1.5514693800728734,
        1.508327319309166,
        1.474488334873423,
        1.452400150242101,
        1.4321164571693232,
        1.4045745074276383,
        1.3897218615891114,
        1.3755706458174193,
        1.3610391710464134,
        1.3524402609954036,
        1.3388733968704298,
        1.3247735661355036,
        1.3261221111173482,
        1.3181429162793519,
        1.3077088574956048,
        1.3036694021888837,
        1.2961886369310542,
        1.2919166607485795,
        1.2828309495506278,
        1.2783084438557157,
        1.2816134804166814,
        1.274164860026504,
        1.2738168157351173,
        1.2701874705019225,
        1.272861085884315,
        1.2669323525796201,
        1.26415215369802,
        1.259793466966421,
        1.2592223173712245,
        1.261352141943402,
        1.2641375783133724,
        1.2628681208726276,
        1.256153046157485,
        1.2538459764918581,
        1.2567629865713,
        1.254607637929908,
        1.25449879193573,
        1.2556060868829124,
        1.2535396030894925,
        1.2513469401459174,
        1.2521862131105506,
        1.2521805330341078,
        1.2523540819712886,
        1.2526495512088467
    ],
    "val_accs": [
        0.2304,
        0.3399,
        0.3854,
        0.4107,
        0.4407,
        0.4511,
        0.4688,
        0.4763,
        0.4861,
        0.4958,
        0.5002,
        0.5055,
        0.5053,
        0.5131,
        0.5192,
        0.5188,
        0.5245,
        0.5242,
        0.5293,
        0.5342,
        0.5391,
        0.5377,
        0.5432,
        0.5459,
        0.5468,
        0.5443,
        0.5463,
        0.5441,
        0.5495,
        0.5425,
        0.5499,
        0.5513,
        0.5518,
        0.5518,
        0.5505,
        0.5508,
        0.5532,
        0.5524,
        0.5573,
        0.5529,
        0.5541,
        0.5538,
        0.5531,
        0.5553,
        0.5565,
        0.5566,
        0.5557,
        0.556,
        0.5544
    ],
    "hyperparameters": {
        "batch_size": 32,
        "learning_rate": 0.0005,
        "momentum": 0.9,
        "weight_decay": 0.0001,
        "optimizer": "adam",
        "early_stopping": true,
        "patience": 10
    },
    "runtime_info": {
        "total_training_time": 152.53743886947632,
        "avg_epoch_time": 3.113008956519925,
        "timestamp": "2025-04-13 10:46:45"
    }
}