{
    "model_name": "Adam_BatchNorm_GELU_standard",
    "features": [
        "GELU",
        "Adam",
        "BatchNorm"
    ],
    "epochs": 11,
    "best_epoch": 1,
    "best_val_acc": 0.1338,
    "training_time": 32.1980299949646,
    "train_losses": [
        2.2889180988940696,
        1.9223732410916572,
        1.8527317474951568,
        1.949055715772606,
        2.1721841206145944,
        2.2882543313859687,
        2.2757531882152477,
        2.276664749183204,
        2.2772347719520676,
        2.2792339245153324,
        2.284016968281811
    ],
    "val_losses": [
        2.266490456106625,
        2.302580013456026,
        2.313792538566273,
        2.3130226788334394,
        2.313677794753477,
        2.313941727808369,
        2.3137666103813053,
        2.3140794440650594,
        2.312969588073549,
        2.3129574852072414,
        2.312502488972415
    ],
    "val_accs": [
        0.1338,
        0.1127,
        0.0537,
        0.0913,
        0.1014,
        0.1014,
        0.1014,
        0.0977,
        0.0977,
        0.1022,
        0.1014
    ],
    "hyperparameters": {
        "batch_size": 128,
        "learning_rate": 0.001,
        "momentum": 0.9,
        "weight_decay": 0.0,
        "optimizer": "adam",
        "early_stopping": true,
        "patience": 10
    },
    "runtime_info": {
        "total_training_time": 32.1980299949646,
        "avg_epoch_time": 2.9270936359058726,
        "timestamp": "2025-04-12 19:24:56"
    }
}