{
    "model_name": "Adam_BatchNorm_GELU_standard",
    "features": [
        "GELU",
        "Adam",
        "BatchNorm"
    ],
    "accuracy": 0.1411,
    "precision": 0.14150855075547364,
    "recall": 0.1411,
    "f1_score": 0.13324684142900886,
    "loss": 2.2661439868939204,
    "inference_time": 0.1505732536315918,
    "timestamp": "2025-04-12 19:24:56"
}