{
    "model_name": "Adam_GELU_standard",
    "features": [
        "GELU",
        "Adam"
    ],
    "accuracy": 0.5535,
    "precision": 0.5532257333876872,
    "recall": 0.5535,
    "f1_score": 0.5511392007244514,
    "loss": 1.344511156340701,
    "inference_time": 0.278095006942749,
    "timestamp": "2025-04-13 19:42:44"
}