{
    "model_name": "Adam_GELU_standard",
    "features": [
        "GELU",
        "Adam"
    ],
    "epochs": 58,
    "best_epoch": 48,
    "best_val_acc": 0.558,
    "training_time": 278.78392696380615,
    "train_losses": [
        2.236749367253545,
        1.7999900653059884,
        1.6548000864521777,
        1.5545344107390662,
        1.479455176829593,
        1.417214475134293,
        1.36052792750125,
        1.3154930625773906,
        1.2692083630428395,
        1.235596994215807,
        1.197782776264173,
        1.166967217774951,
        1.1405006679243332,
        1.1138260429384235,
        1.0876251037770195,
        1.0609741486882733,
        1.043288124918034,
        1.0182877429677242,
        0.9984788895957757,
        0.9809278319880338,
        0.9588163996759098,
        0.9441969897080237,
        0.9330345339380812,
        0.9134365007214641,
        0.8978060773377539,
        0.8800867235689784,
        0.868284703623592,
        0.8596118706473561,
        0.8436115884153804,
        0.8340245296014254,
        0.8300063607518987,
        0.8016592519006448,
        0.8000234734705339,
        0.7939414138703867,
        0.7812038324320383,
        0.7641541468708545,
        0.7620750011451097,
        0.7512130984192139,
        0.7445811907110805,
        0.7400185875291118,
        0.7328699935963348,
        0.7242294428140367,
        0.7191755105647539,
        0.7105880920060843,
        0.7039783693565179,
        0.6949824603011673,
        0.6911121535836245,
        0.6762407305533842,
        0.6771502473602748,
        0.6722109052583686,
        0.6664227760385739,
        0.6589728217106703,
        0.6487649463753528,
        0.647947067901437,
        0.641517801953993,
        0.6376430842885611,
        0.6297419656909662,
        0.6304073529616573
    ],
    "val_losses": [
        1.7902250616973516,
        1.6482487152912424,
        1.5605273673448825,
        1.5032106109251926,
        1.459383008824767,
        1.418954947853621,
        1.389114293599084,
        1.3641187651441316,
        1.358254140339616,
        1.3333544577953573,
        1.321882667112469,
        1.3178722832169047,
        1.3043758151837221,
        1.2968061629466887,
        1.2902992193473917,
        1.2953843972039625,
        1.2880576948525104,
        1.2828898882313624,
        1.2848149635841384,
        1.2857205237481535,
        1.2817280608242319,
        1.2796849681268647,
        1.2802206579997928,
        1.2847434883638946,
        1.2849299495592985,
        1.2885652940554773,
        1.2954765119037543,
        1.2918673877230258,
        1.2992823495367916,
        1.2969636082452312,
        1.2967621811681478,
        1.3083203858586467,
        1.3094883935483792,
        1.318162203122364,
        1.3239106003298307,
        1.3193230854705666,
        1.325081844488471,
        1.3231858165877686,
        1.3223827135050354,
        1.3268344461606991,
        1.3292156391126555,
        1.3337412825154003,
        1.335110522810488,
        1.3460897942259096,
        1.3467553460605046,
        1.349731953183233,
        1.3481695737978343,
        1.3518974972683544,
        1.3579861230592738,
        1.3627645401692108,
        1.3666178652241212,
        1.370673876456684,
        1.380115050514449,
        1.376907382326242,
        1.3811565990909573,
        1.38673066824344,
        1.3913621493138384,
        1.3886462020716803
    ],
    "val_accs": [
        0.3719,
        0.4298,
        0.4514,
        0.4756,
        0.4908,
        0.5053,
        0.5175,
        0.5228,
        0.5165,
        0.5287,
        0.533,
        0.5356,
        0.5391,
        0.5406,
        0.5467,
        0.5424,
        0.5454,
        0.5484,
        0.5475,
        0.5474,
        0.5513,
        0.5536,
        0.5497,
        0.5484,
        0.5521,
        0.5516,
        0.549,
        0.5534,
        0.5525,
        0.5512,
        0.5543,
        0.55,
        0.5531,
        0.5482,
        0.5525,
        0.5526,
        0.5528,
        0.556,
        0.5571,
        0.553,
        0.5532,
        0.5541,
        0.5538,
        0.5531,
        0.5527,
        0.5516,
        0.5567,
        0.558,
        0.5544,
        0.5545,
        0.5549,
        0.5538,
        0.5536,
        0.5498,
        0.5517,
        0.5535,
        0.551,
        0.5542
    ],
    "hyperparameters": {
        "batch_size": 128,
        "learning_rate": 0.0005,
        "momentum": 0.9,
        "weight_decay": 0.0001,
        "optimizer": "adam",
        "early_stopping": true,
        "patience": 10
    },
    "runtime_info": {
        "total_training_time": 278.78392696380615,
        "avg_epoch_time": 4.806619430410451,
        "timestamp": "2025-04-13 19:42:44"
    }
}