{
    "model_name": "lr0.0005_drop0.5_wd0.0001_h512_256",
    "features": [
        "GELU",
        "Adam"
    ],
    "accuracy": 0.5721,
    "precision": 0.5729265995939596,
    "recall": 0.5721,
    "f1_score": 0.5693612752097656,
    "loss": 1.2049748765358477,
    "inference_time": 0.27079200744628906,
    "timestamp": "2025-04-16 17:01:53"
}