{
    "model_name": "lr0.0005_drop0.5_wd0.0001_h512_256",
    "features": [
        "GELU",
        "Adam"
    ],
    "epochs": 84,
    "best_epoch": 74,
    "best_val_acc": 0.5834,
    "training_time": 382.0143668651581,
    "train_losses": [
        2.566240705342192,
        2.066524057800269,
        1.9062344216658023,
        1.8120533604557691,
        1.748354208034158,
        1.6982120718163198,
        1.6483249061699776,
        1.6107704170856365,
        1.5737837972548196,
        1.5417849090556863,
        1.508894449155502,
        1.4846728146314296,
        1.4566946936330025,
        1.4367683221692273,
        1.4135996071484407,
        1.3896911981100744,
        1.3696504044082602,
        1.3490445668806421,
        1.338735738060808,
        1.317650398312122,
        1.300800883002901,
        1.2806894229414103,
        1.2710400156723471,
        1.2547819790301826,
        1.2468428073045186,
        1.2397648654868452,
        1.2197789007593904,
        1.213635743218804,
        1.193472350244545,
        1.190758864437157,
        1.1823026224239892,
        1.1706540402251777,
        1.1586218516410969,
        1.154354084111105,
        1.1435094566314863,
        1.1373194806063405,
        1.1331085835965897,
        1.1259808992634288,
        1.1161469280225,
        1.1036299805224763,
        1.0985584255485317,
        1.0905037960603938,
        1.0919279238827881,
        1.0813002220255994,
        1.0703969694475322,
        1.069835940401091,
        1.0641275450849284,
        1.0613546944252594,
        1.0523212433536153,
        1.0515381255481429,
        1.0503011441921215,
        1.030422704751869,
        1.0271808888546579,
        1.0222992992283357,
        1.019504080541362,
        1.0136933127973304,
        1.0112819797387569,
        1.0043161935730098,
        1.0022501870561182,
        1.000142810983076,
        0.9952749822517962,
        0.9949923687128487,
        0.9928671566739294,
        0.9899009387862053,
        0.9809207756620253,
        0.9737898957878449,
        0.9751049989067267,
        0.9668558371354479,
        0.9723941682388867,
        0.9553267321847887,
        0.9649665323233712,
        0.9570277517995371,
        0.959299647990804,
        0.9616647513616912,
        0.9451252286509638,
        0.9402639013377304,
        0.944489549796662,
        0.9339638069250048,
        0.9381879451315397,
        0.9286396504326349,
        0.9288959282630714,
        0.9268730786493832,
        0.9268667493200623,
        0.9263492571098927
    ],
    "val_losses": [
        2.1237134150830648,
        1.8820495225225027,
        1.7706175053808346,
        1.7020422808501665,
        1.6524284834016751,
        1.6108639800786138,
        1.5625222628672941,
        1.5417520766273098,
        1.5102143370969427,
        1.4815238939658733,
        1.4600424283691558,
        1.430813643449921,
        1.4151289247778496,
        1.3950033766489933,
        1.3774290975127312,
        1.3657676073239946,
        1.3525837983715545,
        1.34722001861842,
        1.3368867444394739,
        1.3159161048717465,
        1.3137395068417221,
        1.3045054330908594,
        1.298193070590438,
        1.2909300121584235,
        1.2785518493435593,
        1.2792452132917758,
        1.2672250344702478,
        1.2687093432626626,
        1.2605725895690998,
        1.2564573098542404,
        1.253084272194654,
        1.2507662699392748,
        1.2448776893265647,
        1.2433118060841328,
        1.238177909299122,
        1.2320711062930794,
        1.2343784554384722,
        1.230223221511312,
        1.2277844221772065,
        1.2237406381631921,
        1.2247842824519433,
        1.221236989518543,
        1.2219868350582397,
        1.220710498190024,
        1.2186082801666123,
        1.215255553242148,
        1.214608206864762,
        1.2162268038010606,
        1.2131627623718617,
        1.2133949029904598,
        1.2156281752029952,
        1.2177685644209169,
        1.2120805101022891,
        1.2133811235421603,
        1.211738791785947,
        1.2122085037837906,
        1.2167794810248183,
        1.2114692144365502,
        1.2101415781580385,
        1.2117051952641167,
        1.2154836582457087,
        1.2137729851704862,
        1.2146841029975597,
        1.2115031594087167,
        1.2133527016109933,
        1.213962217503511,
        1.2122317173365722,
        1.2117996272163736,
        1.2148637613927138,
        1.2141739200130741,
        1.2126400269731854,
        1.2127694588484639,
        1.2114453230364168,
        1.2068169673317917,
        1.2132573014136085,
        1.2124519918227215,
        1.2154987067273109,
        1.2148738452796355,
        1.214579273458485,
        1.2156595857470132,
        1.2129256592742153,
        1.2169908660271176,
        1.2145714756367427,
        1.2113065524779343
    ],
    "val_accs": [
        0.2494,
        0.3526,
        0.3842,
        0.4096,
        0.425,
        0.4433,
        0.4552,
        0.4633,
        0.4706,
        0.4811,
        0.4902,
        0.4979,
        0.5052,
        0.511,
        0.5151,
        0.5181,
        0.5215,
        0.5256,
        0.5267,
        0.5362,
        0.5381,
        0.5404,
        0.5392,
        0.5437,
        0.5479,
        0.5462,
        0.5525,
        0.5533,
        0.5547,
        0.5591,
        0.561,
        0.563,
        0.563,
        0.5653,
        0.5652,
        0.5679,
        0.5667,
        0.5668,
        0.5659,
        0.5676,
        0.5713,
        0.572,
        0.5713,
        0.5725,
        0.5709,
        0.572,
        0.5738,
        0.5735,
        0.5745,
        0.5733,
        0.5716,
        0.5727,
        0.5736,
        0.5703,
        0.57,
        0.5735,
        0.5722,
        0.5731,
        0.5766,
        0.5747,
        0.5719,
        0.5733,
        0.5778,
        0.5796,
        0.5763,
        0.577,
        0.5749,
        0.5807,
        0.5765,
        0.5798,
        0.5793,
        0.5786,
        0.579,
        0.5834,
        0.5807,
        0.5796,
        0.5783,
        0.5817,
        0.5818,
        0.5799,
        0.5757,
        0.576,
        0.5786,
        0.581
    ],
    "hyperparameters": {
        "batch_size": 128,
        "learning_rate": 0.0005,
        "momentum": 0.9,
        "weight_decay": 0.0001,
        "optimizer": "adam",
        "early_stopping": true,
        "patience": 10
    },
    "runtime_info": {
        "total_training_time": 382.0143668651581,
        "avg_epoch_time": 4.547790081728072,
        "timestamp": "2025-04-16 17:01:52"
    }
}