{
    "model_name": "Adam_BatchNorm_GELU_none",
    "features": [
        "GELU",
        "Adam",
        "BatchNorm"
    ],
    "epochs": 11,
    "best_epoch": 1,
    "best_val_acc": 0.154,
    "training_time": 71.04376912117004,
    "train_losses": [
        2.312463933063034,
        1.9375007815477991,
        1.839182607060267,
        1.780240471402628,
        1.7429557414470316,
        1.7211560628365046,
        1.7101513740277907,
        1.744094468305698,
        1.814885863335305,
        1.9491584080699207,
        2.1443342762123967
    ],
    "val_losses": [
        2.2283609979908174,
        2.290664152229454,
        2.306273979855362,
        2.3065259553275164,
        2.2978913841914355,
        2.3045536745665167,
        2.3054674097026626,
        2.3083498163052485,
        2.310855319221992,
        2.3142469406729504,
        2.3158202785031037
    ],
    "val_accs": [
        0.154,
        0.0943,
        0.0914,
        0.1111,
        0.1173,
        0.1121,
        0.1107,
        0.1037,
        0.1026,
        0.1022,
        0.1014
    ],
    "hyperparameters": {
        "batch_size": 128,
        "learning_rate": 0.0005,
        "momentum": 0.9,
        "weight_decay": 0.0001,
        "optimizer": "adam",
        "early_stopping": true,
        "patience": 10
    },
    "runtime_info": {
        "total_training_time": 71.04376912117004,
        "avg_epoch_time": 6.458524465560913,
        "timestamp": "2025-04-16 09:56:02"
    }
}