{
    "model_name": "Adam_GELU_standard",
    "features": [
        "GELU",
        "Adam"
    ],
    "epochs": 54,
    "best_epoch": 44,
    "best_val_acc": 0.5653,
    "training_time": 129.58264803886414,
    "train_losses": [
        2.5164382718991143,
        2.0567049998226765,
        1.898980339055829,
        1.8058022243100071,
        1.736279353815001,
        1.6888709726939846,
        1.6294606263594744,
        1.5971174305519864,
        1.5598172291017842,
        1.5293341479185263,
        1.4950961279264952,
        1.4767465950843441,
        1.4483614497962218,
        1.4298232564444628,
        1.4148727990995003,
        1.393385053839356,
        1.3765190528325935,
        1.3718594217970654,
        1.3514024835836813,
        1.3439945247032137,
        1.3351639846485464,
        1.3158887624688096,
        1.31288328603944,
        1.3111855143468225,
        1.2926019407296947,
        1.287963221700624,
        1.27770254610921,
        1.2748696102890646,
        1.2644972444088676,
        1.26451878846578,
        1.2590527994463143,
        1.2523914759098664,
        1.244336234638069,
        1.245259158809292,
        1.2370123721418287,
        1.2327180394674384,
        1.2311059819205896,
        1.2233284550836192,
        1.2187332963429913,
        1.213751967513941,
        1.220520864216993,
        1.2080179812717569,
        1.2078390856682666,
        1.2046299475951165,
        1.2055112960661063,
        1.2015416494241282,
        1.194618795518699,
        1.199437691845198,
        1.1960090618305426,
        1.1968842923106437,
        1.1894859677995402,
        1.1813796536557557,
        1.1866755201189836,
        1.18088164748168
    ],
    "val_losses": [
        2.1416007867487994,
        1.8607655769317029,
        1.753636656711754,
        1.6736403254262833,
        1.6130913356900343,
        1.5729041512341237,
        1.5300089986805208,
        1.4940912061865665,
        1.4588523301967775,
        1.4397260797152212,
        1.4139200540887131,
        1.3957305918909777,
        1.376452844793515,
        1.3648206623044654,
        1.3584900853025943,
        1.3419543216127225,
        1.327042980466113,
        1.3175958331604196,
        1.3080051094456493,
        1.3049653690874572,
        1.2951732388855235,
        1.284393652030494,
        1.2842754479077116,
        1.2810534155690432,
        1.279374017339079,
        1.2712375997327345,
        1.2671645943362952,
        1.2652868879258181,
        1.2600804074112977,
        1.26213727114088,
        1.260935349603893,
        1.2580199619315737,
        1.255352223488175,
        1.2523625095067925,
        1.2528120184888711,
        1.2540428940677901,
        1.2500608647133045,
        1.2509322328152996,
        1.2473626089570895,
        1.246463284385392,
        1.2410656690491555,
        1.242287022886706,
        1.2404263950803271,
        1.2439841632615,
        1.2422125159256279,
        1.2443447022528995,
        1.2435511060096536,
        1.243618448132836,
        1.2419074646118875,
        1.2444070121084552,
        1.2440805477489993,
        1.238657891518006,
        1.2375791564952778,
        1.2400338644791111
    ],
    "val_accs": [
        0.2378,
        0.3392,
        0.3896,
        0.4063,
        0.4325,
        0.4487,
        0.4613,
        0.4739,
        0.4862,
        0.4956,
        0.5019,
        0.5059,
        0.5168,
        0.5155,
        0.5213,
        0.5243,
        0.5314,
        0.5354,
        0.5414,
        0.5368,
        0.5433,
        0.546,
        0.5477,
        0.5467,
        0.5499,
        0.55,
        0.5504,
        0.5529,
        0.5521,
        0.5537,
        0.554,
        0.5589,
        0.5544,
        0.5549,
        0.5586,
        0.559,
        0.5601,
        0.5585,
        0.5588,
        0.5613,
        0.5613,
        0.5599,
        0.564,
        0.5653,
        0.5632,
        0.5626,
        0.5579,
        0.5629,
        0.5594,
        0.5605,
        0.5623,
        0.5609,
        0.5623,
        0.5594
    ],
    "hyperparameters": {
        "batch_size": 128,
        "learning_rate": 0.001,
        "momentum": 0.9,
        "weight_decay": 0.0001,
        "optimizer": "adam",
        "early_stopping": true,
        "patience": 10
    },
    "runtime_info": {
        "total_training_time": 129.58264803886414,
        "avg_epoch_time": 2.399678667386373,
        "timestamp": "2025-04-12 20:39:21"
    }
}