{
    "model_name": "Adam_GELU_standard",
    "features": [
        "GELU",
        "Adam"
    ],
    "epochs": 19,
    "best_epoch": 9,
    "best_val_acc": 0.5107,
    "training_time": 116.30462598800659,
    "train_losses": [
        1.8711747960139204,
        1.4540290715244868,
        1.2480214848956075,
        1.0869561663727285,
        0.9503246630901759,
        0.8337690401829926,
        0.7239273971504091,
        0.6262852588852064,
        0.5387690485688056,
        0.4592034912333911,
        0.390185653133468,
        0.3259395726907203,
        0.27002953068126534,
        0.22083671525776927,
        0.1791513943991681,
        0.14459746140621602,
        0.11574400648895998,
        0.09238379948534306,
        0.07210944012011784
    ],
    "val_losses": [
        1.6542790557594016,
        1.5233763007427203,
        1.4647734239709975,
        1.4347196193172305,
        1.4485027985296015,
        1.4768654905368934,
        1.5136613349126762,
        1.554895123858856,
        1.6201458304385545,
        1.7075390518379752,
        1.7781552437842865,
        1.8473487525607997,
        1.9442350775389714,
        2.038260505720518,
        2.13665847781674,
        2.239282832249048,
        2.3510756748283996,
        2.435838747755373,
        2.535344716418471
    ],
    "val_accs": [
        0.4213,
        0.4722,
        0.4922,
        0.4976,
        0.5039,
        0.5063,
        0.5084,
        0.51,
        0.5107,
        0.5024,
        0.5051,
        0.5001,
        0.5008,
        0.497,
        0.4964,
        0.4954,
        0.4942,
        0.5033,
        0.4931
    ],
    "hyperparameters": {
        "batch_size": 128,
        "learning_rate": 0.0005,
        "momentum": 0.9,
        "weight_decay": 0.0001,
        "optimizer": "adam",
        "early_stopping": true,
        "patience": 10
    },
    "runtime_info": {
        "total_training_time": 116.30462598800659,
        "avg_epoch_time": 6.121296104631926,
        "timestamp": "2025-04-13 14:14:19"
    }
}