{
    "model_name": "Adam_GELU_standard",
    "features": [
        "GELU",
        "Adam"
    ],
    "epochs": 49,
    "best_epoch": 39,
    "best_val_acc": 0.4885,
    "training_time": 242.63879990577698,
    "train_losses": [
        2.049604209433282,
        1.7877899485403386,
        1.7196749214021174,
        1.6739843993161234,
        1.6480348707528938,
        1.6257902887043267,
        1.608526590739052,
        1.59288140407026,
        1.5680832177510278,
        1.5635305590140638,
        1.5563631276443697,
        1.546713410600357,
        1.5348000452366088,
        1.535857860078308,
        1.5157030656475894,
        1.52259543187304,
        1.5152179837565287,
        1.5121508322771788,
        1.4965088585180668,
        1.4924945472627162,
        1.4896691605551249,
        1.4894143260129795,
        1.481414856085281,
        1.4868809202164024,
        1.4785925546081207,
        1.4752276832446103,
        1.4707890473274412,
        1.4617161559161316,
        1.4542009709123849,
        1.4550836664955653,
        1.4585917250538016,
        1.4517402927404692,
        1.4471259702363646,
        1.45811111266489,
        1.436153987289462,
        1.4455155722297472,
        1.4447278283917901,
        1.4459016698429712,
        1.4309204597352756,
        1.4368698378661477,
        1.4340635406021591,
        1.4389102402422476,
        1.446611771444174,
        1.4254887912347187,
        1.4407155655065214,
        1.4180714733624122,
        1.4201573895870547,
        1.4185865630296086,
        1.4239125459095465
    ],
    "val_losses": [
        1.7352702780597473,
        1.6239128654320847,
        1.5740608694591776,
        1.5456764253792477,
        1.5419253033465747,
        1.5347942489932134,
        1.5276612875099047,
        1.4855983264200971,
        1.4867650225385434,
        1.5154154739098091,
        1.4883457519628576,
        1.501475846177784,
        1.486465374475466,
        1.5005919515216337,
        1.4861835400968815,
        1.4824260084705985,
        1.4796279499988563,
        1.4925175463264502,
        1.5094165369329906,
        1.5077364444674852,
        1.4798434682548627,
        1.4760271429338092,
        1.478006184339419,
        1.4637443322058137,
        1.49185278887083,
        1.4780406124121233,
        1.4878939752941274,
        1.477376826972481,
        1.4764628692675368,
        1.4792793491269565,
        1.4684832582901757,
        1.4734174640334248,
        1.4583318197131023,
        1.4859835537140966,
        1.4912483715080915,
        1.484135768046234,
        1.4771088305730227,
        1.48477268449564,
        1.474064387652195,
        1.490552423797197,
        1.4956837290009353,
        1.471116517753778,
        1.4870695168055375,
        1.4710985613863876,
        1.4762191482341285,
        1.4903085139458885,
        1.4784174532859211,
        1.4833884247812497,
        1.4826551808810724
    ],
    "val_accs": [
        0.3824,
        0.4239,
        0.4378,
        0.4476,
        0.4493,
        0.4535,
        0.4637,
        0.4703,
        0.4621,
        0.4621,
        0.467,
        0.4533,
        0.4694,
        0.4699,
        0.4706,
        0.476,
        0.4634,
        0.4666,
        0.4588,
        0.4508,
        0.4734,
        0.4732,
        0.4735,
        0.4834,
        0.481,
        0.4692,
        0.4629,
        0.47,
        0.4637,
        0.48,
        0.4732,
        0.466,
        0.4845,
        0.4607,
        0.454,
        0.4752,
        0.4802,
        0.4714,
        0.4885,
        0.4816,
        0.4749,
        0.4781,
        0.4659,
        0.4764,
        0.4729,
        0.4662,
        0.4823,
        0.479,
        0.471
    ],
    "hyperparameters": {
        "batch_size": 128,
        "learning_rate": 0.005,
        "momentum": 0.9,
        "weight_decay": 0.0001,
        "optimizer": "adam",
        "early_stopping": true,
        "patience": 10
    },
    "runtime_info": {
        "total_training_time": 242.63879990577698,
        "avg_epoch_time": 4.95181224297504,
        "timestamp": "2025-04-12 21:22:49"
    }
}