{
    "model_name": "Adam_GELU_standard",
    "features": [
        "GELU",
        "Adam"
    ],
    "accuracy": 0.5523,
    "precision": 0.551300859004627,
    "recall": 0.5523,
    "f1_score": 0.550027050217708,
    "loss": 1.2660611803124842,
    "inference_time": 0.14476704597473145,
    "timestamp": "2025-04-13 11:41:39"
}