{
    "model_name": "Adam_GELU_standard",
    "features": [
        "GELU",
        "Adam"
    ],
    "epochs": 74,
    "best_epoch": 64,
    "best_val_acc": 0.5614,
    "training_time": 167.97673082351685,
    "train_losses": [
        2.418782474638646,
        1.9927979968917964,
        1.8272028869093764,
        1.7227836079977972,
        1.6550707509892575,
        1.5959213462274353,
        1.5495947463813815,
        1.511271410383278,
        1.4759718777597377,
        1.443418602064536,
        1.4113551397351074,
        1.3928407110662062,
        1.365497996834256,
        1.340406499671947,
        1.3210970602717351,
        1.306531096774752,
        1.2829937838181058,
        1.2660257979620697,
        1.254165687936067,
        1.235410202191862,
        1.2285686273386738,
        1.2109117774796656,
        1.1957139922002216,
        1.1905703011905504,
        1.1747733387483887,
        1.1659463171613897,
        1.155942564438202,
        1.1501537923646412,
        1.135899194769834,
        1.1275398983899498,
        1.1213187984184727,
        1.1106550638607318,
        1.1090608797124362,
        1.0971690790420296,
        1.0954616156782453,
        1.0908547390113355,
        1.0827874006647462,
        1.067943628154184,
        1.0631575879937085,
        1.0571586870440943,
        1.0540633757013407,
        1.0479443164427604,
        1.039685281257487,
        1.03647328529296,
        1.0375202192133262,
        1.0247236024537834,
        1.0198576443941827,
        1.0211160218151556,
        1.0174609385972908,
        1.0071803416360743,
        1.0094103649510995,
        1.0003609736744814,
        0.997956356767779,
        0.9944752340126348,
        0.9916621426780412,
        0.985090346519338,
        0.9815407704227863,
        0.9866680668084332,
        0.9783147175657522,
        0.9649043288986668,
        0.971771806377332,
        0.9598432549640631,
        0.9690106703099134,
        0.9638671640974849,
        0.9569633533198932,
        0.9539704028126116,
        0.9508800785034752,
        0.9516250976064217,
        0.9464864928857546,
        0.9383869134988728,
        0.9350756889295821,
        0.933199027976805,
        0.9381757276750338,
        0.9324612137676546
    ],
    "val_losses": [
        2.059648820561717,
        1.7903274230667914,
        1.6918660473539964,
        1.6295321390956128,
        1.5843016835700459,
        1.5336175707895927,
        1.503294197319216,
        1.4725650035164846,
        1.4445923535274425,
        1.4265083400194871,
        1.4112993903661653,
        1.39189337873549,
        1.3769829595966978,
        1.3632645444797704,
        1.3487266446979016,
        1.3467129202192296,
        1.3344190342652247,
        1.3300989197419324,
        1.3159145478718084,
        1.3093817624847957,
        1.3034888790076438,
        1.2965794454523802,
        1.2966010675414212,
        1.2938394773308521,
        1.2830740423633782,
        1.2807283895336856,
        1.278151147114828,
        1.2784871412020686,
        1.276730553127157,
        1.2696571131114078,
        1.2673015149107287,
        1.2676709322072457,
        1.2671373495309957,
        1.26234626543158,
        1.2629380495771594,
        1.2617994984505,
        1.261088648151178,
        1.259257296279938,
        1.2576595988316752,
        1.2585302466144004,
        1.255136710411043,
        1.254275931803321,
        1.252448321210043,
        1.2523603644380499,
        1.2506358923877534,
        1.2506197217859325,
        1.2549689204226973,
        1.2533371583204072,
        1.2560264739385254,
        1.259292030181882,
        1.255644266833621,
        1.2546890971148714,
        1.2579391818714525,
        1.2567454391463657,
        1.2602360095903227,
        1.2579992795710064,
        1.2575380244103804,
        1.257644254075953,
        1.2584492699703547,
        1.260484847409591,
        1.260640680169623,
        1.2632252312316743,
        1.2611873439004755,
        1.2606814021643478,
        1.2628274603707295,
        1.2625290782009724,
        1.2640712231498714,
        1.2663813734075688,
        1.2676264354064912,
        1.267878321899067,
        1.2696318413084056,
        1.272661182587835,
        1.272327861982963,
        1.2756445847344327
    ],
    "val_accs": [
        0.2739,
        0.368,
        0.4071,
        0.4316,
        0.4455,
        0.4601,
        0.4718,
        0.4796,
        0.4911,
        0.4981,
        0.5006,
        0.509,
        0.51,
        0.5174,
        0.5221,
        0.5212,
        0.5253,
        0.5256,
        0.533,
        0.5347,
        0.5367,
        0.5403,
        0.5368,
        0.5388,
        0.5405,
        0.5444,
        0.5415,
        0.5415,
        0.5455,
        0.5455,
        0.5464,
        0.5481,
        0.548,
        0.55,
        0.548,
        0.5512,
        0.5505,
        0.5489,
        0.5513,
        0.5539,
        0.5559,
        0.5538,
        0.5556,
        0.556,
        0.558,
        0.5574,
        0.5548,
        0.5554,
        0.5551,
        0.5543,
        0.5558,
        0.5591,
        0.5589,
        0.5558,
        0.5595,
        0.5584,
        0.5595,
        0.5597,
        0.556,
        0.5592,
        0.5597,
        0.558,
        0.5604,
        0.5614,
        0.5596,
        0.5592,
        0.5607,
        0.5591,
        0.5581,
        0.5585,
        0.5596,
        0.5589,
        0.56,
        0.5595
    ],
    "hyperparameters": {
        "batch_size": 128,
        "learning_rate": 0.0005,
        "momentum": 0.9,
        "weight_decay": 0.0001,
        "optimizer": "adam",
        "early_stopping": true,
        "patience": 10
    },
    "runtime_info": {
        "total_training_time": 167.97673082351685,
        "avg_epoch_time": 2.269955821939417,
        "timestamp": "2025-04-13 11:41:38"
    }
}