{
    "model_name": "Adam_GELU_standard",
    "features": [
        "GELU",
        "Adam"
    ],
    "epochs": 40,
    "best_epoch": 30,
    "best_val_acc": 0.5545,
    "training_time": 103.24835801124573,
    "train_losses": [
        2.3855881994055776,
        1.9413111289171352,
        1.797577082545311,
        1.716569081373471,
        1.6558214154886017,
        1.6046665091189527,
        1.5595981724499142,
        1.5241129394345827,
        1.4869827366085684,
        1.463799399682535,
        1.4351464879522817,
        1.42002094055799,
        1.405594244251728,
        1.3910589507001967,
        1.36762576390561,
        1.361098483880094,
        1.3456346276624391,
        1.3396984235995844,
        1.3251947601117184,
        1.3186765457151697,
        1.3069663434026184,
        1.3014396887076356,
        1.2896209685860271,
        1.2838045316055704,
        1.280897046497684,
        1.278028840457139,
        1.2678405828888892,
        1.2691618134795393,
        1.2634342588994978,
        1.2666843711353655,
        1.2600306780617692,
        1.2483341004673034,
        1.2483517009893295,
        1.2464248404131975,
        1.2375843848533414,
        1.2394889618271125,
        1.2344249551015667,
        1.2318201542799543,
        1.2221512176473752,
        1.2207534560632334
    ],
    "val_losses": [
        1.9924233512046639,
        1.758902393686767,
        1.6501023244860702,
        1.5870412228801174,
        1.528657414542713,
        1.4890426846426241,
        1.452457243834174,
        1.4242506491814115,
        1.3959792725627804,
        1.3774393083656191,
        1.3654003692222418,
        1.3498602726812172,
        1.3365387471109982,
        1.3231414999970976,
        1.3183377680872717,
        1.3123535781841524,
        1.303041952087565,
        1.3033749525395215,
        1.297120108837132,
        1.2887976578586415,
        1.2871366755041775,
        1.2833725003492416,
        1.2764616651774554,
        1.2797092956097509,
        1.2772191247265146,
        1.2750271452230615,
        1.2768102750011439,
        1.27132521205724,
        1.2705085686237387,
        1.2684168510710805,
        1.269677057036612,
        1.266810056829399,
        1.272714565169856,
        1.2660578843537795,
        1.261372589343002,
        1.2607614632220463,
        1.2618207250447704,
        1.2595143932139115,
        1.2616923892085445,
        1.2624697599588766
    ],
    "val_accs": [
        0.3025,
        0.3783,
        0.4198,
        0.4387,
        0.4581,
        0.473,
        0.4866,
        0.498,
        0.5016,
        0.5117,
        0.5147,
        0.5248,
        0.5248,
        0.534,
        0.537,
        0.5334,
        0.5382,
        0.5311,
        0.542,
        0.5435,
        0.5424,
        0.5439,
        0.5498,
        0.5435,
        0.5472,
        0.5542,
        0.545,
        0.5539,
        0.5495,
        0.5545,
        0.5454,
        0.5517,
        0.545,
        0.5506,
        0.5518,
        0.5515,
        0.5529,
        0.5506,
        0.5499,
        0.5507
    ],
    "hyperparameters": {
        "batch_size": 64,
        "learning_rate": 0.001,
        "momentum": 0.9,
        "weight_decay": 0.0001,
        "optimizer": "adam",
        "early_stopping": true,
        "patience": 10
    },
    "runtime_info": {
        "total_training_time": 103.24835801124573,
        "avg_epoch_time": 2.5812089502811433,
        "timestamp": "2025-04-12 20:12:21"
    }
}