{
    "model_name": "Adam_GELU_standard",
    "features": [
        "GELU",
        "Adam"
    ],
    "epochs": 100,
    "best_epoch": 92,
    "best_val_acc": 0.5771,
    "training_time": 637.7580099105835,
    "train_losses": [
        2.741312356064607,
        2.182140449025387,
        2.0241624912435396,
        1.9129964492040805,
        1.8408331106011788,
        1.7886069494579477,
        1.7440101131923182,
        1.7010021870598209,
        1.6732389052244203,
        1.6340587454613256,
        1.604437446930582,
        1.586824115984494,
        1.5574587026594513,
        1.5306211562833119,
        1.5097727081039998,
        1.4919861654005175,
        1.4749568722684792,
        1.4541100842677683,
        1.4348044651934415,
        1.425376197555494,
        1.3908579093356672,
        1.3921157710297434,
        1.368889573552343,
        1.359272664880334,
        1.3404915797964994,
        1.3331977964638433,
        1.319494861374019,
        1.2993512662694342,
        1.2951446814358207,
        1.2841519787203022,
        1.2697069415350082,
        1.2642474120872407,
        1.249255449025896,
        1.2432893045332867,
        1.2281058755865089,
        1.2150800727854192,
        1.2160461922141907,
        1.2023763429052965,
        1.1933687035009335,
        1.1889171046678917,
        1.1753771969538174,
        1.1737685855143152,
        1.167985723480987,
        1.1572299766910985,
        1.1550931074693098,
        1.1382146387294767,
        1.1394576749500434,
        1.1189620943713894,
        1.1280912929547628,
        1.1137533872754959,
        1.1077890282124598,
        1.0979585147685362,
        1.0957468035538822,
        1.0966251453426508,
        1.085975240338509,
        1.0841881119143746,
        1.0815706502744613,
        1.0729102527163592,
        1.0662329795417764,
        1.0649496782484817,
        1.0500596349584057,
        1.053707993587814,
        1.047723660209043,
        1.0408525509073723,
        1.0369583768057302,
        1.037000588148503,
        1.0301460311621662,
        1.0318183244009878,
        1.0214692262313563,
        1.0132642639663387,
        1.0181140381069802,
        1.0169065754813993,
        1.0036407969753014,
        1.006385899621003,
        0.9990188593639374,
        1.0027358086757683,
        0.995995307699673,
        0.9908365860639708,
        0.9913274168318488,
        0.9842333546901239,
        0.9831664032547461,
        0.9792165302702904,
        0.9690761144805603,
        0.9710008952775013,
        0.9676642139200291,
        0.9684560624231121,
        0.9642296975545759,
        0.9590570220822924,
        0.9534974952241013,
        0.9505017072156591,
        0.9511685855572383,
        0.9506264800273098,
        0.9497533704638182,
        0.9440252236570451,
        0.9376086726746664,
        0.9456631951342733,
        0.9457816023607967,
        0.9345983432958571,
        0.9327176816737612,
        0.9334669476324533
    ],
    "val_losses": [
        2.215904736484224,
        2.0216664972801577,
        1.8695485584087765,
        1.7897224958334566,
        1.7291436615707352,
        1.681715490049663,
        1.6512711908715596,
        1.6165649530979986,
        1.5894552416730015,
        1.5702904506516846,
        1.543126677500607,
        1.5231147862872805,
        1.5046068024588148,
        1.4834365959491025,
        1.4610228773316298,
        1.4447735110395417,
        1.4290160900871756,
        1.418628775606781,
        1.3980007322803332,
        1.3903961443667996,
        1.3728741237989506,
        1.3667790508364148,
        1.3576279793593031,
        1.3484918181659749,
        1.3464297894626398,
        1.3324706543832667,
        1.3251277713574579,
        1.3237522822613492,
        1.3099741967078518,
        1.3064184941661723,
        1.3063592640414383,
        1.2966281241604454,
        1.2931808443201516,
        1.2842510076472111,
        1.282600641848605,
        1.2769013538983824,
        1.2742133884698994,
        1.2671001787615026,
        1.2649812364513788,
        1.2639430260119997,
        1.2590308443337148,
        1.257915282333549,
        1.2542359028665495,
        1.2507603090676918,
        1.2486272525074327,
        1.2453462089852951,
        1.2462086992359072,
        1.2436061764022504,
        1.2409423966883415,
        1.2393344099312782,
        1.23486520425575,
        1.2372857084797113,
        1.2335420309356184,
        1.2319970449517565,
        1.2319751629210338,
        1.229222855392118,
        1.2280952600705766,
        1.225160011929824,
        1.2243886441826368,
        1.228371114949448,
        1.2204781035216132,
        1.2224827325329457,
        1.2224011798440402,
        1.2183128139291963,
        1.2218204175823797,
        1.2167731728086866,
        1.2184714958340046,
        1.2160402620830961,
        1.2174890400020766,
        1.2175572856688113,
        1.2139442209561242,
        1.21269880180657,
        1.2162265265943601,
        1.21575817196204,
        1.2141762004468928,
        1.2135563177837563,
        1.2139927778517745,
        1.2157246888985922,
        1.2154872120152032,
        1.2130575653159732,
        1.2141024733416779,
        1.2130765261345946,
        1.2140132769665168,
        1.2169018518599954,
        1.2177439107914567,
        1.2135926885721955,
        1.2132873186915627,
        1.216349357354108,
        1.2174973319293965,
        1.2146289844959326,
        1.2171907865259501,
        1.2162194671718936,
        1.216423640239519,
        1.2147525572958948,
        1.2154142642174992,
        1.2145247967175976,
        1.2175704267265104,
        1.2162666732518823,
        1.21499874847384,
        1.214814199967346
    ],
    "val_accs": [
        0.2108,
        0.3081,
        0.3572,
        0.3861,
        0.4039,
        0.4233,
        0.4307,
        0.4407,
        0.4451,
        0.4555,
        0.4629,
        0.4701,
        0.4738,
        0.4849,
        0.4905,
        0.4928,
        0.4971,
        0.5016,
        0.5098,
        0.5134,
        0.5154,
        0.5244,
        0.5278,
        0.5278,
        0.5237,
        0.531,
        0.5353,
        0.5312,
        0.5347,
        0.539,
        0.5346,
        0.5417,
        0.5425,
        0.5427,
        0.5439,
        0.5465,
        0.5478,
        0.5524,
        0.5487,
        0.5537,
        0.552,
        0.5533,
        0.5549,
        0.5532,
        0.5565,
        0.5588,
        0.5578,
        0.555,
        0.557,
        0.5597,
        0.5595,
        0.5573,
        0.5577,
        0.5595,
        0.559,
        0.5616,
        0.5629,
        0.5647,
        0.5638,
        0.5655,
        0.5699,
        0.567,
        0.5676,
        0.5677,
        0.5684,
        0.5694,
        0.5653,
        0.57,
        0.5701,
        0.569,
        0.5704,
        0.5706,
        0.5709,
        0.5705,
        0.5708,
        0.5736,
        0.5705,
        0.5721,
        0.5735,
        0.5744,
        0.5699,
        0.5738,
        0.5719,
        0.5704,
        0.5732,
        0.5731,
        0.5742,
        0.5728,
        0.5766,
        0.5759,
        0.5768,
        0.5771,
        0.574,
        0.5758,
        0.5745,
        0.5754,
        0.5747,
        0.5731,
        0.5736,
        0.5733
    ],
    "hyperparameters": {
        "batch_size": 256,
        "learning_rate": 0.0005,
        "momentum": 0.9,
        "weight_decay": 0.0001,
        "optimizer": "adam",
        "early_stopping": true,
        "patience": 10
    },
    "runtime_info": {
        "total_training_time": 637.7580099105835,
        "avg_epoch_time": 6.377580099105835,
        "timestamp": "2025-04-16 13:26:44"
    }
}