{
    "model_name": "Adam_GELU_standard",
    "features": [
        "GELU",
        "Adam"
    ],
    "accuracy": 0.5698,
    "precision": 0.5733167375712105,
    "recall": 0.5698,
    "f1_score": 0.567479332648714,
    "loss": 1.2005062776659159,
    "inference_time": 0.28287506103515625,
    "timestamp": "2025-04-16 13:26:44"
}