{
    "model_name": "lr0.0001_drop0.3_wd0.0001_h512_256",
    "features": [
        "GELU",
        "Adam"
    ],
    "epochs": 88,
    "best_epoch": 78,
    "best_val_acc": 0.5553,
    "training_time": 404.43110394477844,
    "train_losses": [
        2.7533418714184905,
        2.264117755337464,
        2.09240377821444,
        1.9787490562980505,
        1.899070051078175,
        1.8372404076565485,
        1.7850519746094893,
        1.747966728468106,
        1.7127841780390878,
        1.6806286267312651,
        1.6462441971775588,
        1.6228641735985876,
        1.602416925284326,
        1.5758084226953435,
        1.553133409898598,
        1.5287660051084435,
        1.5127586438800469,
        1.4944911339018463,
        1.472949677127148,
        1.4600867656357481,
        1.438933961210711,
        1.4222865930587074,
        1.4096254357974345,
        1.3930084136552034,
        1.3850720009076922,
        1.3670660174625675,
        1.3519140854807983,
        1.341073351386157,
        1.3281166031145637,
        1.3151914165369116,
        1.3034007825930145,
        1.2946785991330714,
        1.2886043503563684,
        1.2753520389169584,
        1.2679747947458566,
        1.2523301889051612,
        1.2466759213957,
        1.2387316764297813,
        1.2264672629552735,
        1.2194190281801445,
        1.2097803794895565,
        1.2016486459674882,
        1.1868102943876824,
        1.1827824266622557,
        1.1800785634261988,
        1.1672842081486692,
        1.1641885141756054,
        1.1528856320351044,
        1.1501691464247492,
        1.1363595496644119,
        1.1339583127072026,
        1.1323876086174949,
        1.1200321150067412,
        1.1114889014416842,
        1.1059787805196286,
        1.1108969314397668,
        1.0961454941355553,
        1.092164672041782,
        1.0832730515873161,
        1.0777564801930395,
        1.0732533043661312,
        1.0613018160828127,
        1.0609130607999577,
        1.0578811819601026,
        1.0452616914891364,
        1.0393136289600897,
        1.0389717270204861,
        1.033574722434606,
        1.0225838878116464,
        1.0193485873394112,
        1.0165451329469097,
        1.0107751826740365,
        1.0027159276001236,
        1.002461039699467,
        0.9961296730920612,
        0.9934068234920201,
        0.9898257565184309,
        0.9742456489363426,
        0.9834337451177629,
        0.9698088667103809,
        0.9654544848717032,
        0.962181381758624,
        0.9590603703276064,
        0.9569625893449395,
        0.9498714909697389,
        0.9427156402695115,
        0.9440245273286194,
        0.9323742643146817
    ],
    "val_losses": [
        2.1596900633034535,
        2.021845072666772,
        1.9125626484458342,
        1.8238284194861931,
        1.7664731505260323,
        1.7237656471810736,
        1.6906019327866575,
        1.6625842171854417,
        1.6400403864679869,
        1.6213355598792607,
        1.5991066505259315,
        1.5808538833367876,
        1.5636580515256508,
        1.5522601987127678,
        1.5342757828638198,
        1.5202183937128801,
        1.5106486913211201,
        1.4983121226785245,
        1.4843707067728522,
        1.4708452615836154,
        1.4628636493460068,
        1.4526020203260868,
        1.4418360593681774,
        1.4308958437007178,
        1.4261517906664936,
        1.419254867155752,
        1.4119933259247632,
        1.4017984349769868,
        1.395957761764949,
        1.3857514653301994,
        1.3854528286676469,
        1.3781576792315526,
        1.3719332172985637,
        1.3640460303023376,
        1.360770717066173,
        1.357767719138872,
        1.3535726023007897,
        1.349925810204162,
        1.3451429589440196,
        1.3409493625584417,
        1.336139449532627,
        1.333822686549741,
        1.3306556937321696,
        1.324024292674604,
        1.322896760180356,
        1.3208221440713888,
        1.3197783113713004,
        1.3157063939219997,
        1.312562571429813,
        1.3087294992041292,
        1.3088267998233318,
        1.3045487762507801,
        1.305405911778722,
        1.2963414877896087,
        1.3062328308534161,
        1.2987456167978355,
        1.2989776748494049,
        1.2970969401321246,
        1.2945973200877257,
        1.2913123588657174,
        1.29068953038772,
        1.288935603791063,
        1.2885722014036778,
        1.2847155069180738,
        1.2850874959379912,
        1.2855545510482764,
        1.2857978835093171,
        1.2850872298953047,
        1.28400859644429,
        1.281058368271049,
        1.2837043544399804,
        1.2824384325110023,
        1.2806958781085538,
        1.2790248836382756,
        1.281622902955433,
        1.2785933688865787,
        1.2770655612810715,
        1.2760154249134652,
        1.2787573010157427,
        1.2777386819292493,
        1.2789727637240393,
        1.2754717152887185,
        1.2782860591695067,
        1.2760614473747869,
        1.2744451976292963,
        1.2791844031705417,
        1.2767570034949447,
        1.2769898836598692
    ],
    "val_accs": [
        0.2208,
        0.2931,
        0.3347,
        0.3647,
        0.3852,
        0.3978,
        0.4107,
        0.4167,
        0.4285,
        0.4364,
        0.4438,
        0.4494,
        0.4542,
        0.4583,
        0.4633,
        0.4686,
        0.4727,
        0.4781,
        0.4834,
        0.4886,
        0.4927,
        0.495,
        0.5,
        0.5026,
        0.5043,
        0.506,
        0.5085,
        0.5118,
        0.5123,
        0.5169,
        0.5168,
        0.5193,
        0.521,
        0.5233,
        0.5241,
        0.5262,
        0.5256,
        0.5281,
        0.5286,
        0.5316,
        0.5305,
        0.5321,
        0.5358,
        0.5355,
        0.5348,
        0.537,
        0.5371,
        0.5408,
        0.5406,
        0.5417,
        0.541,
        0.5442,
        0.5429,
        0.5461,
        0.5428,
        0.5438,
        0.542,
        0.5453,
        0.5429,
        0.5459,
        0.5441,
        0.547,
        0.5467,
        0.548,
        0.5478,
        0.5484,
        0.5486,
        0.5493,
        0.5504,
        0.551,
        0.548,
        0.5518,
        0.5518,
        0.5524,
        0.5541,
        0.5539,
        0.5532,
        0.5553,
        0.5528,
        0.5542,
        0.5525,
        0.5547,
        0.5536,
        0.5521,
        0.5549,
        0.551,
        0.5514,
        0.5525
    ],
    "hyperparameters": {
        "batch_size": 128,
        "learning_rate": 0.0001,
        "momentum": 0.9,
        "weight_decay": 0.0001,
        "optimizer": "adam",
        "early_stopping": true,
        "patience": 10
    },
    "runtime_info": {
        "total_training_time": 404.43110394477844,
        "avg_epoch_time": 4.595807999372482,
        "timestamp": "2025-04-16 16:49:58"
    }
}