{
    "model_name": "Adam_GELU_standard",
    "features": [
        "GELU",
        "Adam"
    ],
    "accuracy": 0.5001,
    "precision": 0.49666783322986446,
    "recall": 0.5001,
    "f1_score": 0.49611307602406884,
    "loss": 1.5466049258320542,
    "inference_time": 0.1721341609954834,
    "timestamp": "2025-04-12 21:11:27"
}