{
    "model_name": "Adam_GELU_standard",
    "features": [
        "GELU",
        "Adam"
    ],
    "epochs": 15,
    "best_epoch": 5,
    "best_val_acc": 0.509,
    "training_time": 40.64620804786682,
    "train_losses": [
        1.6636012246433205,
        1.318005022275097,
        1.1711023976394144,
        1.06204873195254,
        0.9690066889971438,
        0.8871862917291321,
        0.8197228936050083,
        0.7526229750368136,
        0.7008741699491939,
        0.6461784394514639,
        0.6058761229874501,
        0.5559218856652112,
        0.524593997009483,
        0.4994683687224469,
        0.46863030840873504
    ],
    "val_losses": [
        1.4932741075890739,
        1.4197063122435576,
        1.4137760023648291,
        1.4499536928179813,
        1.5350393704072742,
        1.6070455675819362,
        1.705784313592899,
        1.7890315608529963,
        1.8974464242229463,
        2.037128684997455,
        2.1009106277682474,
        2.3260413887401743,
        2.3276375487997636,
        2.479842902272712,
        2.56410810579752
    ],
    "val_accs": [
        0.4697,
        0.5005,
        0.5082,
        0.5057,
        0.509,
        0.4961,
        0.4913,
        0.4899,
        0.4935,
        0.4823,
        0.4816,
        0.4847,
        0.4758,
        0.4818,
        0.4803
    ],
    "hyperparameters": {
        "batch_size": 128,
        "learning_rate": 0.005,
        "momentum": 0.9,
        "weight_decay": 0.0001,
        "optimizer": "adam",
        "early_stopping": true,
        "patience": 10
    },
    "runtime_info": {
        "total_training_time": 40.64620804786682,
        "avg_epoch_time": 2.7097472031911214,
        "timestamp": "2025-04-12 21:11:27"
    }
}