{
    "model_name": "Adam_GELU_standard",
    "features": [
        "GELU",
        "Adam"
    ],
    "epochs": 18,
    "best_epoch": 8,
    "best_val_acc": 0.5145,
    "training_time": 114.038489818573,
    "train_losses": [
        1.8730771154052828,
        1.4477845759903727,
        1.2417204867706433,
        1.0821092168757611,
        0.946557632612133,
        0.8264052487492216,
        0.7186561915454334,
        0.6234136182244034,
        0.5348394927113108,
        0.4560780147353489,
        0.38614769186335424,
        0.322529804720835,
        0.26833618048023156,
        0.21949646364176875,
        0.17925856312318847,
        0.14396165307479084,
        0.11508479138058843,
        0.09140332841638527
    ],
    "val_losses": [
        1.65680411784328,
        1.5276623900023911,
        1.4657853373201952,
        1.4446307856659386,
        1.4512947705622288,
        1.4687170955775406,
        1.5105050912987974,
        1.5589808950012567,
        1.6220498098300937,
        1.7078699704123979,
        1.7850958895093298,
        1.8733971716135798,
        1.9564390566495657,
        2.039097675651178,
        2.1442554230760233,
        2.247844387078315,
        2.346078184048622,
        2.4429784148259923
    ],
    "val_accs": [
        0.4205,
        0.4677,
        0.4908,
        0.5048,
        0.511,
        0.5089,
        0.5111,
        0.5145,
        0.5085,
        0.5028,
        0.5043,
        0.5017,
        0.5028,
        0.5042,
        0.4992,
        0.4991,
        0.4959,
        0.4969
    ],
    "hyperparameters": {
        "batch_size": 128,
        "learning_rate": 0.0005,
        "momentum": 0.9,
        "weight_decay": 0.0001,
        "optimizer": "adam",
        "early_stopping": true,
        "patience": 10
    },
    "runtime_info": {
        "total_training_time": 114.038489818573,
        "avg_epoch_time": 6.335471656587389,
        "timestamp": "2025-04-13 13:12:34"
    }
}