{
    "model_name": "Adam_GELU_standard",
    "features": [
        "GELU",
        "Adam"
    ],
    "epochs": 65,
    "best_epoch": 55,
    "best_val_acc": 0.5786,
    "training_time": 332.04269576072693,
    "train_losses": [
        2.453810503607804,
        1.9710325484790001,
        1.8270891712312147,
        1.7360408081471326,
        1.6695075597280815,
        1.6109564671190588,
        1.5665865627989006,
        1.521418337979754,
        1.4863669629187646,
        1.4455130296899397,
        1.4192231894023495,
        1.3919796197461034,
        1.3710020548161785,
        1.3403829720177838,
        1.3252382825510631,
        1.305927311745822,
        1.2930122474197219,
        1.2682671915074795,
        1.2558734458464196,
        1.23351412621936,
        1.2221590562773323,
        1.2115616658442265,
        1.1880066180352682,
        1.184347870368768,
        1.1659015397769363,
        1.1631754504605565,
        1.1526735465380604,
        1.1395570543368703,
        1.1334844202308396,
        1.1172358720625295,
        1.1155682316345203,
        1.1053241664477524,
        1.0983406951350296,
        1.0913172278305714,
        1.09092016616371,
        1.0747306016992981,
        1.07509725846723,
        1.0682798783547283,
        1.0579081653670233,
        1.054638780830802,
        1.0466630854213028,
        1.0370852886756803,
        1.0353048526795443,
        1.0273359434675853,
        1.02722180765063,
        1.0140490664363075,
        1.011404949649291,
        1.0092536963453844,
        1.0017222037118,
        0.9995069402129823,
        0.9953102375869997,
        0.9866505628986604,
        0.9832255161052548,
        0.974092153654544,
        0.9758202220777372,
        0.9752906709081868,
        0.9679935891544054,
        0.9671090864340561,
        0.9521450944370048,
        0.9592191450327909,
        0.9567313239837772,
        0.9479962664463499,
        0.9570497621454744,
        0.9525909242273345,
        0.9470697022933348
    ],
    "val_losses": [
        2.013704775549677,
        1.7815567896371496,
        1.710736002106346,
        1.6273154229876141,
        1.5795684914325032,
        1.5277659334737455,
        1.48710700269591,
        1.4550176683727776,
        1.433607517182477,
        1.3999682962912845,
        1.3801262833209873,
        1.368467877576493,
        1.3513487639630402,
        1.339782217323582,
        1.314806055872268,
        1.3079190400694711,
        1.2920887784456627,
        1.287571294086854,
        1.2796797368715287,
        1.2722398039613367,
        1.2701163032242038,
        1.2628720131346158,
        1.2581412172539324,
        1.2530369404864516,
        1.2453188707130478,
        1.2393383700990621,
        1.2320817727845703,
        1.233550708240961,
        1.2302974935305604,
        1.2248847962056377,
        1.2242900947089213,
        1.2196109650251123,
        1.223262992401738,
        1.217906211818196,
        1.2212610868355696,
        1.220269177203516,
        1.2175844789700339,
        1.2165954429846875,
        1.2110902955679141,
        1.2106833352603523,
        1.207900190921951,
        1.21275489030444,
        1.2132163691516549,
        1.2117365966349132,
        1.2083094744119758,
        1.2096937641063086,
        1.2089196333129588,
        1.2129082444199175,
        1.2102360610147451,
        1.2088744679960775,
        1.205113113635542,
        1.2088915161565978,
        1.2090657731558863,
        1.2098403134622688,
        1.205708968184215,
        1.2094295033609561,
        1.2045234477153974,
        1.2098751419754785,
        1.2085209163330786,
        1.2114072920435701,
        1.2096849959293343,
        1.2120069535090603,
        1.206800402735926,
        1.209347117184619,
        1.2123121714162952
    ],
    "val_accs": [
        0.3058,
        0.3886,
        0.4087,
        0.4361,
        0.448,
        0.4672,
        0.4786,
        0.4913,
        0.5009,
        0.5078,
        0.5121,
        0.519,
        0.5248,
        0.5275,
        0.5332,
        0.5384,
        0.5408,
        0.5444,
        0.5509,
        0.5487,
        0.5507,
        0.5515,
        0.5554,
        0.5578,
        0.5605,
        0.561,
        0.5619,
        0.5596,
        0.5643,
        0.5654,
        0.564,
        0.5672,
        0.5638,
        0.5663,
        0.5654,
        0.5684,
        0.5706,
        0.568,
        0.5702,
        0.5703,
        0.5709,
        0.5697,
        0.5716,
        0.574,
        0.5752,
        0.5734,
        0.5721,
        0.5747,
        0.5726,
        0.5728,
        0.577,
        0.5753,
        0.5726,
        0.5743,
        0.5786,
        0.5718,
        0.5775,
        0.5759,
        0.5772,
        0.5708,
        0.5729,
        0.573,
        0.5751,
        0.5745,
        0.5724
    ],
    "hyperparameters": {
        "batch_size": 64,
        "learning_rate": 0.0005,
        "momentum": 0.9,
        "weight_decay": 0.0001,
        "optimizer": "adam",
        "early_stopping": true,
        "patience": 10
    },
    "runtime_info": {
        "total_training_time": 332.04269576072693,
        "avg_epoch_time": 5.108349165549645,
        "timestamp": "2025-04-13 17:51:44"
    }
}