{
    "model_name": "Adam_GELU_standard",
    "features": [
        "GELU",
        "Adam"
    ],
    "epochs": 52,
    "best_epoch": 42,
    "best_val_acc": 0.5588,
    "training_time": 135.98317503929138,
    "train_losses": [
        2.294850063099059,
        1.8669622487485256,
        1.7173427240193826,
        1.6264753089714414,
        1.5614667805613813,
        1.5082221051527414,
        1.4580472557040758,
        1.4213682104918528,
        1.3831091102143556,
        1.3529474693066237,
        1.3287192815066406,
        1.3010712404900857,
        1.2737524721314253,
        1.2542126992210947,
        1.2399624977060169,
        1.225772371908809,
        1.2051151364975397,
        1.199224743181621,
        1.176918739749328,
        1.1636273376520914,
        1.1534514164138736,
        1.1424093433167253,
        1.1310222416013143,
        1.123355424911193,
        1.111580960092171,
        1.1032399235652608,
        1.0892947513105307,
        1.0850466587699497,
        1.0752178556040237,
        1.0701300153143294,
        1.0635243633462916,
        1.0548683380459452,
        1.0542179473813993,
        1.0472774803015144,
        1.0372756804873817,
        1.0280681700045255,
        1.0282164019507691,
        1.0245776743744308,
        1.014739854846513,
        1.01191058559341,
        1.009034806180241,
        1.0004838979387567,
        0.9958162819176435,
        0.986770077992044,
        0.9867695431766751,
        0.9802064728864881,
        0.9758050286742035,
        0.9700498498918079,
        0.9729620065022251,
        0.9661398538504394,
        0.9689613463870551,
        0.9611624205633641
    ],
    "val_losses": [
        1.8735671751062248,
        1.6882319821802476,
        1.606174904202177,
        1.5444927997131763,
        1.498865511348945,
        1.458902811596881,
        1.4310696113773447,
        1.4016411765309171,
        1.3838895221351712,
        1.362166014760957,
        1.3474318448338638,
        1.3388458785357613,
        1.3275148986243355,
        1.3167622833879145,
        1.3094950359322204,
        1.3030923635681753,
        1.3008620856368684,
        1.2898042847492797,
        1.285227832569258,
        1.282622457616739,
        1.2757323743415478,
        1.2717115421010128,
        1.2702845691734663,
        1.266476028974503,
        1.2626874014607319,
        1.266046705805954,
        1.2652795400172243,
        1.2620813111271563,
        1.2639770013784355,
        1.2634722963868337,
        1.2614412114557678,
        1.26285757891652,
        1.256617535376611,
        1.2606948411395789,
        1.2583895203193916,
        1.2603461736867778,
        1.25998131544689,
        1.2641430759695638,
        1.2646866255123033,
        1.262345584107115,
        1.2608620920366742,
        1.260283639684936,
        1.2629469965726634,
        1.2664823206672757,
        1.2651069815420717,
        1.267933244446607,
        1.2650222511822924,
        1.267597659527953,
        1.2689371455251317,
        1.2699013615795136,
        1.2689830519204937,
        1.270972348995383
    ],
    "val_accs": [
        0.3443,
        0.4063,
        0.4366,
        0.4547,
        0.4685,
        0.4798,
        0.4915,
        0.4982,
        0.5051,
        0.5121,
        0.5204,
        0.5203,
        0.5254,
        0.528,
        0.5312,
        0.5297,
        0.5319,
        0.5371,
        0.5373,
        0.5396,
        0.5406,
        0.5441,
        0.5443,
        0.5482,
        0.5469,
        0.5478,
        0.5496,
        0.5494,
        0.5475,
        0.55,
        0.5508,
        0.5509,
        0.5552,
        0.5541,
        0.5558,
        0.5541,
        0.5543,
        0.5532,
        0.5544,
        0.5568,
        0.5585,
        0.5588,
        0.5561,
        0.5557,
        0.5546,
        0.5578,
        0.555,
        0.5569,
        0.5546,
        0.5545,
        0.554,
        0.5569
    ],
    "hyperparameters": {
        "batch_size": 64,
        "learning_rate": 0.0005,
        "momentum": 0.9,
        "weight_decay": 0.0001,
        "optimizer": "adam",
        "early_stopping": true,
        "patience": 10
    },
    "runtime_info": {
        "total_training_time": 135.98317503929138,
        "avg_epoch_time": 2.6150610584479113,
        "timestamp": "2025-04-13 11:43:56"
    }
}