{
    "model_name": "lr0.0001_drop0.5_wd0.0001_h512_256",
    "features": [
        "GELU",
        "Adam"
    ],
    "accuracy": 0.5391,
    "precision": 0.5449134116526019,
    "recall": 0.5391,
    "f1_score": 0.5359945012216926,
    "loss": 1.2863516968108215,
    "inference_time": 0.30164408683776855,
    "timestamp": "2025-04-16 16:39:13"
}