{
    "model_name": "lr0.0001_drop0.5_wd0.0001_h512_256",
    "features": [
        "GELU",
        "Adam"
    ],
    "epochs": 100,
    "best_epoch": 98,
    "best_val_acc": 0.5421,
    "training_time": 492.2449240684509,
    "train_losses": [
        3.327929681372291,
        2.5975331034874145,
        2.371543349432113,
        2.2772358172017104,
        2.2086530042996624,
        2.150181883789399,
        2.0892887987601156,
        2.035523911025648,
        1.9975605200001783,
        1.9527626621808798,
        1.922830228702555,
        1.8904126895416078,
        1.8628056181169916,
        1.840792946817929,
        1.8237099832928902,
        1.8001309255363036,
        1.7816821877297937,
        1.7665188491160855,
        1.7504090428255272,
        1.7373820111363396,
        1.7156738995286265,
        1.7059583739558524,
        1.6913083055196074,
        1.6834971999232087,
        1.6645958210301057,
        1.6557720800927214,
        1.6454167061062541,
        1.632858791145906,
        1.6264978879768106,
        1.6166057068797528,
        1.5975105206740428,
        1.595783465825691,
        1.5847220867635305,
        1.5769764560330495,
        1.5687538987714087,
        1.5686266672577194,
        1.543292875722568,
        1.5368467255594596,
        1.5341047452089385,
        1.524344612631018,
        1.5157742912881926,
        1.5133698899223273,
        1.506240896291216,
        1.496528917687256,
        1.4909135282539319,
        1.4819854387023002,
        1.4799227618407094,
        1.4724681602731953,
        1.4675433991221234,
        1.4555670529970315,
        1.4553196933070127,
        1.444002297606223,
        1.4389695685484576,
        1.431049599019043,
        1.428738490875637,
        1.4224765526927041,
        1.4179030251935214,
        1.412299793869274,
        1.4101115842284326,
        1.396933689327388,
        1.3939670650142781,
        1.3921048377700893,
        1.388042949476678,
        1.3803573981196227,
        1.3757795055099802,
        1.3694551777527615,
        1.369673338695197,
        1.3656401191303915,
        1.354506291576999,
        1.3533521781689273,
        1.3509739381344303,
        1.3477151529605766,
        1.3372744535576238,
        1.3378705645373892,
        1.3306690731618342,
        1.3282270611138702,
        1.32273682855728,
        1.3211609325410796,
        1.315776458306123,
        1.3054546347617553,
        1.3110675727990329,
        1.3003736625288482,
        1.302451509355168,
        1.2976695656450823,
        1.2895573569184098,
        1.2917979398202066,
        1.2857608091701538,
        1.279217350174965,
        1.2751290385945035,
        1.2753676284888837,
        1.2690582089591615,
        1.2677887745807046,
        1.2645404719505102,
        1.265509144622336,
        1.255526956654122,
        1.250955203443038,
        1.258817880497104,
        1.24888803034468,
        1.24949215446151,
        1.2370277437517145
    ],
    "val_losses": [
        2.2475399931363693,
        2.2133094490224527,
        2.2073039079088774,
        2.1789912485226677,
        2.1259587737942227,
        2.0596499875056566,
        1.9967737423064704,
        1.9438581844374272,
        1.8969235523098622,
        1.8625491584895666,
        1.8298093615533002,
        1.8020066743793486,
        1.777352066217514,
        1.758415858124264,
        1.7426118588085857,
        1.7251960873777559,
        1.706075515776605,
        1.6887097478357267,
        1.6799330352838384,
        1.668542801768631,
        1.653111066583524,
        1.645890369358917,
        1.631057023473274,
        1.6207751398478252,
        1.6119737292166951,
        1.6014230388739044,
        1.5915930500915076,
        1.581413104643628,
        1.5727601961680389,
        1.5643366094862412,
        1.5572934813452723,
        1.5449439810099153,
        1.5402335382357608,
        1.5333032032076541,
        1.527286244854725,
        1.5212340163919278,
        1.5085261279040831,
        1.503064265086026,
        1.4984386171825796,
        1.4870762065605325,
        1.4834552443670037,
        1.4810878866364208,
        1.4754409463002627,
        1.4658706145360818,
        1.459940335105115,
        1.4561497905190162,
        1.451608908180254,
        1.4456374754963603,
        1.440429212286365,
        1.4341015586281645,
        1.4296742674176126,
        1.427261394592473,
        1.421289433529786,
        1.4162885096822229,
        1.4124816978569696,
        1.4078051100017706,
        1.4048577057363167,
        1.4006637309747667,
        1.3967841877820657,
        1.3899021282832174,
        1.38888078985553,
        1.3874763402184604,
        1.3804211478421704,
        1.3780613451454475,
        1.3763504643121172,
        1.371533716766979,
        1.367318685782163,
        1.368150066311636,
        1.3611544353730949,
        1.3574501939643007,
        1.3569810865686778,
        1.3543452964420697,
        1.3477883067427299,
        1.3461191037894085,
        1.3429429963078248,
        1.3408407188390903,
        1.3382556510750516,
        1.3376559376184378,
        1.3332198514724622,
        1.3323285528122706,
        1.329363750154076,
        1.3255828553119782,
        1.3244265239917141,
        1.3226205042155192,
        1.3184391746225426,
        1.3163846776073576,
        1.3165320725488885,
        1.3112553259661044,
        1.3103302738033027,
        1.307463321261661,
        1.3062430561795462,
        1.3051646456530897,
        1.3049593698862383,
        1.302654544516038,
        1.2995494363020108,
        1.2995544298046704,
        1.2967034923353236,
        1.2948989849261987,
        1.2928963854791014,
        1.2873973730706454
    ],
    "val_accs": [
        0.1796,
        0.2044,
        0.2047,
        0.2183,
        0.2463,
        0.2712,
        0.2983,
        0.3132,
        0.3319,
        0.3419,
        0.3568,
        0.3679,
        0.3771,
        0.3875,
        0.392,
        0.3945,
        0.4049,
        0.4114,
        0.415,
        0.4193,
        0.4249,
        0.4283,
        0.4326,
        0.435,
        0.4391,
        0.4453,
        0.4451,
        0.448,
        0.4522,
        0.4552,
        0.4572,
        0.4591,
        0.4601,
        0.4659,
        0.4654,
        0.4687,
        0.4736,
        0.4728,
        0.4753,
        0.4798,
        0.4791,
        0.4797,
        0.4814,
        0.4864,
        0.4888,
        0.4898,
        0.4924,
        0.4939,
        0.4949,
        0.4962,
        0.4972,
        0.4981,
        0.4991,
        0.5024,
        0.5032,
        0.5058,
        0.5076,
        0.5087,
        0.5097,
        0.5094,
        0.5124,
        0.5116,
        0.514,
        0.5154,
        0.5184,
        0.5182,
        0.5188,
        0.5178,
        0.5202,
        0.5213,
        0.5192,
        0.5239,
        0.5259,
        0.5263,
        0.5268,
        0.5275,
        0.5289,
        0.5296,
        0.5286,
        0.5271,
        0.5315,
        0.5318,
        0.532,
        0.5326,
        0.5334,
        0.5352,
        0.5347,
        0.537,
        0.5377,
        0.5377,
        0.5365,
        0.5355,
        0.5369,
        0.5371,
        0.5376,
        0.5377,
        0.5408,
        0.5421,
        0.5412,
        0.5412
    ],
    "hyperparameters": {
        "batch_size": 128,
        "learning_rate": 0.0001,
        "momentum": 0.9,
        "weight_decay": 0.0001,
        "optimizer": "adam",
        "early_stopping": true,
        "patience": 10
    },
    "runtime_info": {
        "total_training_time": 492.2449240684509,
        "avg_epoch_time": 4.922449240684509,
        "timestamp": "2025-04-16 16:39:13"
    }
}