{
    "model_name": "Adam_BatchNorm_GELU_standard",
    "features": [
        "GELU",
        "Adam",
        "BatchNorm"
    ],
    "epochs": 11,
    "best_epoch": 1,
    "best_val_acc": 0.2613,
    "training_time": 86.66761183738708,
    "train_losses": [
        2.0539237297074124,
        1.7339065279683696,
        1.6373697156471725,
        1.5753048012593514,
        1.5242244635640343,
        1.4990077443816472,
        1.474855659038495,
        1.4529984435452648,
        1.456246945244235,
        1.5040729226239467,
        1.5773716176239245
    ],
    "val_losses": [
        2.0628246226131424,
        2.1347103153181415,
        2.1691447977735088,
        2.1894775888561546,
        2.2068413082874136,
        2.2371556954200167,
        2.2647307287054006,
        2.2791833845180167,
        2.298442254549273,
        2.3009937859709946,
        2.303454876479232
    ],
    "val_accs": [
        0.2613,
        0.2119,
        0.2033,
        0.1812,
        0.1733,
        0.1391,
        0.1268,
        0.1291,
        0.1193,
        0.1116,
        0.1081
    ],
    "hyperparameters": {
        "batch_size": 128,
        "learning_rate": 0.0005,
        "momentum": 0.9,
        "weight_decay": 0.0001,
        "optimizer": "adam",
        "early_stopping": true,
        "patience": 10
    },
    "runtime_info": {
        "total_training_time": 86.66761183738708,
        "avg_epoch_time": 7.878873803398826,
        "timestamp": "2025-04-13 13:03:04"
    }
}