{
    "model_name": "Adam_BatchNorm_GELU_standard",
    "features": [
        "GELU",
        "Adam",
        "BatchNorm"
    ],
    "accuracy": 0.2549,
    "precision": 0.31346168855294443,
    "recall": 0.2549,
    "f1_score": 0.22098966358703606,
    "loss": 2.0641158547777954,
    "inference_time": 0.45944809913635254,
    "timestamp": "2025-04-13 13:03:05"
}