{
    "model_name": "Adam_GELU_standard",
    "features": [
        "GELU",
        "Adam"
    ],
    "epochs": 81,
    "best_epoch": 71,
    "best_val_acc": 0.5489,
    "training_time": 302.12073397636414,
    "train_losses": [
        2.555924096733446,
        2.29059801747977,
        2.2139911751571253,
        2.075016013557514,
        1.9782644514410106,
        1.9286576947282636,
        1.8727969925548469,
        1.8211022317301961,
        1.779092619766394,
        1.7381140191432582,
        1.7075085320057117,
        1.6747194687830929,
        1.650831438887484,
        1.6306170082359637,
        1.6072120737042346,
        1.5889411875714954,
        1.569306919734432,
        1.553361003925205,
        1.539490653733501,
        1.5282744935096295,
        1.5061044097750045,
        1.4914427894689382,
        1.4807162914017868,
        1.4719846530846947,
        1.4564024603578345,
        1.4493382655704496,
        1.4433341362660095,
        1.4258961547685152,
        1.4191676323939568,
        1.4174749410643481,
        1.406643450113568,
        1.4001510707832097,
        1.388207397650425,
        1.3866808946459837,
        1.3741263960103773,
        1.3712597946976566,
        1.3683932468530786,
        1.3584912723572313,
        1.3606953777777624,
        1.3518686764351624,
        1.34686913294234,
        1.3413405185747478,
        1.3397408159052364,
        1.3364190475738373,
        1.336629651016001,
        1.3324440846375238,
        1.32694748128058,
        1.3263536140481176,
        1.3180867466397426,
        1.3152680028473924,
        1.3089656509489267,
        1.3017459193697891,
        1.301572944851103,
        1.300137435509626,
        1.2930373105192587,
        1.297580627616173,
        1.2894979604074013,
        1.2961683842894005,
        1.2840100849597849,
        1.289200186488801,
        1.2853586531075698,
        1.2861283362915101,
        1.2797435320466883,
        1.2817512875101404,
        1.2726474542335116,
        1.2727837318368387,
        1.2744854605191822,
        1.2723017535528562,
        1.2645872734880943,
        1.2664250589621024,
        1.2615284932612791,
        1.2650778146078665,
        1.2585863374625301,
        1.255345282009677,
        1.2549677866367486,
        1.2568990295097624,
        1.2498939923614105,
        1.2533619950468131,
        1.2523225355613201,
        1.256298465176711,
        1.2445211942205745
    ],
    "val_losses": [
        2.291680492620985,
        2.2420803711575537,
        2.0519368167588126,
        1.902949775468942,
        1.8378792531742714,
        1.7991411959339678,
        1.7511636425661419,
        1.6940101860494823,
        1.6572498184277704,
        1.619591049112347,
        1.5905096228254876,
        1.5628806101657367,
        1.5417445920117123,
        1.5170008657620402,
        1.5047611963400036,
        1.479800581844484,
        1.4708636497565988,
        1.459996023180101,
        1.4439553416760154,
        1.429238594229028,
        1.4203831180652364,
        1.4080692321264277,
        1.4025893595163608,
        1.3891095036016343,
        1.3829580813025508,
        1.3754501631025777,
        1.3715161907683604,
        1.3646635315918099,
        1.3563186364693425,
        1.3531499908912066,
        1.3484056995259983,
        1.3412732417583497,
        1.3392641239092054,
        1.334159648599433,
        1.3308544889643086,
        1.3288498701028393,
        1.327964076498739,
        1.330427627101813,
        1.3218919118555008,
        1.3203868597881936,
        1.320681749928449,
        1.3197891853396817,
        1.3167576901487925,
        1.3162620783996497,
        1.316234024222278,
        1.3100685899139421,
        1.3113334410385635,
        1.3083615879741846,
        1.3064058238759018,
        1.3075551352738402,
        1.3057610264962636,
        1.3037309969148365,
        1.303713371684693,
        1.300703486368511,
        1.3013194907095293,
        1.301322479168725,
        1.3048285218511224,
        1.3026564907130935,
        1.304128662134006,
        1.3024054569097927,
        1.3055997013302834,
        1.3051600997275814,
        1.3039514953154852,
        1.302154783456623,
        1.3038484940760122,
        1.300399027731377,
        1.29725381741097,
        1.2994155345491072,
        1.2969797290503056,
        1.2996708016938605,
        1.297694775949333,
        1.3014148957388414,
        1.300955004131919,
        1.3034867479865468,
        1.3038121676000054,
        1.3039796012160685,
        1.3054602042495036,
        1.2996374665403818,
        1.3035435803908422,
        1.3038476911416184,
        1.3004252474180824
    ],
    "val_accs": [
        0.1201,
        0.1632,
        0.2285,
        0.2541,
        0.2931,
        0.3099,
        0.3441,
        0.3718,
        0.38,
        0.4025,
        0.4186,
        0.4279,
        0.4351,
        0.4512,
        0.4533,
        0.4671,
        0.4701,
        0.4753,
        0.4819,
        0.4869,
        0.4895,
        0.4923,
        0.5001,
        0.5014,
        0.5002,
        0.5058,
        0.5104,
        0.5086,
        0.5177,
        0.5145,
        0.5185,
        0.5181,
        0.5192,
        0.52,
        0.5224,
        0.5277,
        0.5257,
        0.5302,
        0.5316,
        0.527,
        0.5277,
        0.5323,
        0.5339,
        0.5311,
        0.5327,
        0.5366,
        0.536,
        0.5354,
        0.5407,
        0.5343,
        0.5378,
        0.5384,
        0.5382,
        0.5398,
        0.5396,
        0.5393,
        0.5366,
        0.541,
        0.5368,
        0.5397,
        0.5361,
        0.5378,
        0.5374,
        0.5399,
        0.5394,
        0.5416,
        0.5423,
        0.5457,
        0.5431,
        0.5432,
        0.5489,
        0.5445,
        0.5479,
        0.5453,
        0.5445,
        0.5451,
        0.5383,
        0.5433,
        0.5434,
        0.5423,
        0.5377
    ],
    "hyperparameters": {
        "batch_size": 32,
        "learning_rate": 0.0005,
        "momentum": 0.9,
        "weight_decay": 0.0001,
        "optimizer": "adam",
        "early_stopping": true,
        "patience": 10
    },
    "runtime_info": {
        "total_training_time": 302.12073397636414,
        "avg_epoch_time": 3.729885604646471,
        "timestamp": "2025-04-13 10:57:56"
    }
}