{
    "model_name": "Adam_GELU_standard",
    "features": [
        "GELU",
        "Adam"
    ],
    "accuracy": 0.5372,
    "precision": 0.5364490049018493,
    "recall": 0.5372,
    "f1_score": 0.535471592369533,
    "loss": 1.296256290761944,
    "inference_time": 0.1963648796081543,
    "timestamp": "2025-04-13 10:57:56"
}