{
    "model_name": "Adam_GELU_minmax",
    "features": [
        "GELU",
        "Adam"
    ],
    "accuracy": 0.5178,
    "precision": 0.5235928158811319,
    "recall": 0.5178,
    "f1_score": 0.5134462415235894,
    "loss": 1.3446987529605516,
    "inference_time": 0.4783968925476074,
    "timestamp": "2025-04-16 14:23:49"
}