{
    "model_name": "Adam_GELU_minmax",
    "features": [
        "GELU",
        "Adam"
    ],
    "epochs": 100,
    "best_epoch": 97,
    "best_val_acc": 0.5277,
    "training_time": 605.8845748901367,
    "train_losses": [
        2.294088659964919,
        2.0842317276032194,
        1.9578700936796094,
        1.8935117860477024,
        1.8609965381197537,
        1.8356627499473153,
        1.8228402401898955,
        1.8094246603323323,
        1.8003019391092137,
        1.792130877871918,
        1.778366217399663,
        1.7804627685080814,
        1.7652616847412752,
        1.7564018378938815,
        1.7526308429073194,
        1.7393657271156615,
        1.734438557159492,
        1.725527678669738,
        1.722686203963086,
        1.7121438777440263,
        1.6998780852051663,
        1.6948507529048222,
        1.6845007311684816,
        1.6798304734710807,
        1.6696435745263147,
        1.6591211385800748,
        1.6472689254892539,
        1.6464356071397006,
        1.6337492266103484,
        1.6305143656350911,
        1.616073604879529,
        1.6154532858416177,
        1.607305536867192,
        1.6027415755468846,
        1.5953196333894324,
        1.5877285564392352,
        1.5817349868854094,
        1.5786657956095573,
        1.5673454805098983,
        1.5711853371666817,
        1.5639850141037905,
        1.5551919056207169,
        1.5519538618801314,
        1.544938482931056,
        1.5339923191420806,
        1.5345056412225566,
        1.532676488945972,
        1.5283220246493001,
        1.5200840627783596,
        1.5211846822979689,
        1.517188970257735,
        1.5118704954728983,
        1.512011443729234,
        1.5017871627176238,
        1.4980159312519072,
        1.498163953152471,
        1.4937512438738059,
        1.4917766153127061,
        1.49040013595296,
        1.4833331622488253,
        1.4782784505316666,
        1.476922767478444,
        1.4821843339100385,
        1.4712360723138451,
        1.4705328368353499,
        1.472698245835607,
        1.466087407891245,
        1.4647651506846544,
        1.4615161519957618,
        1.456819678382188,
        1.4537887163218242,
        1.4479000994240447,
        1.4471812941895765,
        1.448706144714741,
        1.4475264310315024,
        1.4411224384792773,
        1.4448840935038465,
        1.4363929164598999,
        1.4401776455994377,
        1.4316156017712711,
        1.426252096753854,
        1.4357033536114399,
        1.4322986451092952,
        1.425331233754048,
        1.4272707139968477,
        1.4234458319250376,
        1.4188862437817868,
        1.4227756207549507,
        1.418451212741877,
        1.4135973987388921,
        1.4121761678140226,
        1.4185856322796202,
        1.411936899190211,
        1.4084905756010315,
        1.405072390627591,
        1.4034690637454972,
        1.4071156359940393,
        1.4035791288343606,
        1.4062446683313345,
        1.4055340465744743
    ],
    "val_losses": [
        2.1552143491880367,
        1.9665188561169795,
        1.8591149695176155,
        1.8186553451031389,
        1.7872537052642754,
        1.808846224906456,
        1.7793731667741783,
        1.763795175078738,
        1.7350050023746268,
        1.74407048261563,
        1.7486024037629737,
        1.7318404277469712,
        1.7161903431566186,
        1.7078247826092887,
        1.7091124341229675,
        1.6906864489589102,
        1.7102209340316779,
        1.6934379209644628,
        1.6868271042299035,
        1.6625151958841324,
        1.6717063619325367,
        1.633937668559186,
        1.6244728093012621,
        1.632795770014908,
        1.622285892837989,
        1.6021242516945142,
        1.612374384977695,
        1.5937451882402767,
        1.579286929321322,
        1.5632723154755637,
        1.5623083400325413,
        1.5540835806287618,
        1.5545139764659415,
        1.5513018816333553,
        1.5272456963963332,
        1.534773862112645,
        1.5280504688577083,
        1.517114049796827,
        1.5175704534540502,
        1.5110121400247944,
        1.5084323137437128,
        1.4908074974303767,
        1.5100778115260003,
        1.4956115338154166,
        1.4918490578196915,
        1.4822932737959795,
        1.4904616122435892,
        1.471722814086901,
        1.47972651827389,
        1.4672021665942647,
        1.4696035465947228,
        1.4694249629438447,
        1.485173202026553,
        1.4555119471883846,
        1.4643592501643958,
        1.4497023316875721,
        1.4381467071465581,
        1.4499545735857504,
        1.4439452141886944,
        1.4258532353531088,
        1.436156694577072,
        1.418215169827156,
        1.4220498877068597,
        1.4209136678765812,
        1.4507450967556386,
        1.4148094655581673,
        1.4184602126560217,
        1.409893315794427,
        1.4200310750438574,
        1.4136491506637832,
        1.412189407185978,
        1.406237826242888,
        1.4143234956128203,
        1.3993435963715275,
        1.4071981118549715,
        1.4048605836924701,
        1.3901189376034755,
        1.422533341099016,
        1.412197992413458,
        1.3866116435135845,
        1.3832853130755416,
        1.3869894988702307,
        1.394025201854496,
        1.3860415044147119,
        1.387117577780494,
        1.3847539551511199,
        1.3896584493835689,
        1.3795775102043475,
        1.3701656095756294,
        1.379512145032079,
        1.375783427122143,
        1.3782889944456869,
        1.369758712168627,
        1.3791097433084525,
        1.3637146382735243,
        1.3574926668902367,
        1.3611938693274308,
        1.3559408941274584,
        1.359821558816044,
        1.3726089243639263
    ],
    "val_accs": [
        0.2247,
        0.3321,
        0.3559,
        0.3679,
        0.3799,
        0.3693,
        0.3796,
        0.3774,
        0.3969,
        0.3959,
        0.3826,
        0.3955,
        0.3985,
        0.4011,
        0.3996,
        0.4062,
        0.3885,
        0.4108,
        0.4131,
        0.4192,
        0.4081,
        0.4294,
        0.4262,
        0.422,
        0.4284,
        0.4417,
        0.4314,
        0.4374,
        0.4419,
        0.4502,
        0.4494,
        0.4641,
        0.4585,
        0.4509,
        0.4702,
        0.4568,
        0.4747,
        0.4727,
        0.4731,
        0.4672,
        0.4668,
        0.4809,
        0.4769,
        0.4716,
        0.468,
        0.4755,
        0.4677,
        0.4893,
        0.4782,
        0.489,
        0.4849,
        0.4892,
        0.4753,
        0.4895,
        0.4812,
        0.493,
        0.4945,
        0.4966,
        0.4983,
        0.5031,
        0.4911,
        0.5072,
        0.5015,
        0.5025,
        0.4789,
        0.5104,
        0.4996,
        0.5112,
        0.4904,
        0.5028,
        0.5071,
        0.5062,
        0.5025,
        0.5123,
        0.508,
        0.5089,
        0.5151,
        0.4917,
        0.5059,
        0.5161,
        0.5116,
        0.5173,
        0.5094,
        0.5151,
        0.5105,
        0.506,
        0.5114,
        0.5138,
        0.5228,
        0.5138,
        0.5173,
        0.5168,
        0.5206,
        0.5117,
        0.5208,
        0.5263,
        0.5277,
        0.5265,
        0.5266,
        0.5139
    ],
    "hyperparameters": {
        "batch_size": 128,
        "learning_rate": 0.0005,
        "momentum": 0.9,
        "weight_decay": 0.0001,
        "optimizer": "adam",
        "early_stopping": true,
        "patience": 10
    },
    "runtime_info": {
        "total_training_time": 605.8845748901367,
        "avg_epoch_time": 6.058845748901367,
        "timestamp": "2025-04-16 14:23:49"
    }
}