{
    "model_name": "Adam_GELU_standard",
    "features": [
        "GELU",
        "Adam"
    ],
    "epochs": 125,
    "best_epoch": 115,
    "best_val_acc": 0.5335,
    "training_time": 355.69121503829956,
    "train_losses": [
        3.80891548282019,
        2.4798490261977992,
        2.3494399866872997,
        2.3064039287707834,
        2.2754454944596123,
        2.239155135481759,
        2.192093683615245,
        2.1450314285519343,
        2.0947593982219064,
        2.050917761388054,
        2.0107690642191,
        1.978186470154962,
        1.9444628701033242,
        1.9185364871444244,
        1.8908452648847884,
        1.8690256101617604,
        1.847966647245443,
        1.830665841372268,
        1.8111092207659103,
        1.7943708851426854,
        1.7766179362899672,
        1.7616950960749709,
        1.7488012282315235,
        1.731068529348244,
        1.7146326395120162,
        1.7123841767850194,
        1.6943722287240712,
        1.6817731365295385,
        1.6701618558092683,
        1.66151911297724,
        1.6530564642047219,
        1.6452302251227058,
        1.6397893890361586,
        1.6211239783130447,
        1.6153124759678883,
        1.6055709142701835,
        1.6056004220655704,
        1.6031289340984531,
        1.5940075728092682,
        1.5799405007579053,
        1.578913214289255,
        1.5749731712087642,
        1.5660807743994678,
        1.5695315040211402,
        1.5580829611903966,
        1.555366635824684,
        1.544829867996728,
        1.54923990250413,
        1.5384720902598714,
        1.5358955814064608,
        1.5282161012314772,
        1.5231618346801155,
        1.5190863698749,
        1.515715487797414,
        1.517734893920676,
        1.5024503266230627,
        1.505080107182509,
        1.505115005140098,
        1.4998266206898838,
        1.4964840045724521,
        1.4946950170445876,
        1.4928977465786175,
        1.4954027300091226,
        1.4869053003700499,
        1.4883610056388532,
        1.481236499604437,
        1.4855377858757783,
        1.481928734507412,
        1.4748840723939762,
        1.4712781280607126,
        1.4670641932432167,
        1.4648187664928762,
        1.4664590002637827,
        1.4720470003915782,
        1.4547575178902268,
        1.459350028068272,
        1.4563768209268564,
        1.4528856733192121,
        1.4523937840055756,
        1.4551181941470064,
        1.4459989269878473,
        1.4568244097611731,
        1.4431919310210943,
        1.4486467239208218,
        1.445299359250416,
        1.4473577754871805,
        1.446007713156463,
        1.4489417678474543,
        1.437921242139805,
        1.4378750250423322,
        1.4393482272954017,
        1.4359083454835424,
        1.4388625544239575,
        1.438633215338811,
        1.4349889132989324,
        1.4309956117418372,
        1.4367185184936397,
        1.428658993022302,
        1.433280880215336,
        1.4373000250864227,
        1.4334302118297,
        1.424126100097912,
        1.4282204961177294,
        1.4259896423257994,
        1.4278127643931455,
        1.4206714295097518,
        1.422366132540742,
        1.419990335432081,
        1.4225939904789777,
        1.4306558173591686,
        1.4156792726219025,
        1.4208134275065563,
        1.4148584285294419,
        1.4136220678481677,
        1.4210894280731088,
        1.4147763425788775,
        1.4254855680381182,
        1.4232074680438749,
        1.4157158940475276,
        1.4114664905000882,
        1.4142829484294728,
        1.4063813612916591,
        1.4167287554452541,
        1.4163945451760047,
        1.4055512719818006
    ],
    "val_losses": [
        2.303435864316795,
        2.307656154767081,
        2.2971353577767406,
        2.2745057365448296,
        2.238247003459546,
        2.1792541129805505,
        2.0994912190942543,
        2.046537920578098,
        1.98375424012593,
        1.936044185989305,
        1.8878501360853734,
        1.8550664412183302,
        1.8143480941077414,
        1.7909293653096179,
        1.756786970994524,
        1.737978570759418,
        1.7126061221791988,
        1.6970569298136033,
        1.6705393958876327,
        1.65849323315627,
        1.6429253946498974,
        1.6222045855490077,
        1.6067599158259134,
        1.5978386202668662,
        1.5802579359128077,
        1.5744243656131263,
        1.5534976377396956,
        1.5464245686506943,
        1.5344197662601127,
        1.525748900231689,
        1.5133136787237464,
        1.5059897865959107,
        1.5005785131117237,
        1.4885510576022092,
        1.4783343384647352,
        1.4741151782735291,
        1.469111826823038,
        1.464798056901388,
        1.4601361431360331,
        1.4497174850025658,
        1.4423969466667446,
        1.4412951657559616,
        1.4393347466484905,
        1.4331233918112765,
        1.4263305158049207,
        1.4239352995110148,
        1.419576075923007,
        1.4124891144642377,
        1.409144248130417,
        1.407583874766878,
        1.403288192397667,
        1.3969895315828926,
        1.3944873766535992,
        1.3911993349627023,
        1.3925276194667693,
        1.3854533007843952,
        1.382265101719172,
        1.381407365980247,
        1.3777271032273117,
        1.3737843773308152,
        1.373888366496728,
        1.3706513155826352,
        1.3681043256467553,
        1.3675992942084798,
        1.3669274064190788,
        1.3638751557527502,
        1.3630574264832316,
        1.361204403297636,
        1.3625753530853708,
        1.3564011779323057,
        1.3533910875847919,
        1.3516242489322234,
        1.3528264270970802,
        1.3521726216133132,
        1.348366152405599,
        1.3497795203565293,
        1.3464787992262264,
        1.3460463882971907,
        1.3434104697935316,
        1.3425116447737604,
        1.337103922360366,
        1.342039419910501,
        1.3387716150969158,
        1.3387124129318402,
        1.33836001694327,
        1.33675521869531,
        1.3387417950576876,
        1.336768274663028,
        1.3312650857775716,
        1.3310281398587158,
        1.3308597277431835,
        1.3304743806437485,
        1.3295503363472725,
        1.3303339762032338,
        1.331379659219719,
        1.3287967945621286,
        1.3281290715070777,
        1.3271285749874837,
        1.3296113179844025,
        1.3295289433058943,
        1.327550807331093,
        1.3249026404676496,
        1.3248302274592934,
        1.323929927556196,
        1.3267452002896563,
        1.3226001493641824,
        1.3226072332256225,
        1.3185381871786317,
        1.3214063675796255,
        1.3228862723668413,
        1.3187905483843945,
        1.3203392212223015,
        1.3184585197260335,
        1.317090941888597,
        1.319223384219898,
        1.3186270663267676,
        1.319652900003754,
        1.3194165090424468,
        1.3140725942436682,
        1.3153486764326374,
        1.313895334753973,
        1.3149739930758373,
        1.3168394019413434,
        1.316537205649585,
        1.3140152061989232
    ],