{
    "model_name": "Adam_GELU_standard",
    "features": [
        "GELU",
        "Adam"
    ],
    "epochs": 100,
    "best_epoch": 98,
    "best_val_acc": 0.5472,
    "training_time": 287.1474108695984,
    "train_losses": [
        2.896380683063101,
        2.3456471684347124,
        2.298442193510334,
        2.271695698383553,
        2.2339004941358653,
        2.1685746890350606,
        2.095596587398486,
        2.0371169453044398,
        1.9814656283706094,
        1.951567715233405,
        1.9158180337541677,
        1.8841508891553123,
        1.8627668938883055,
        1.8308714867757017,
        1.8078448286424187,
        1.7811008683417282,
        1.765399023013632,
        1.7379247016723198,
        1.7185935157038523,
        1.6984714478890304,
        1.6773128603753955,
        1.6610522311954332,
        1.6444220558740839,
        1.6278527213456448,
        1.6131349485786868,
        1.6060713831627793,
        1.5943649466792071,
        1.5863879586792287,
        1.5660707094958124,
        1.5596307357998498,
        1.5433001859484181,
        1.5351511643942204,
        1.5239665022919557,
        1.512227044137773,
        1.5005350763786922,
        1.5028375328787809,
        1.4868317071297015,
        1.4803946158883077,
        1.4743054839791692,
        1.4650832993650136,
        1.4582045172250366,
        1.4460093878763516,
        1.437852888741941,
        1.432947948435803,
        1.4285636341502173,
        1.4132457142664463,
        1.4177676414627605,
        1.3999908677225115,
        1.4006060920172434,
        1.3931115601884594,
        1.3908094089184457,
        1.3811495748021765,
        1.3826820071870396,
        1.3781255517001516,
        1.3741712765387863,
        1.363708410947548,
        1.362627851029599,
        1.357287617656883,
        1.3596577998267922,
        1.3518542339986608,
        1.3532301277283738,
        1.3410002322185297,
        1.3359511496421996,
        1.3311975560624179,
        1.3288101541915427,
        1.3284306846196994,
        1.3240795339310774,
        1.317754675831192,
        1.3127508146199334,
        1.3110923557144751,
        1.3130724502080429,
        1.3036028557974513,
        1.3055039992294917,
        1.2957914393001615,
        1.2957684959064597,
        1.2924004241398013,
        1.291729368432248,
        1.2884800295467758,
        1.2909907125034175,
        1.2770048383449433,
        1.2796220560686866,
        1.279936976072009,
        1.2809435565153677,
        1.2708504592457313,
        1.2752764225616426,
        1.2740569672231716,
        1.267860948491643,
        1.2539327015864314,
        1.2641542136750814,
        1.2637647344064211,
        1.2581194708228431,
        1.25236222553187,
        1.2520953148102387,
        1.2550829477610252,
        1.2506864673843097,
        1.2453995398929614,
        1.241175828881287,
        1.247523827686492,
        1.244133889768321,
        1.2439416773483374
    ],
    "val_losses": [
        2.2986519226737285,
        2.282302716742597,
        2.257526659162815,
        2.210745480064348,
        2.148055515014981,
        2.0295793860527582,
        1.951468815947469,
        1.8854228306438154,
        1.843249506632145,
        1.8198459906560245,
        1.7964243279561976,
        1.7682570512844031,
        1.73677536493092,
        1.7121178238837198,
        1.6869647012349462,
        1.6568824845728414,
        1.642632412626611,
        1.6153927908535526,
        1.602409545608501,
        1.5835947331038445,
        1.566693201859084,
        1.5482717295429604,
        1.539655590832495,
        1.523098583100651,
        1.5135701941610693,
        1.502011060559863,
        1.4937729168110971,
        1.4838126025278413,
        1.473819324939713,
        1.4639187107142142,
        1.4543388267463793,
        1.4449152234164389,
        1.435913592060966,
        1.4277796618841174,
        1.4219972146017756,
        1.41543164520431,
        1.406996068946855,
        1.4053918005193609,
        1.393573307986,
        1.3889831400762072,
        1.380767107327658,
        1.3760704389289782,
        1.3701445980214682,
        1.3669631162030669,
        1.3654619400690435,
        1.3605973218141172,
        1.3583754734034197,
        1.3517324824687107,
        1.3516540306244322,
        1.3466831134444481,
        1.3404607497943222,
        1.338488337179366,
        1.3389132952605054,
        1.3335174471635958,
        1.3329538290916332,
        1.3292244536648652,
        1.324527523457622,
        1.3244532174680412,
        1.320960961000848,
        1.3198302855495072,
        1.318670851936456,
        1.3173557214407772,
        1.315191403092755,
        1.3128389640181437,
        1.3116973934794434,
        1.3143436072638546,
        1.3097049942956407,
        1.3073440203723161,
        1.3062644470396878,
        1.3046157839183492,
        1.3042527444719878,
        1.3026602711897837,
        1.3005063422793504,
        1.3015253923419348,
        1.3001248744160312,
        1.2976126320975785,
        1.2990032024645948,
        1.2979478154473025,
        1.2985705332136546,
        1.2964328031648675,
        1.2958226129793133,
        1.2937797103741626,
        1.2921506812307668,
        1.2933079512409873,
        1.2929533270069045,
        1.2898520494445005,
        1.2905270961817417,
        1.2867490310194936,
        1.2862686657608722,
        1.2872196590434475,
        1.287115719539792,
        1.2866859843094807,
        1.285794181383291,
        1.284307138100173,
        1.284842995176391,
        1.2822937619276757,
        1.2821047749064476,
        1.2829909064019125,
        1.280198097582071,
        1.2802885608014203
    ],
    "val_accs": [
        0.1148,
        0.1221,
        0.1525,
        0.1861,
        0.2095,
        0.2427,
        0.2628,
        0.2764,
        0.289,
        0.3032,
        0.3189,
        0.3355,
        0.3579,
        0.3652,
        0.3842,
        0.3881,
        0.3913,
        0.4027,
        0.4082,
        0.4161,
        0.4201,
        0.4317,
        0.4373,
        0.4408,
        0.4454,
        0.4506,
        0.4564,
        0.4609,
        0.4628,
        0.4729,
        0.4762,
        0.4778,
        0.4802,
        0.4873,
        0.4925,
        0.4946,
        0.4983,
        0.496,
        0.5024,
        0.505,
        0.5086,
        0.5119,
        0.5091,
        0.5107,
        0.5137,
        0.5127,
        0.5134,
        0.5154,
        0.5156,
        0.5143,
        0.5201,
        0.5201,
        0.5177,
        0.5232,
        0.5183,
        0.5238,
        0.5265,
        0.5277,
        0.5282,
        0.5277,
        0.529,
        0.5281,
        0.534,
        0.5329,
        0.5315,
        0.5369,
        0.5311,
        0.5344,
        0.5352,
        0.5349,
        0.5361,
        0.5376,
        0.5398,
        0.5367,
        0.5372,
        0.5378,
        0.5409,
        0.5414,
        0.5384,
        0.5419,
        0.5376,
        0.541,
        0.54,
        0.5412,
        0.5393,
        0.5422,
        0.5423,
        0.5397,
        0.5427,
        0.5426,
        0.5414,
        0.54,
        0.5436,
        0.5436,
        0.5435,
        0.5436,
        0.5467,
        0.5472,
        0.5439,
        0.543
    ],
    "hyperparameters": {
        "batch_size": 128,
        "learning_rate": 0.0005,
        "momentum": 0.9,
        "weight_decay": 0.0001,
        "optimizer": "adam",
        "early_stopping": true,
        "patience": 10
    },
    "runtime_info": {
        "total_training_time": 287.1474108695984,
        "avg_epoch_time": 2.871474108695984,
        "timestamp": "2025-04-13 01:06:17"
    }
}