{
    "model_name": "Adam_GELU_standard",
    "features": [
        "GELU",
        "Adam"
    ],
    "accuracy": 0.5423,
    "precision": 0.5413323582357054,
    "recall": 0.5423,
    "f1_score": 0.5397927597260533,
    "loss": 1.2726340522869137,
    "inference_time": 0.1602621078491211,
    "timestamp": "2025-04-13 01:06:17"
}