{
    "model_name": "Adam_GELU_standard",
    "features": [
        "GELU",
        "Adam"
    ],
    "accuracy": 0.5576,
    "precision": 0.559298015951551,
    "recall": 0.5576,
    "f1_score": 0.5564764531737723,
    "loss": 1.2414827091087206,
    "inference_time": 0.13785815238952637,
    "timestamp": "2025-04-13 09:49:01"
}