{
    "model_name": "Adam_GELU_standard",
    "features": [
        "GELU",
        "Adam"
    ],
    "epochs": 53,
    "best_epoch": 43,
    "best_val_acc": 0.5586,
    "training_time": 175.93121886253357,
    "train_losses": [
        2.490334997121392,
        2.0432000795210907,
        1.8826796970324897,
        1.780126827441385,
        1.714626434405984,
        1.6566907167166711,
        1.6158458719566309,
        1.5787117329862586,
        1.5441381803754668,
        1.5154044205630295,
        1.4847818995800226,
        1.4656847903663097,
        1.4406035127021697,
        1.429286269931335,
        1.4060994959006832,
        1.3946850650138611,
        1.3720846679233878,
        1.3630002128827097,
        1.3516281437025504,
        1.3406493737082474,
        1.3249389044711046,
        1.3180302304154876,
        1.3118068573169581,
        1.3009808878584466,
        1.2987638028275357,
        1.2897270617372134,
        1.2809963854093656,
        1.277448439946713,
        1.2727373634661008,
        1.2619897302530845,
        1.2616636403743868,
        1.2560218546921995,
        1.2539881967760866,
        1.2444183941426128,
        1.2419158006875823,
        1.2432038649691606,
        1.234110393143132,
        1.2377355250253248,
        1.232218358605229,
        1.234203780097269,
        1.2277253898141651,
        1.2224109716257685,
        1.2175093444867497,
        1.2095013564502144,
        1.207414322240497,
        1.213008061783008,
        1.2090778309518815,
        1.2076674719291332,
        1.2023691525853375,
        1.2024775221096484,
        1.203213357619749,
        1.189111869640593,
        1.1964572375897649
    ],
    "val_losses": [
        2.1176787892357836,
        1.8541296196322394,
        1.7270909205783145,
        1.6584482965891376,
        1.5962620639303233,
        1.5471068033152104,
        1.499625069530783,
        1.4732983955354018,
        1.4391874516337109,
        1.4207829606527882,
        1.3934951751498168,
        1.3846083831850342,
        1.3605918803031523,
        1.3498687983793498,
        1.3322279325659014,
        1.3288281332906962,
        1.311588951028028,
        1.3050164369206367,
        1.2944502397565825,
        1.2916756196129653,
        1.2922215237379788,
        1.2838292757993943,
        1.277796137247763,
        1.277129394785765,
        1.274554094086904,
        1.2706193602107159,
        1.2680788366539157,
        1.2651587727377094,
        1.2634362213938826,
        1.2621488774448746,
        1.2639052045416006,
        1.2616417463229161,
        1.2578458492904507,
        1.2586768469228944,
        1.2560957041443386,
        1.25622808032997,
        1.2557759803933666,
        1.2540786750269783,
        1.2538476586128633,
        1.2524248973822973,
        1.254973896073978,
        1.249837369092841,
        1.2510727675524977,
        1.250735292849574,
        1.251912778371348,
        1.2497614167003617,
        1.2512172457595556,
        1.2499153790674509,
        1.250193454987972,
        1.2505546815789144,
        1.249159668093692,
        1.2484577539198203,
        1.2477744628715297
    ],
    "val_accs": [
        0.2441,
        0.3392,
        0.3918,
        0.4142,
        0.4331,
        0.4516,
        0.4643,
        0.4762,
        0.4866,
        0.4971,
        0.504,
        0.5077,
        0.5175,
        0.5188,
        0.5262,
        0.5285,
        0.5331,
        0.5328,
        0.5369,
        0.5385,
        0.5383,
        0.5456,
        0.5454,
        0.5461,
        0.5454,
        0.5485,
        0.551,
        0.5519,
        0.5516,
        0.552,
        0.5487,
        0.5497,
        0.5524,
        0.5519,
        0.5515,
        0.5506,
        0.5517,
        0.55,
        0.5552,
        0.5533,
        0.5496,
        0.5556,
        0.5586,
        0.5574,
        0.5522,
        0.5578,
        0.5549,
        0.5531,
        0.558,
        0.5537,
        0.5577,
        0.5553,
        0.5567
    ],
    "hyperparameters": {
        "batch_size": 32,
        "learning_rate": 0.0005,
        "momentum": 0.9,
        "weight_decay": 0.0001,
        "optimizer": "adam",
        "early_stopping": true,
        "patience": 10
    },
    "runtime_info": {
        "total_training_time": 175.93121886253357,
        "avg_epoch_time": 3.3194569596704446,
        "timestamp": "2025-04-13 09:49:01"
    }
}