{
    "model_name": "Adam_GELU_standard",
    "features": [
        "GELU",
        "Adam"
    ],
    "epochs": 19,
    "best_epoch": 9,
    "best_val_acc": 0.5052,
    "training_time": 41.39297103881836,
    "train_losses": [
        2.0327475383716243,
        1.6157593149730947,
        1.4626102301862387,
        1.3452899972827361,
        1.2489517521904943,
        1.1644823432963953,
        1.0903976821486043,
        1.0271114179487748,
        0.9681256152890627,
        0.9150672452545999,
        0.8666119522590012,
        0.8206972532898761,
        0.7794765639293338,
        0.7387052934877357,
        0.7015388259849906,
        0.6659480036515126,
        0.6313193736864167,
        0.5993907814309659,
        0.5689888322613891
    ],
    "val_losses": [
        1.7605878435357234,
        1.6256651908337458,
        1.5520187831380827,
        1.5056364962441093,
        1.4795544234992235,
        1.46009459756518,
        1.458833435280442,
        1.4722994401583782,
        1.4796845483042755,
        1.5006028355974919,
        1.519767766835436,
        1.549825753145012,
        1.583984881192551,
        1.6137492868446999,
        1.6508891851560412,
        1.6943593649459887,
        1.725907946259187,
        1.7811294945926799,
        1.8124477957118208
    ],
    "val_accs": [
        0.3796,
        0.4292,
        0.4519,
        0.4701,
        0.4864,
        0.4937,
        0.4982,
        0.4949,
        0.5052,
        0.503,
        0.4999,
        0.4997,
        0.4974,
        0.4942,
        0.4957,
        0.4912,
        0.4948,
        0.4881,
        0.4883
    ],
    "hyperparameters": {
        "batch_size": 128,
        "learning_rate": 0.0005,
        "momentum": 0.9,
        "weight_decay": 0.0001,
        "optimizer": "adam",
        "early_stopping": true,
        "patience": 10
    },
    "runtime_info": {
        "total_training_time": 41.39297103881836,
        "avg_epoch_time": 2.178577423095703,
        "timestamp": "2025-04-13 10:13:21"
    }
}