{
    "model_name": "Adam_GELU_standard",
    "features": [
        "GELU",
        "Adam"
    ],
    "epochs": 84,
    "best_epoch": 74,
    "best_val_acc": 0.5685,
    "training_time": 198.55753993988037,
    "train_losses": [
        2.752022630594788,
        2.2488938004945025,
        2.095280521944103,
        1.9761030974749583,
        1.8929008113502623,
        1.8325562810720624,
        1.7907309317561344,
        1.7509654169607525,
        1.720373504474236,
        1.6855236402436509,
        1.6568356706511926,
        1.6357487032189855,
        1.6021054435580526,
        1.5853052495824176,
        1.567094796199343,
        1.5428791791020258,
        1.5287519722607004,
        1.5034892756550935,
        1.4945223963248375,
        1.474582086111338,
        1.4608359118590217,
        1.4439921103383602,
        1.4280920561876869,
        1.4179033745147065,
        1.4097417119877051,
        1.3942981680064397,
        1.3885083339483684,
        1.3795964763224768,
        1.3726405177670238,
        1.3625355218654585,
        1.3570079384258686,
        1.3426252887979653,
        1.3393063605794269,
        1.3246541871716209,
        1.3270177351348669,
        1.3145788757657646,
        1.3144771273805,
        1.2998333679129597,
        1.2994935115535193,
        1.296704612985472,
        1.2898696420231663,
        1.2792698886276233,
        1.2751861191987992,
        1.2723175433906189,
        1.2641178775208357,
        1.2658696894268364,
        1.2608281499656586,
        1.2591298692333703,
        1.2495626240905773,
        1.2482176268443514,
        1.2417187062596529,
        1.235883769152467,
        1.2353472859900179,
        1.2355351028433457,
        1.2264370168791834,
        1.2295536243871406,
        1.2224331105203863,
        1.2240674733738963,
        1.2204254315283498,
        1.2116710227945795,
        1.2164648767864412,
        1.206715837930978,
        1.2091706614057753,
        1.1988577287115947,
        1.209664120565056,
        1.2018189490360363,
        1.1967100424137425,
        1.1948247954260534,
        1.1937662622738443,
        1.1920690875543276,
        1.1841782017150073,
        1.188354866209654,
        1.1803830499379107,
        1.1852648502842336,
        1.1803539956786722,
        1.1735165689888656,
        1.1728116297963973,
        1.1799760536422819,
        1.1712436896762806,
        1.171943154505795,
        1.1680279256113995,
        1.170276382997106,
        1.1636432835125756,
        1.1704290409085483
    ],
    "val_losses": [
        2.259148649892499,
        2.1235839540215866,
        1.9410363153900012,
        1.8338235704865915,
        1.7657488798815735,
        1.7114073339533338,
        1.6688693782865547,
        1.6352748246252635,
        1.6110757456070415,
        1.5823997130953147,
        1.5582743735833713,
        1.5303494895583147,
        1.5098240291603324,
        1.4928041509878316,
        1.4739921060288508,
        1.4551537857547194,
        1.4427031372465822,
        1.4318647096891748,
        1.417034283764679,
        1.3968133694127676,
        1.3931355324067842,
        1.3827137640409826,
        1.3718639426930592,
        1.3617401710622319,
        1.3557496834374985,
        1.3456265791735775,
        1.3398052041997448,
        1.3325834066990205,
        1.3247873302729496,
        1.32014768517162,
        1.3123893196638183,
        1.308733682868728,
        1.3058610626607614,
        1.3011809566343486,
        1.2978554451913886,
        1.2914933951466325,
        1.2886727473823485,
        1.2834369285909653,
        1.283882290557771,
        1.2809693669357818,
        1.2764718383442177,
        1.2737563001721561,
        1.2710958281323481,
        1.2694027582752312,
        1.2675564622751405,
        1.2651718450826028,
        1.2623536670087963,
        1.261919410880431,
        1.2597512267597157,
        1.2585313356024381,
        1.2547254403179944,
        1.2516623867917969,
        1.2506040167841002,
        1.250253532522378,
        1.2500569357943772,
        1.2489948868150507,
        1.2470555450429697,
        1.2449173506882594,
        1.2435346671120744,
        1.2421121500718382,
        1.243945242826643,
        1.2408467883877514,
        1.239888239026096,
        1.2393960148117027,
        1.240241629272011,
        1.2380032157033434,
        1.2391151328682972,
        1.2382728707667945,
        1.2369466937915528,
        1.2370325112404983,
        1.236589382759086,
        1.2354625069763514,
        1.2346405968741327,
        1.2327315215267176,
        1.2325285318255494,
        1.2298507050443346,
        1.2320718847724637,
        1.231142656064075,
        1.231341449712915,
        1.2319847398865225,
        1.2319196995827544,
        1.2304879302693457,
        1.230102769237193,
        1.227611306893055
    ],
    "val_accs": [
        0.1577,
        0.2397,
        0.311,
        0.3586,
        0.3846,
        0.4061,
        0.4197,
        0.4288,
        0.4389,
        0.4466,
        0.451,
        0.4626,
        0.4693,
        0.475,
        0.4798,
        0.487,
        0.4923,
        0.4953,
        0.4992,
        0.506,
        0.5064,
        0.5111,
        0.5126,
        0.5176,
        0.5228,
        0.5241,
        0.529,
        0.5278,
        0.534,
        0.538,
        0.5412,
        0.5393,
        0.5388,
        0.5441,
        0.5414,
        0.5413,
        0.5454,
        0.5464,
        0.5435,
        0.5472,
        0.5464,
        0.5487,
        0.549,
        0.5511,
        0.553,
        0.5532,
        0.5549,
        0.5536,
        0.5553,
        0.556,
        0.5582,
        0.5602,
        0.5616,
        0.5564,
        0.558,
        0.5593,
        0.5576,
        0.5629,
        0.564,
        0.5615,
        0.5613,
        0.5621,
        0.5615,
        0.5632,
        0.5634,
        0.5655,
        0.5626,
        0.5664,
        0.5644,
        0.5619,
        0.5638,
        0.5649,
        0.568,
        0.5685,
        0.5661,
        0.5673,
        0.565,
        0.5654,
        0.5668,
        0.563,
        0.5657,
        0.5637,
        0.5645,
        0.5666
    ],
    "hyperparameters": {
        "batch_size": 128,
        "learning_rate": 0.0005,
        "momentum": 0.9,
        "weight_decay": 0.0001,
        "optimizer": "adam",
        "early_stopping": true,
        "patience": 10
    },
    "runtime_info": {
        "total_training_time": 198.55753993988037,
        "avg_epoch_time": 2.3637802373795282,
        "timestamp": "2025-04-13 16:14:54"
    }
}