{
    "model_name": "Adam_GELU_standard",
    "features": [
        "GELU",
        "Adam"
    ],
    "epochs": 74,
    "best_epoch": 64,
    "best_val_acc": 0.5615,
    "training_time": 174.70992016792297,
    "train_losses": [
        2.7389473766339036,
        2.2656519860785593,
        2.127604159904855,
        1.9999840904459723,
        1.9135171974418848,
        1.8539958825838947,
        1.8020287125898746,
        1.7623689812998966,
        1.7260921596764058,
        1.6916173975547228,
        1.66261910985068,
        1.6376543438596232,
        1.6122550808730758,
        1.59385082471068,
        1.5693761897140182,
        1.5431247333727311,
        1.531966478784376,
        1.5130532963455934,
        1.5004896913400039,
        1.4870653993257898,
        1.4661550608315612,
        1.4482430993316717,
        1.4360087252338984,
        1.43292705892477,
        1.419329034711732,
        1.399939367326337,
        1.3924995290230573,
        1.3817292395016036,
        1.3746194414269006,
        1.3643269890433665,
        1.357146076417965,
        1.3541533525717562,
        1.3431875190730589,
        1.333636739246748,
        1.3251061321657887,
        1.3212616038665022,
        1.310578447565589,
        1.3002722285469257,
        1.3005114551428023,
        1.2940408878875425,
        1.2929718657042282,
        1.2886957558528536,
        1.2760142167541693,
        1.2830072166343809,
        1.2741138228949933,
        1.2634425881309101,
        1.2583362955944335,
        1.2550946469892175,
        1.2495393563503008,
        1.243888337371631,
        1.244990124026282,
        1.2368422378791961,
        1.242143833838458,
        1.2315381277409554,
        1.2305333708693371,
        1.22512957528564,
        1.220842113283808,
        1.2261194214726105,
        1.2241979250748207,
        1.2137528000797768,
        1.2107112315351836,
        1.2114747899679048,
        1.2100056634700953,
        1.2049181653885093,
        1.2027890752079555,
        1.1922362915305196,
        1.1987966145131104,
        1.1972728678680435,
        1.193867273061872,
        1.1968192532695325,
        1.1830655413296018,
        1.1882676027552255,
        1.1856264214969312,
        1.1777631605850554
    ],
    "val_losses": [
        2.268104584969459,
        2.146064280237233,
        1.9722845512451295,
        1.8470118939715707,
        1.7736375592758984,
        1.7248706553725641,
        1.6828852863491932,
        1.6440956756297411,
        1.6173086677097595,
        1.586967447349874,
        1.5621561234783288,
        1.539071349063029,
        1.513286588316048,
        1.497058116945769,
        1.4763785586343645,
        1.4591024174932026,
        1.4461816215220207,
        1.4300873300488346,
        1.420070050843685,
        1.4085026361800181,
        1.3957100696553002,
        1.3853224877890753,
        1.375792236927398,
        1.3645685752986723,
        1.3606282838596016,
        1.3512406070915186,
        1.3429450388239703,
        1.3368898373592202,
        1.3270751821063989,
        1.3217422457366825,
        1.317404976569978,
        1.3130050644477536,
        1.3079750241671577,
        1.2999408137986042,
        1.298070910768554,
        1.2951286568462002,
        1.2894384276933277,
        1.284847629198157,
        1.280918480837335,
        1.2795266727748054,
        1.2769996896337137,
        1.2740585654791035,
        1.2700292260029993,
        1.2691431813115563,
        1.2646379480225998,
        1.2638205900789374,
        1.2615370211411872,
        1.259558966003947,
        1.259614438526838,
        1.2568729867115678,
        1.2545850366626652,
        1.251651591469079,
        1.2517770316747228,
        1.2499744116427096,
        1.249854877992433,
        1.246281395087201,
        1.2475525705592998,
        1.2466761856792903,
        1.245448776013477,
        1.24164527519552,
        1.2418329681598075,
        1.241401587105479,
        1.2408456651826578,
        1.2381281140785552,
        1.2402151510406005,
        1.237773650216073,
        1.2382457360351637,
        1.2372071003880294,
        1.2369159796597418,
        1.2368152729826811,
        1.2348893801108818,
        1.2340839029069859,
        1.2350040312495134,
        1.2348464225512827
    ],
    "val_accs": [
        0.1534,
        0.2321,
        0.3019,
        0.3451,
        0.3794,
        0.3994,
        0.4105,
        0.4214,
        0.4321,
        0.4402,
        0.4468,
        0.4527,
        0.4603,
        0.4689,
        0.4745,
        0.482,
        0.4882,
        0.493,
        0.4928,
        0.5017,
        0.5032,
        0.5099,
        0.514,
        0.5156,
        0.5177,
        0.5241,
        0.5252,
        0.5249,
        0.5293,
        0.5339,
        0.5306,
        0.5331,
        0.536,
        0.5354,
        0.538,
        0.5386,
        0.5412,
        0.5422,
        0.5424,
        0.5446,
        0.5426,
        0.5445,
        0.5472,
        0.5461,
        0.5476,
        0.5494,
        0.5494,
        0.5516,
        0.5516,
        0.5526,
        0.554,
        0.5509,
        0.5529,
        0.5545,
        0.5553,
        0.5581,
        0.5535,
        0.5546,
        0.5563,
        0.5555,
        0.5594,
        0.5585,
        0.5611,
        0.5615,
        0.5588,
        0.5598,
        0.5547,
        0.5584,
        0.5568,
        0.5584,
        0.559,
        0.5555,
        0.5573,
        0.5589
    ],
    "hyperparameters": {
        "batch_size": 128,
        "learning_rate": 0.0005,
        "momentum": 0.9,
        "weight_decay": 0.0,
        "optimizer": "adam",
        "early_stopping": true,
        "patience": 10
    },
    "runtime_info": {
        "total_training_time": 174.70992016792297,
        "avg_epoch_time": 2.3609448671340942,
        "timestamp": "2025-04-13 10:02:28"
    }
}