{
    "model_name": "BatchNorm_none",
    "features": [
        "BatchNorm"
    ],
    "epochs": 12,
    "best_epoch": 2,
    "best_val_acc": 0.1685,
    "training_time": 16.58841371536255,
    "train_losses": [
        2.3193992744701792,
        2.031530213460297,
        1.94216510275988,
        1.9101429107788364,
        1.89186768520889,
        1.8771565435679378,
        1.877725689379237,
        1.9205664449920217,
        1.9394075747726218,
        2.017615708690708,
        2.064386280687368,
        2.0940310264796356
    ],
    "val_losses": [
        2.248903310455195,
        2.238983245534845,
        2.265856159157152,
        2.294665432192883,
        2.3173820223041983,
        2.3392304915581406,
        2.3546915230159504,
        2.3653985319353263,
        2.3677351536221467,
        2.3764456329595136,
        2.37621461857106,
        2.3769585582836523
    ],
    "val_accs": [
        0.1398,
        0.1685,
        0.1606,
        0.1393,
        0.1239,
        0.1141,
        0.1011,
        0.1014,
        0.1014,
        0.1014,
        0.1022,
        0.1022
    ],
    "hyperparameters": {
        "batch_size": 128,
        "learning_rate": 0.01,
        "momentum": 0.9,
        "weight_decay": 0.0001,
        "optimizer": "sgd",
        "early_stopping": true,
        "patience": 10
    },
    "runtime_info": {
        "total_training_time": 16.58841371536255,
        "avg_epoch_time": 1.3823678096135457,
        "timestamp": "2025-04-16 09:12:07"
    }
}