{
    "model_name": "Adam_GELU_standard",
    "features": [
        "GELU",
        "Adam"
    ],
    "accuracy": 0.5556,
    "precision": 0.5533444854252072,
    "recall": 0.5556,
    "f1_score": 0.5520467010039396,
    "loss": 1.2280569169259858,
    "inference_time": 0.13785910606384277,
    "timestamp": "2025-04-12 21:51:42"
}