{
    "model_name": "Adam_GELU_standard",
    "features": [
        "GELU",
        "Adam"
    ],
    "epochs": 72,
    "best_epoch": 62,
    "best_val_acc": 0.5639,
    "training_time": 173.49563908576965,
    "train_losses": [
        2.7385597675064006,
        2.259423383631628,
        2.11126357866469,
        1.9847488323768445,
        1.8987108221412214,
        1.84406852160444,
        1.790657776308674,
        1.7495437339929385,
        1.7169695586874978,
        1.6913499726424968,
        1.6556388559800836,
        1.6364731670239825,
        1.6074834047187219,
        1.5873325767637068,
        1.5637310573939953,
        1.544680246065435,
        1.5218416645182076,
        1.5072166048538258,
        1.4909342661881468,
        1.4755687158107007,
        1.4602468134808515,
        1.4418983797196696,
        1.434955535797499,
        1.419063592944439,
        1.4042275769115087,
        1.3983213004894943,
        1.3853126407696805,
        1.375832384731393,
        1.3679078669721847,
        1.3589738568577254,
        1.3498995944931798,
        1.3375209921968978,
        1.3349040650611046,
        1.3303205762709325,
        1.324571236682779,
        1.3069531027344397,
        1.3022662660063342,
        1.2988257183535648,
        1.2918828540411817,
        1.286189758830224,
        1.2769445597888933,
        1.2784416846971942,
        1.2746296521492193,
        1.2620012176742115,
        1.2649484757050788,
        1.259556172826748,
        1.2582079587296646,
        1.252145493999935,
        1.2374989745847833,
        1.237382810220778,
        1.238632381857317,
        1.2341320594732939,
        1.2302452768348964,
        1.2269110037461106,
        1.2221855885638087,
        1.2259373864834866,
        1.220474214071059,
        1.215025998473201,
        1.2143575354503349,
        1.2092381740584532,
        1.2036327804683415,
        1.2016825866687626,
        1.1976207128809195,
        1.2063514342004673,
        1.2013103540252834,
        1.1950191424556926,
        1.1937888278129716,
        1.1881510848216272,
        1.191456205253209,
        1.1881968860154564,
        1.1782045765229494,
        1.179720202182812
    ],
    "val_losses": [
        2.2588279823021358,
        2.145857407561928,
        1.9547189109569947,
        1.8362329798569117,
        1.7755353599364163,
        1.7271017369501205,
        1.6839938332648523,
        1.6495153503099205,
        1.6182600015500668,
        1.5903467472718167,
        1.5663838297149484,
        1.5448881017292106,
        1.5186084223750886,
        1.4983275229110493,
        1.4732006502335513,
        1.4579356837151412,
        1.4455887436047934,
        1.4278389630545978,
        1.4119847445886484,
        1.400459345559839,
        1.3891632352885392,
        1.3774781356104637,
        1.3705952187718626,
        1.3578411714753318,
        1.3494996218010136,
        1.341926270743642,
        1.3325924634491613,
        1.3262222690481746,
        1.3203018485938767,
        1.3138471929800555,
        1.3083504600171003,
        1.30619598659187,
        1.29909117768292,
        1.2955076353660007,
        1.293069213778355,
        1.2871295459875258,
        1.283333265903328,
        1.2791537160514754,
        1.277162922125251,
        1.2741939555432447,
        1.2720985475363358,
        1.2676133831708312,
        1.2633786356576682,
        1.2625172695188907,
        1.259338982795608,
        1.257385684719302,
        1.25481105516892,
        1.2545456210279802,
        1.2527511596216512,
        1.2479570056536804,
        1.2466324632967554,
        1.2459686784754134,
        1.2463395123579526,
        1.2430962334132778,
        1.2421062872090631,
        1.2409911615989568,
        1.2407895117069128,
        1.2418430058431011,
        1.2402756125713008,
        1.2399721613707007,
        1.2376632157727379,
        1.235505729388273,
        1.2354821661993645,
        1.2359943448743334,
        1.2371263609037095,
        1.2330149562042232,
        1.2352958816909922,
        1.234481907702601,
        1.2334476814833009,
        1.2326207546836938,
        1.2301273373732466,
        1.2329871493259985
    ],
    "val_accs": [
        0.1538,
        0.2364,
        0.3075,
        0.3506,
        0.3684,
        0.3848,
        0.4035,
        0.4143,
        0.4248,
        0.4374,
        0.4476,
        0.4539,
        0.4587,
        0.4733,
        0.4767,
        0.4843,
        0.4873,
        0.4954,
        0.4988,
        0.505,
        0.5087,
        0.5107,
        0.5137,
        0.5175,
        0.5202,
        0.5229,
        0.5257,
        0.5307,
        0.5342,
        0.5368,
        0.5373,
        0.5361,
        0.5401,
        0.5416,
        0.5423,
        0.544,
        0.5438,
        0.5428,
        0.5429,
        0.5474,
        0.547,
        0.5495,
        0.5485,
        0.5505,
        0.5501,
        0.5545,
        0.5541,
        0.5531,
        0.5551,
        0.5555,
        0.5578,
        0.5604,
        0.5572,
        0.5626,
        0.5603,
        0.5623,
        0.5628,
        0.5614,
        0.5629,
        0.5619,
        0.5599,
        0.5639,
        0.5612,
        0.5621,
        0.5633,
        0.5635,
        0.5632,
        0.5635,
        0.5621,
        0.5637,
        0.5632,
        0.5622
    ],
    "hyperparameters": {
        "batch_size": 128,
        "learning_rate": 0.0005,
        "momentum": 0.9,
        "weight_decay": 0.0001,
        "optimizer": "adam",
        "early_stopping": true,
        "patience": 10
    },
    "runtime_info": {
        "total_training_time": 173.49563908576965,
        "avg_epoch_time": 2.4096616539690228,
        "timestamp": "2025-04-12 21:51:42"
    }
}