{
    "model_name": "Adam_GELU_standard",
    "features": [
        "GELU",
        "Adam"
    ],
    "accuracy": 0.5006,
    "precision": 0.5072812246820821,
    "recall": 0.5006,
    "f1_score": 0.4998421371598566,
    "loss": 1.5164344483265406,
    "inference_time": 0.15050601959228516,
    "timestamp": "2025-04-12 20:27:44"
}