{
    "model_name": "Adam_GELU_standard",
    "features": [
        "GELU",
        "Adam"
    ],
    "epochs": 17,
    "best_epoch": 7,
    "best_val_acc": 0.4954,
    "training_time": 37.09128403663635,
    "train_losses": [
        1.8673597362772125,
        1.4599362017745847,
        1.2784347050557359,
        1.144859008178029,
        1.0354951164623882,
        0.940673112328639,
        0.8575983419203557,
        0.7850074338816411,
        0.7187917529738548,
        0.6573258472601388,
        0.6002496668189244,
        0.5488100897325956,
        0.5011908451513538,
        0.45745668764851033,
        0.4154391198502837,
        0.3778635069788634,
        0.34036285811215683
    ],
    "val_losses": [
        1.6448267696986993,
        1.5221687162820052,
        1.4806491519265608,
        1.4614225289083136,
        1.4758963300491366,
        1.5055462943171836,
        1.5643874432384424,
        1.6159522263851345,
        1.6689609405292318,
        1.7463012015320452,
        1.8221935193891134,
        1.918800763433362,
        2.0020892626596885,
        2.0972804979377457,
        2.20191201207179,
        2.3109667717088587,
        2.416452436593159
    ],
    "val_accs": [
        0.4227,
        0.4661,
        0.4773,
        0.4863,
        0.4948,
        0.4939,
        0.4954,
        0.4932,
        0.4931,
        0.4877,
        0.4812,
        0.481,
        0.4737,
        0.4732,
        0.4731,
        0.469,
        0.4625
    ],
    "hyperparameters": {
        "batch_size": 128,
        "learning_rate": 0.001,
        "momentum": 0.9,
        "weight_decay": 0.0001,
        "optimizer": "adam",
        "early_stopping": true,
        "patience": 10
    },
    "runtime_info": {
        "total_training_time": 37.09128403663635,
        "avg_epoch_time": 2.1818402374491974,
        "timestamp": "2025-04-12 20:27:44"
    }
}