{
    "model_name": "lr0.0001_drop0.5_wd0.0001_h512_256",
    "features": [
        "GELU",
        "Adam"
    ],
    "epochs": 100,
    "best_epoch": 100,
    "best_val_acc": 0.5264,
    "training_time": 444.85718297958374,
    "train_losses": [
        3.569246630939937,
        2.8180537603160243,
        2.5340006618993436,
        2.3806924873358457,
        2.3116337512849174,
        2.251175490534414,
        2.2051188392684966,
        2.1622163458945978,
        2.1238164140440183,
        2.0844048048231656,
        2.0520969908334035,
        2.016173594051018,
        1.9882292542266855,
        1.9659118604410677,
        1.9377241985536224,
        1.915701884431314,
        1.899892000758301,
        1.874149500441569,
        1.8655545690453623,
        1.8470383358737852,
        1.8314429088569437,
        1.823806628224925,
        1.8026018906533838,
        1.7896021215201803,
        1.7772427296562994,
        1.7658173444035539,
        1.7539240282264805,
        1.7498491735722335,
        1.7379919725125255,
        1.718690166605802,
        1.7129711755217187,
        1.7023731445261883,
        1.6919700022873856,
        1.6873559396595936,
        1.680787523304496,
        1.6714588380694382,
        1.664785906887929,
        1.6525103759528703,
        1.6496393205187643,
        1.641189173904452,
        1.6311228469947956,
        1.6205603956547083,
        1.6097696486968103,
        1.6119308339220098,
        1.6006379816059189,
        1.5949709556811333,
        1.5888442138532533,
        1.5819670212703776,
        1.5795109599001267,
        1.5745760914440659,
        1.5677969768214564,
        1.5595939676398929,
        1.5504629940547043,
        1.54560668855856,
        1.5415326359434436,
        1.536006547493816,
        1.5269700093130083,
        1.5244628708913597,
        1.5163283137451677,
        1.518309965578798,
        1.5095553421220937,
        1.502775998798204,
        1.4969783259779472,
        1.4911648976402587,
        1.4851003850603994,
        1.4856387187199567,
        1.4789039043206165,
        1.470225589905246,
        1.4641132957390663,
        1.4650863784318202,
        1.4582723392744712,
        1.4551317777124992,
        1.4548198814431363,
        1.4483937249007885,
        1.441538372147214,
        1.4413391410539769,
        1.4362368147571776,
        1.4337084049356628,
        1.425304066312459,
        1.427830972368681,
        1.4164474582723268,
        1.416615615986798,
        1.408039137209006,
        1.4090836760037504,
        1.4091171899127446,
        1.3923536434283645,
        1.3905839058495835,
        1.3944695062723065,
        1.3881007497236095,
        1.3850170229326932,
        1.381215330709582,
        1.3747782629210032,
        1.3770058258681352,
        1.3699644963832076,
        1.365127578364113,
        1.3675776268325817,
        1.3591914704471293,
        1.3592663684424642,
        1.3597355829060598,
        1.3533656896774615
    ],
    "val_losses": [
        2.3061693237816274,
        2.2153228443125945,
        2.2005196371016167,
        2.1944749202535077,
        2.1799145938412083,
        2.1550165973486193,
        2.118659012090618,
        2.076356584869962,
        2.0335680748890934,
        1.9898642254897743,
        1.9524562486620238,
        1.9195246025425208,
        1.8894844476956958,
        1.8652331674627602,
        1.8374474272632106,
        1.8179086897759686,
        1.8018575281846843,
        1.7823875136974245,
        1.7700055383533002,
        1.757022024789766,
        1.7434630544101706,
        1.7323021766407285,
        1.7202861000740381,
        1.7095471040633823,
        1.7009210003587334,
        1.688430880192688,
        1.6798338191584163,
        1.6709152127401405,
        1.662610243599522,
        1.6500280405785837,
        1.6410511156291046,
        1.633996610048946,
        1.6254763830100925,
        1.6206855838398184,
        1.614265541653665,
        1.6047439760207665,
        1.5961310451797992,
        1.5891922417804247,
        1.5851123303405814,
        1.5787353847429606,
        1.5716633336478572,
        1.564855782960947,
        1.555624691796178,
        1.552203336433098,
        1.5457787417366498,
        1.5421789062697335,
        1.5377242144253287,
        1.5302470297813158,
        1.5262049919476282,
        1.5197503150336942,
        1.5170619692415388,
        1.5095591824489385,
        1.503265259928892,
        1.5015234652945908,
        1.4958633118110312,
        1.4889437836347053,
        1.4852828380530976,
        1.4809327979084608,
        1.4760745188042748,
        1.4740084187519071,
        1.469843939273552,
        1.4642741897930456,
        1.460262861777232,
        1.4543438164876035,
        1.4509177687237067,
        1.4486443439203625,
        1.4450659679055395,
        1.4396576537084065,
        1.4348762617912103,
        1.4351576455015285,
        1.4294855384351572,
        1.4268440584383795,
        1.424961587163431,
        1.419603002010253,
        1.4157478730665836,
        1.4146373145498892,
        1.4105405756551346,
        1.4093455138073692,
        1.4059157861548992,
        1.403003685089517,
        1.3995171081745652,
        1.3958277210422494,
        1.3943789890521758,
        1.3927130128498824,
        1.3903268402395088,
        1.384733902391952,
        1.3827779339823274,
        1.3802481405506504,
        1.3788360621762854,
        1.374629070406466,
        1.373427788171697,
        1.3708096297154102,
        1.3696666729383862,
        1.3657582097507732,
        1.364892091287933,
        1.3626278719135734,
        1.3606085670868624,
        1.357388890359557,
        1.3564062625740372,
        1.355377072817831
    ],
    "val_accs": [
        0.1622,
        0.1951,
        0.2114,
        0.2191,
        0.2233,
        0.2351,
        0.2505,
        0.2675,
        0.2859,
        0.3022,
        0.3173,
        0.3343,
        0.345,
        0.3543,
        0.3611,
        0.3691,
        0.3768,
        0.3821,
        0.3911,
        0.3968,
        0.4003,
        0.4058,
        0.4061,
        0.4086,
        0.4123,
        0.4188,
        0.4209,
        0.4251,
        0.4258,
        0.4298,
        0.4361,
        0.4374,
        0.4395,
        0.4415,
        0.444,
        0.4479,
        0.448,
        0.4513,
        0.4529,
        0.4561,
        0.4573,
        0.4595,
        0.4604,
        0.4622,
        0.4635,
        0.4653,
        0.4661,
        0.4696,
        0.4707,
        0.4736,
        0.4754,
        0.4766,
        0.4772,
        0.4789,
        0.483,
        0.4833,
        0.4838,
        0.484,
        0.4875,
        0.4893,
        0.4917,
        0.4936,
        0.4948,
        0.4955,
        0.4971,
        0.4989,
        0.4994,
        0.5005,
        0.5024,
        0.5035,
        0.504,
        0.5038,
        0.5054,
        0.5064,
        0.5081,
        0.5073,
        0.5105,
        0.5096,
        0.5096,
        0.5125,
        0.5142,
        0.5156,
        0.5139,
        0.5153,
        0.5154,
        0.5174,
        0.5173,
        0.5184,
        0.5181,
        0.5216,
        0.5208,
        0.523,
        0.522,
        0.5239,
        0.5244,
        0.5259,
        0.5251,
        0.5254,
        0.5255,
        0.5264
    ],
    "hyperparameters": {
        "batch_size": 256,
        "learning_rate": 0.0001,
        "momentum": 0.9,
        "weight_decay": 0.0001,
        "optimizer": "adam",
        "early_stopping": true,
        "patience": 10
    },
    "runtime_info": {
        "total_training_time": 444.85718297958374,
        "avg_epoch_time": 4.448571829795838,
        "timestamp": "2025-04-16 16:13:43"
    }
}