{
    "model_name": "lr0.0001_drop0.5_wd0.0001_h512_256",
    "features": [
        "GELU",
        "Adam"
    ],
    "accuracy": 0.5247,
    "precision": 0.5302170387234025,
    "recall": 0.5247,
    "f1_score": 0.520545604161969,
    "loss": 1.3457781390387313,
    "inference_time": 0.2839200496673584,
    "timestamp": "2025-04-16 16:13:44"
}