{
    "model_name": "lr0.0001_drop0.5_wd0.001_h512_256",
    "features": [
        "GELU",
        "Adam"
    ],
    "epochs": 100,
    "best_epoch": 100,
    "best_val_acc": 0.5267,
    "training_time": 473.8550851345062,
    "train_losses": [
        3.550958924791606,
        2.840919106347254,
        2.5520760268908362,
        2.4046500625998473,
        2.326598978537869,
        2.278561705852913,
        2.233258668118923,
        2.1914949599282947,
        2.1470122185998064,
        2.113416173193874,
        2.0714011612205097,
        2.0336213226723716,
        2.004443758514965,
        1.9776609426712592,
        1.94712391502651,
        1.9272292463280762,
        1.9022281949768767,
        1.881521688748129,
        1.8675548600579208,
        1.8533887038421466,
        1.8319468113193915,
        1.8156300456020593,
        1.8094707615195025,
        1.788531070132852,
        1.7749382138105363,
        1.769809695130924,
        1.753030154600719,
        1.7492431004061608,
        1.7316167557915325,
        1.7208915564656049,
        1.7083811262511437,
        1.7044243501708911,
        1.6924813083899743,
        1.6855388549810095,
        1.6806801763146504,
        1.6698184995861145,
        1.6620692664223942,
        1.6452625896082382,
        1.6428629028398827,
        1.6389988070603456,
        1.6272907019650806,
        1.621784071321606,
        1.610021250709433,
        1.6045200314604926,
        1.5990990501715447,
        1.5973274284792927,
        1.5845188280509375,
        1.5793678655452144,
        1.5755665394133052,
        1.5674680387719124,
        1.5591628360498841,
        1.548959610332709,
        1.544157526803612,
        1.5448003428730872,
        1.532191259300725,
        1.5280322422411583,
        1.5247829156942552,
        1.5228918475748767,
        1.519149312970736,
        1.5107459349696575,
        1.5027121548635025,
        1.4987018026089083,
        1.491161937540095,
        1.4890426314658194,
        1.4899662259807112,
        1.4777200716226881,
        1.4691885014988915,
        1.4698538224020101,
        1.4658772515961072,
        1.4553673476545743,
        1.4538280337028475,
        1.4528587941515136,
        1.446432146410504,
        1.4390751901848118,
        1.438636446079452,
        1.4299760216645194,
        1.4282337799777716,
        1.4241864792143444,
        1.4225537953713023,
        1.418823024613414,
        1.4138801005878556,
        1.411730999604208,
        1.402327050229791,
        1.4017717371105147,
        1.4003683538397074,
        1.3994272994323236,
        1.390413692400249,
        1.387166861392951,
        1.3857410639742913,
        1.3776381765320858,
        1.3806276900040135,
        1.369577642140591,
        1.3713746920590508,
        1.3679478800075566,
        1.3630574730779057,
        1.3590979592516694,
        1.351723362826291,
        1.353406944430126,
        1.3487155054380022,
        1.3518231615806533
    ],
    "val_losses": [
        2.332935013757526,
        2.2448105919855084,
        2.2306160829836577,
        2.2273769136659625,
        2.217958277017043,
        2.199780213033407,
        2.1673489396614785,
        2.125451560200437,
        2.0759399673209975,
        2.0326064159441173,
        1.987945162584414,
        1.9458524368482206,
        1.9121372941757615,
        1.8840834665869413,
        1.8555822651968847,
        1.83580058213228,
        1.816720072981697,
        1.795257378105829,
        1.7798133479413483,
        1.7636306293634028,
        1.751080857275799,
        1.736320281986729,
        1.7260044163646806,
        1.7093432934456054,
        1.6999687859089057,
        1.6920358088658032,
        1.6806768976354185,
        1.673429143733841,
        1.6614713933517145,
        1.6524622478601523,
        1.6424281433102128,
        1.6359209255362315,
        1.627709511364476,
        1.6208701207452063,
        1.6137062844770316,
        1.6038682005451548,
        1.59826620860499,
        1.5909070351053851,
        1.587909708154548,
        1.580071940629262,
        1.5730969203660297,
        1.5649758040798063,
        1.5591640954250527,
        1.5509699710529448,
        1.5476958035254795,
        1.5426578889265046,
        1.534870445686964,
        1.5298839672943396,
        1.525135738447582,
        1.5193616525586167,
        1.5119860946637136,
        1.5078654159078422,
        1.5017644724850627,
        1.4983326029728925,
        1.4913465630200138,
        1.4867867854473984,
        1.4804184417271906,
        1.47919690300933,
        1.4750876189499698,
        1.4682935939229271,
        1.4648708612730401,
        1.4611686567194888,
        1.4536623344966375,
        1.4517655124904054,
        1.449688996555761,
        1.442537739908949,
        1.4397906090687007,
        1.4351836688982171,
        1.4338894755590696,
        1.4290328791840214,
        1.4264589336157465,
        1.4236309567706318,
        1.4199698293591878,
        1.4190769773971803,
        1.4144534082361646,
        1.4093138241408194,
        1.4067292648568996,
        1.4043811620372844,
        1.4021677919759399,
        1.398936649923909,
        1.3970518261736757,
        1.3918352517303383,
        1.3881952965063458,
        1.3865293416784905,
        1.3850445980442743,
        1.3817025780231835,
        1.3786421290775244,
        1.374513903028291,
        1.3723986490776587,
        1.3704778143175531,
        1.3699986991567104,
        1.3658695203515951,
        1.362808895092491,
        1.3610300631519872,
        1.35889816781872,
        1.3564008157337721,
        1.3538899828217943,
        1.350746678375538,
        1.3495912830860801,
        1.348499031458152
    ],
    "val_accs": [
        0.1447,
        0.1731,
        0.1881,
        0.1937,
        0.2024,
        0.2158,
        0.2361,
        0.2549,
        0.2735,
        0.2931,
        0.3146,
        0.3347,
        0.3444,
        0.355,
        0.3626,
        0.3693,
        0.3773,
        0.3866,
        0.3895,
        0.3974,
        0.4016,
        0.407,
        0.4093,
        0.4201,
        0.4188,
        0.4224,
        0.4232,
        0.4288,
        0.4316,
        0.434,
        0.4349,
        0.4375,
        0.4404,
        0.4401,
        0.4432,
        0.4444,
        0.4457,
        0.446,
        0.4458,
        0.4496,
        0.4513,
        0.4551,
        0.4566,
        0.4596,
        0.4631,
        0.4649,
        0.4659,
        0.4675,
        0.4672,
        0.4696,
        0.4743,
        0.476,
        0.4785,
        0.48,
        0.4845,
        0.4855,
        0.4857,
        0.4863,
        0.4861,
        0.4881,
        0.4902,
        0.4939,
        0.4935,
        0.4961,
        0.497,
        0.4992,
        0.5003,
        0.5008,
        0.5016,
        0.5036,
        0.5042,
        0.5036,
        0.505,
        0.5049,
        0.5056,
        0.5074,
        0.5093,
        0.5087,
        0.5096,
        0.5115,
        0.51,
        0.5112,
        0.5133,
        0.5141,
        0.5147,
        0.5158,
        0.515,
        0.5173,
        0.5188,
        0.5206,
        0.5221,
        0.5201,
        0.5227,
        0.5237,
        0.5238,
        0.5222,
        0.5234,
        0.524,
        0.5253,
        0.5267
    ],
    "hyperparameters": {
        "batch_size": 256,
        "learning_rate": 0.0001,
        "momentum": 0.9,
        "weight_decay": 0.001,
        "optimizer": "adam",
        "early_stopping": true,
        "patience": 10
    },
    "runtime_info": {
        "total_training_time": 473.8550851345062,
        "avg_epoch_time": 4.738550851345062,
        "timestamp": "2025-04-16 16:21:40"
    }
}