{
    "model_name": "lr0.0001_drop0.5_wd0.001_h512_256",
    "features": [
        "GELU",
        "Adam"
    ],
    "accuracy": 0.5187,
    "precision": 0.5229811779045008,
    "recall": 0.5187,
    "f1_score": 0.5151938416610281,
    "loss": 1.341110584063725,
    "inference_time": 0.3093740940093994,
    "timestamp": "2025-04-16 16:21:40"
}