{
    "model_name": "Adam_GELU_standard",
    "features": [
        "GELU",
        "Adam"
    ],
    "epochs": 57,
    "best_epoch": 47,
    "best_val_acc": 0.5674,
    "training_time": 216.0332968235016,
    "train_losses": [
        2.4990477746002773,
        2.05275491164218,
        1.8813721886826353,
        1.7835416470430296,
        1.7218877892836064,
        1.6643857988111916,
        1.6183768732601116,
        1.5768671912199537,
        1.5360059193966489,
        1.5106772882989121,
        1.4862706319793864,
        1.4624236322254751,
        1.441432429589176,
        1.41764123458518,
        1.4059440147753401,
        1.3901062607502057,
        1.3781057659003426,
        1.36414341648521,
        1.3534688317103039,
        1.342553792776133,
        1.3276308419312948,
        1.3143698185745165,
        1.3081366044043337,
        1.302163735504214,
        1.3006015117886642,
        1.286025516441155,
        1.2800950235818735,
        1.2798256716926641,
        1.2662784789667716,
        1.2620278040850663,
        1.2542454318444525,
        1.2560262405501486,
        1.248833084642147,
        1.2506472982105576,
        1.2326391264457075,
        1.229247801156649,
        1.2317257453581756,
        1.2310438834044,
        1.2257563143375125,
        1.2257050953587663,
        1.2196762579721516,
        1.214304760467111,
        1.2114184260798821,
        1.2065003248567447,
        1.206580572462377,
        1.2053932397316376,
        1.2088543721219938,
        1.2064578163729587,
        1.1978346201389103,
        1.1972503058690485,
        1.1960390640891825,
        1.191032291525961,
        1.1892425788054195,
        1.186530476290321,
        1.1844287446401363,
        1.1889694655972005,
        1.1810756636928814
    ],
    "val_losses": [
        2.158809286973891,
        1.850829057858603,
        1.7358057276747918,
        1.6523469991992745,
        1.5992149189231928,
        1.5468940220515415,
        1.5106685156936663,
        1.470195601988079,
        1.438871666906836,
        1.4176894094255268,
        1.3975056814557452,
        1.38439132221726,
        1.3677419438542957,
        1.3592556033222045,
        1.3435444576429678,
        1.334345843339225,
        1.3209590771446238,
        1.3133998373577132,
        1.3083848466681618,
        1.3005498498908403,
        1.2924103596249754,
        1.2848567838117146,
        1.286716723243884,
        1.2748503783589495,
        1.2804940843896755,
        1.273268632923677,
        1.2678007415530053,
        1.2685051817411916,
        1.2613566174091582,
        1.2637043539595374,
        1.2599774250266218,
        1.258466971679582,
        1.2569207276052248,
        1.2548680656861448,
        1.2510388279757376,
        1.2555817490716255,
        1.255172442668202,
        1.2509223529282498,
        1.2497221527704723,
        1.2483400335141155,
        1.2450226890668956,
        1.2477133106745615,
        1.2459683960142216,
        1.2435722948694912,
        1.2425400476996777,
        1.243451183010344,
        1.241864152140094,
        1.24256141264555,
        1.2447635610305379,
        1.2449291745492657,
        1.240037346512654,
        1.2410374760487763,
        1.2445667077091096,
        1.2443969848902008,
        1.2432750646761128,
        1.2380295538597719,
        1.239596872102371
    ],
    "val_accs": [
        0.241,
        0.3473,
        0.3961,
        0.422,
        0.4365,
        0.4591,
        0.4715,
        0.481,
        0.4933,
        0.4991,
        0.5029,
        0.5015,
        0.5145,
        0.5177,
        0.5275,
        0.5304,
        0.5321,
        0.5347,
        0.5347,
        0.5394,
        0.5434,
        0.5469,
        0.5422,
        0.5475,
        0.5487,
        0.5534,
        0.5516,
        0.554,
        0.5565,
        0.5534,
        0.5568,
        0.5582,
        0.5588,
        0.5579,
        0.5586,
        0.5533,
        0.5568,
        0.5569,
        0.5567,
        0.5581,
        0.5609,
        0.5577,
        0.5595,
        0.5626,
        0.5632,
        0.5641,
        0.5674,
        0.562,
        0.5607,
        0.5596,
        0.5633,
        0.5626,
        0.5593,
        0.5582,
        0.5614,
        0.5638,
        0.5634
    ],
    "hyperparameters": {
        "batch_size": 32,
        "learning_rate": 0.0005,
        "momentum": 0.9,
        "weight_decay": 0.0001,
        "optimizer": "adam",
        "early_stopping": true,
        "patience": 10
    },
    "runtime_info": {
        "total_training_time": 216.0332968235016,
        "avg_epoch_time": 3.7900578390088,
        "timestamp": "2025-04-13 06:22:47"
    }
}