{
    "model_name": "Adam_GELU_standard",
    "features": [
        "GELU",
        "Adam"
    ],
    "epochs": 63,
    "best_epoch": 53,
    "best_val_acc": 0.5814,
    "training_time": 324.1513819694519,
    "train_losses": [
        2.453121407855688,
        1.968626575486187,
        1.8139460894197446,
        1.7294854181030295,
        1.6633166130863566,
        1.6058340492137315,
        1.5611779406906467,
        1.515265477836264,
        1.481785557334973,
        1.4562455552357725,
        1.4192138249610176,
        1.3964947797104468,
        1.364113424284701,
        1.3444694252952567,
        1.3290905841832101,
        1.3035000939920842,
        1.2873562225919044,
        1.2679813086423712,
        1.2581392160182294,
        1.2412614588746493,
        1.2248975106614102,
        1.206502071607436,
        1.1947062984511845,
        1.1865100416560839,
        1.173234841238179,
        1.159654232936,
        1.1562196263819222,
        1.1471254933793276,
        1.1374699015084058,
        1.1266073674863115,
        1.1146978323854393,
        1.1034502106753512,
        1.0986618281538745,
        1.0898437715723532,
        1.082285178166496,
        1.0786532011796128,
        1.070065395935326,
        1.066358588428477,
        1.0570503791329828,
        1.0515963205468981,
        1.0478289227800426,
        1.0430850537139804,
        1.031699013197657,
        1.0275509221948023,
        1.0325798611901442,
        1.0236782539856926,
        1.0120887552243933,
        1.0082873724018948,
        1.0025272013888047,
        1.0037493142456066,
        0.9961055143139439,
        0.9948918976416598,
        0.9834251972000095,
        0.9838884302330722,
        0.9824795450668408,
        0.9809428742524668,
        0.9767678771488937,
        0.9720657951085506,
        0.9649692254698874,
        0.9562847341847583,
        0.9546067391140526,
        0.956018820715865,
        0.9452114205728457
    ],
    "val_losses": [
        2.016179360663228,
        1.7915917304092683,
        1.686376980287116,
        1.6187588670870825,
        1.5780434593703043,
        1.5159456150764796,
        1.4817353747381197,
        1.450859082027978,
        1.4157286910445426,
        1.398675491893912,
        1.3775541158080553,
        1.36325547019888,
        1.3434193746573455,
        1.3276185359950972,
        1.3179868028541484,
        1.3033084543176936,
        1.2895446084769462,
        1.28484194819411,
        1.287225427953306,
        1.2675491912719923,
        1.2643556061489911,
        1.2590960610100748,
        1.2446524422998277,
        1.246609746296861,
        1.2446387740516043,
        1.2402177152269114,
        1.237461107495515,
        1.23045059318829,
        1.2280326822665282,
        1.2213711157850784,
        1.2246932470996421,
        1.2226663179719517,
        1.219329998851415,
        1.2166591664653879,
        1.2147835781607985,
        1.2150780102204528,
        1.2076288734859817,
        1.2087704917266542,
        1.2072071526178623,
        1.2053348570246525,
        1.2052364127641195,
        1.2097958107140308,
        1.2043506740463095,
        1.203283796793941,
        1.2030383767539257,
        1.2043774833152563,
        1.2019744143993165,
        1.2059563821515933,
        1.2005824059144248,
        1.2007843031158654,
        1.2025248307291625,
        1.1990873129251842,
        1.1963567704895257,
        1.194637995335734,
        1.1980110587356085,
        1.201462600513796,
        1.20305296954725,
        1.20692576503092,
        1.2003142635864792,
        1.2029533647876696,
        1.2026127776699518,
        1.2026465857950799,
        1.2004946699641927
    ],
    "val_accs": [
        0.291,
        0.3715,
        0.4094,
        0.4328,
        0.4488,
        0.4606,
        0.4835,
        0.4898,
        0.5026,
        0.5069,
        0.5114,
        0.5159,
        0.5242,
        0.5267,
        0.5341,
        0.5369,
        0.5427,
        0.5437,
        0.5402,
        0.5533,
        0.5516,
        0.557,
        0.5612,
        0.5594,
        0.5613,
        0.5591,
        0.5614,
        0.5636,
        0.5666,
        0.5671,
        0.5666,
        0.5647,
        0.5705,
        0.5695,
        0.5692,
        0.5717,
        0.5774,
        0.573,
        0.5741,
        0.5791,
        0.5774,
        0.5737,
        0.5746,
        0.5766,
        0.5784,
        0.5793,
        0.5774,
        0.5774,
        0.5794,
        0.577,
        0.5752,
        0.5805,
        0.5814,
        0.5795,
        0.5796,
        0.5764,
        0.5799,
        0.5731,
        0.5787,
        0.5793,
        0.5773,
        0.579,
        0.5786
    ],
    "hyperparameters": {
        "batch_size": 64,
        "learning_rate": 0.0005,
        "momentum": 0.9,
        "weight_decay": 0.0001,
        "optimizer": "adam",
        "early_stopping": true,
        "patience": 10
    },
    "runtime_info": {
        "total_training_time": 324.1513819694519,
        "avg_epoch_time": 5.145260031261142,
        "timestamp": "2025-04-13 11:38:49"
    }
}