{
    "model_name": "Adam_GELU_standard",
    "features": [
        "GELU",
        "Adam"
    ],
    "accuracy": 0.5676,
    "precision": 0.5733542034575143,
    "recall": 0.5676,
    "f1_score": 0.5671940693904641,
    "loss": 1.2000771897197875,
    "inference_time": 0.3071291446685791,
    "timestamp": "2025-04-13 19:33:59"
}