{
    "model_name": "Adam_GELU_standard",
    "features": [
        "GELU",
        "Adam"
    ],
    "epochs": 61,
    "best_epoch": 51,
    "best_val_acc": 0.5764,
    "training_time": 305.55706906318665,
    "train_losses": [
        2.5540924852146643,
        2.058959976374644,
        1.8992603253629554,
        1.8076000106363366,
        1.7464492576853223,
        1.6875014631159724,
        1.6424104224256897,
        1.605864275443257,
        1.569641522713627,
        1.5378308387842246,
        1.505349242330053,
        1.4802231100822154,
        1.4538290338524853,
        1.4213467256285457,
        1.4062530155514685,
        1.3793069033144203,
        1.3673380848214476,
        1.3440525116034363,
        1.3258663605320378,
        1.31848726341684,
        1.3022073303200281,
        1.2849602865820022,
        1.26720159629424,
        1.2521492604118287,
        1.2454355858385762,
        1.2279117065332652,
        1.2195948751777461,
        1.2079085089563457,
        1.1993104762826972,
        1.186906708350423,
        1.1781381510861257,
        1.1631939769894082,
        1.1608869695854518,
        1.150539575030963,
        1.1469525783611025,
        1.1336964588812628,
        1.1285339227076225,
        1.1163425890387588,
        1.110197164025489,
        1.108473214179964,
        1.1003741929177981,
        1.0874640983653447,
        1.0880520143558747,
        1.0743200214165556,
        1.0708987057023613,
        1.063504142473236,
        1.0589142609782152,
        1.0548852516924614,
        1.0406365345700843,
        1.0430303572225064,
        1.0313759072141848,
        1.0318834008870026,
        1.0301960832584423,
        1.0290156404473048,
        1.0171858218654162,
        1.0098817881182067,
        1.01013105818388,
        1.0114291282802421,
        1.0046099260095438,
        0.9966775350492144,
        0.9918890885872738
    ],
    "val_losses": [
        2.121930674717858,
        1.8779440368941396,
        1.7598867449979498,
        1.692066592026405,
        1.6457343626644696,
        1.595836420914886,
        1.5613536232176783,
        1.5314054379209479,
        1.5071033217634608,
        1.4830612853110414,
        1.4523186869193179,
        1.4260901711372844,
        1.4109653846945804,
        1.3890989255768171,
        1.3785496559618118,
        1.3593795687928312,
        1.3459027165397075,
        1.332328898770232,
        1.3255031774578565,
        1.3146697701217058,
        1.3070763022183782,
        1.3044929364852726,
        1.2930474603697466,
        1.288296245603249,
        1.274836461422821,
        1.2685760821565992,
        1.2680010722278803,
        1.2616826763814009,
        1.2559475088480452,
        1.2487713070630475,
        1.2447094970676307,
        1.2450523666755438,
        1.2412291564111797,
        1.2352684857358338,
        1.2345048412161383,
        1.231604673468577,
        1.228465722646736,
        1.2241454197578991,
        1.220540127617174,
        1.223573243201661,
        1.2180977695251691,
        1.2135002903414922,
        1.2118812453545278,
        1.2110266605724886,
        1.2089752201391315,
        1.2059848532105948,
        1.2049730629064777,
        1.2023941026229583,
        1.201450395059531,
        1.2029764264702067,
        1.2033298823708733,
        1.1992491608426963,
        1.2027616517883457,
        1.200425220813072,
        1.2031616999030574,
        1.2009240796783547,
        1.199839377090831,
        1.1981443039089594,
        1.2004221601346279,
        1.1996177435976503,
        1.198993350297783
    ],
    "val_accs": [
        0.2596,
        0.3566,
        0.3931,
        0.4155,
        0.436,
        0.45,
        0.456,
        0.4693,
        0.4767,
        0.4825,
        0.4905,
        0.4968,
        0.5064,
        0.5091,
        0.5135,
        0.5154,
        0.5256,
        0.5307,
        0.5336,
        0.5347,
        0.5363,
        0.5359,
        0.543,
        0.5438,
        0.5515,
        0.551,
        0.5497,
        0.553,
        0.5574,
        0.5578,
        0.5598,
        0.5604,
        0.5627,
        0.5645,
        0.5636,
        0.5656,
        0.5654,
        0.5667,
        0.5677,
        0.5656,
        0.5682,
        0.5694,
        0.571,
        0.5708,
        0.5737,
        0.5733,
        0.5688,
        0.5718,
        0.575,
        0.5718,
        0.5764,
        0.5759,
        0.5762,
        0.573,
        0.5701,
        0.5745,
        0.5736,
        0.5729,
        0.5735,
        0.5733,
        0.5757
    ],
    "hyperparameters": {
        "batch_size": 128,
        "learning_rate": 0.0005,
        "momentum": 0.9,
        "weight_decay": 0.0001,
        "optimizer": "adam",
        "early_stopping": true,
        "patience": 10
    },
    "runtime_info": {
        "total_training_time": 305.55706906318665,
        "avg_epoch_time": 5.009132279724371,
        "timestamp": "2025-04-13 19:33:59"
    }
}