{
    "model_name": "Adam_GELU_standard",
    "features": [
        "GELU",
        "Adam"
    ],
    "epochs": 91,
    "best_epoch": 81,
    "best_val_acc": 0.5781,
    "training_time": 561.0864970684052,
    "train_losses": [
        2.7254645086058975,
        2.185463396447825,
        2.01309524967638,
        1.903137449936074,
        1.8310207723872367,
        1.7820197146790926,
        1.7382935744860708,
        1.701370526281122,
        1.6677651516599639,
        1.6346419904807878,
        1.606707521058842,
        1.5767246703673594,
        1.5535528107364744,
        1.5269250168059576,
        1.5119412673547477,
        1.4867742207061787,
        1.4697601557752493,
        1.4477330690185943,
        1.4345209502372758,
        1.4163468036306424,
        1.4040012789271163,
        1.3814732629427973,
        1.3695425028367072,
        1.3555996725767294,
        1.3416538208462576,
        1.3299992292437877,
        1.3113318464888308,
        1.304012595590453,
        1.2888962570228197,
        1.2822009803625045,
        1.2688369194214242,
        1.2572608891951162,
        1.2505944941640603,
        1.2433518271344632,
        1.2384602497363257,
        1.2268934351091203,
        1.2161425597850122,
        1.2055976097444354,
        1.198848273476306,
        1.1852527204929197,
        1.1848781024907018,
        1.1788216919816252,
        1.1598552606997552,
        1.1580160848812842,
        1.153305499349756,
        1.1373932562234734,
        1.1381819322709426,
        1.1343907772324675,
        1.1164951517539428,
        1.1119541413505805,
        1.112037667932496,
        1.1037852783555613,
        1.1050116960502712,
        1.0978091266052403,
        1.0871090603084788,
        1.086849153135687,
        1.082254118114833,
        1.07799892556951,
        1.0690912547941174,
        1.0721703353036265,
        1.063953968723927,
        1.0544381366038678,
        1.050626371409528,
        1.0437086945059038,
        1.0509291498436653,
        1.0342710529150654,
        1.0362943693108775,
        1.0299873420859802,
        1.0213805705547134,
        1.0189270839876199,
        1.0142886238641629,
        1.0142107202261086,
        1.0122679417457487,
        1.008087264180943,
        1.0072555625402475,
        1.006573791663105,
        0.9982540755472253,
        0.9915031693889185,
        0.981923062214076,
        0.9914986394048337,
        0.9859296725680186,
        0.9779242850104657,
        0.9784115767072328,
        0.97952946750957,
        0.9759808977828254,
        0.967512883848315,
        0.966007722822126,
        0.9632453328988696,
        0.9636591024296312,
        0.962006259806355,
        0.96214160246677
    ],
    "val_losses": [
        2.2092197094189054,
        2.0213662786533293,
        1.8635009112477385,
        1.771759532976702,
        1.7201847197018283,
        1.6796079520217655,
        1.6537419920011485,
        1.6172089112536818,
        1.5881596132705709,
        1.5606390120814215,
        1.5352021532478872,
        1.5133058890353401,
        1.499693554070774,
        1.4736481972097237,
        1.4576824101866188,
        1.440572409149219,
        1.423208706270943,
        1.4104412914940667,
        1.3944968300137197,
        1.3866986471863456,
        1.3774771271048913,
        1.3615349845340745,
        1.3531395137449898,
        1.3449707207114046,
        1.3396636528001558,
        1.3291409990629717,
        1.3174806531140075,
        1.3129762497653978,
        1.3090239190218884,
        1.3026942140681712,
        1.2964710162655475,
        1.2863504543869997,
        1.281928626150976,
        1.2760320217117045,
        1.276648854183947,
        1.2712997579038392,
        1.2626811220102452,
        1.2628859483915542,
        1.2609400148712646,
        1.2561145802411906,
        1.2532194128605068,
        1.2517645450218748,
        1.2455147067751762,
        1.23959848155799,
        1.2377356650579003,
        1.234571138366492,
        1.2362940049997135,
        1.2329741760097956,
        1.2274091290562743,
        1.2329346715176994,
        1.2231642890643464,
        1.2259485564924475,
        1.2288098681925301,
        1.2267706639466003,
        1.2221046299109675,
        1.2183931433323902,
        1.2178625306136561,
        1.2178957740355636,
        1.2170874825538136,
        1.213718675284621,
        1.2143954258452845,
        1.2117720866745476,
        1.2146774681725259,
        1.2128625710935343,
        1.2110576512573115,
        1.2086775308006124,
        1.2112140633337956,
        1.2127676645829897,
        1.2116329572745606,
        1.208723646133067,
        1.2124224430058137,
        1.2063854004860186,
        1.2066154655457024,
        1.2083439307849522,
        1.203462987979337,
        1.210459693533912,
        1.2093971607407594,
        1.2083372230884062,
        1.2050909901279483,
        1.2053598479302505,
        1.2061851575871627,
        1.2100225814496468,
        1.205607961390738,
        1.2063114994517694,
        1.2040867160238136,
        1.2052512362006655,
        1.205531537488744,
        1.2064438238074076,
        1.2064509773635301,
        1.20529620075296,
        1.2033505579904744
    ],
    "val_accs": [
        0.2114,
        0.299,
        0.3564,
        0.3844,
        0.4011,
        0.4168,
        0.4288,
        0.4388,
        0.4471,
        0.4564,
        0.4644,
        0.468,
        0.4722,
        0.4828,
        0.4899,
        0.4983,
        0.5015,
        0.511,
        0.5091,
        0.5126,
        0.5141,
        0.5185,
        0.5209,
        0.5245,
        0.5286,
        0.5304,
        0.5355,
        0.5377,
        0.5381,
        0.5412,
        0.5414,
        0.5422,
        0.5462,
        0.5489,
        0.5466,
        0.5475,
        0.5523,
        0.5529,
        0.5542,
        0.5553,
        0.5549,
        0.5544,
        0.557,
        0.5597,
        0.5602,
        0.5598,
        0.5592,
        0.5611,
        0.565,
        0.5619,
        0.5646,
        0.5628,
        0.5625,
        0.5657,
        0.5654,
        0.5638,
        0.5665,
        0.5671,
        0.5672,
        0.5706,
        0.5695,
        0.5698,
        0.5684,
        0.5703,
        0.5687,
        0.5704,
        0.5713,
        0.571,
        0.573,
        0.5738,
        0.5708,
        0.5732,
        0.572,
        0.5723,
        0.5759,
        0.5716,
        0.5715,
        0.5729,
        0.5752,
        0.5745,
        0.5781,
        0.574,
        0.576,
        0.5773,
        0.5779,
        0.578,
        0.5746,
        0.5754,
        0.5752,
        0.575,
        0.5755
    ],
    "hyperparameters": {
        "batch_size": 256,
        "learning_rate": 0.0005,
        "momentum": 0.9,
        "weight_decay": 0.0001,
        "optimizer": "adam",
        "early_stopping": true,
        "patience": 10
    },
    "runtime_info": {
        "total_training_time": 561.0864970684052,
        "avg_epoch_time": 6.1657856820703865,
        "timestamp": "2025-04-16 13:06:10"
    }
}