{
    "model_name": "Adam_GELU_standard",
    "features": [
        "GELU",
        "Adam"
    ],
    "accuracy": 0.5629,
    "precision": 0.5734393721610103,
    "recall": 0.5629,
    "f1_score": 0.5614124559257245,
    "loss": 1.2099248428229867,
    "inference_time": 0.29870104789733887,
    "timestamp": "2025-04-16 13:06:10"
}