{
    "model_name": "Adam_GELU_standard",
    "features": [
        "GELU",
        "Adam"
    ],
    "epochs": 119,
    "best_epoch": 109,
    "best_val_acc": 0.4934,
    "training_time": 82.50431609153748,
    "train_losses": [
        3.08982559869329,
        2.4210315499280526,
        2.334412038653406,
        2.299506104835539,
        2.2693865651497,
        2.2178472388620376,
        2.145679454561979,
        2.076830200654941,
        2.0084122229352968,
        1.965742773460518,
        1.9283891954678725,
        1.9019280128714708,
        1.8767763085915832,
        1.8587575449532794,
        1.833255446789219,
        1.8157926031889067,
        1.7966545360284412,
        1.7848167854222554,
        1.7669988477312246,
        1.7563848305651735,
        1.7503237598156096,
        1.7372722384492045,
        1.7302841250486132,
        1.7183737428902908,
        1.705748671661821,
        1.7007820262321915,
        1.6910850129533914,
        1.687027088519833,
        1.682759869761672,
        1.6752002592830655,
        1.6683426642158057,
        1.6604204229237711,
        1.6599082435746315,
        1.6581986426374482,
        1.6519561982341417,
        1.6470564455960834,
        1.6447312763199375,
        1.637973456013049,
        1.643524649141751,
        1.6417295859572882,
        1.6330470354850295,
        1.634934681501787,
        1.6321873442526575,
        1.632242096052997,
        1.6259135657350587,
        1.6210986336504143,
        1.619849598572938,
        1.6167307769759167,
        1.6206768719258342,
        1.6215766086100758,
        1.6237827699952398,
        1.6143604704671144,
        1.6121797264255755,
        1.6171522444412028,
        1.613517611759227,
        1.610366502870418,
        1.6172123215142244,
        1.6074272518651922,
        1.605836102072566,
        1.6029341687267424,
        1.603824237623516,
        1.6024837394001448,
        1.5971225353559302,
        1.6002618302329736,
        1.5968552502465985,
        1.5980497457003464,
        1.5962366955209644,
        1.5942953738580703,
        1.594583608446726,
        1.597027663418577,
        1.5942915911577784,
        1.5933088485053828,
        1.589034215604622,
        1.585703394846997,
        1.591376979081087,
        1.587799318461011,
        1.590005265846343,
        1.5899444969941188,
        1.5846762350701107,
        1.587894759308085,
        1.58217499963535,
        1.5841868976178943,
        1.5796774724950724,
        1.5798230691312936,
        1.5844600020734405,
        1.5873531273563692,
        1.583060528938016,
        1.5903657189823965,
        1.5792042238538002,
        1.580795314448871,
        1.5731608438017943,
        1.5712664500600175,
        1.5808548971067071,
        1.58382492217959,
        1.5851729759345228,
        1.571003094072364,
        1.577727184092158,
        1.5769682097431355,
        1.5784092559959764,
        1.578418919293982,
        1.5744837945526546,
        1.5760787607726026,
        1.571229910443925,
        1.5768267832366136,
        1.5714710696817251,
        1.5683268623322972,
        1.5678610266492328,
        1.5707553261918743,
        1.5665333614762276,
        1.5688263100541933,
        1.5709478263485759,
        1.5692485116320825,
        1.5664763170284077,
        1.5658245625459484,
        1.568881287022008,
        1.568378292638309,
        1.5629367691826181,
        1.5652700369890964,
        1.564190128651891
    ],
    "val_losses": [
        2.3043751748509393,
        2.297267911302693,
        2.2938188740734615,
        2.279047379992199,
        2.2387286126201187,
        2.1407270771792515,
        2.0254667047312256,
        1.9299196357232733,
        1.8658064509046064,
        1.8241228818933837,
        1.7910407349774229,
        1.760532214656945,
        1.7373443708978349,
        1.7183770599080272,
        1.7005691144122785,
        1.6814005024204322,
        1.6632953725081716,
        1.652158184806017,
        1.6347393178102423,
        1.6234635240720208,
        1.6126537950221944,
        1.603282355672388,
        1.5911268654263733,
        1.5819833707408335,
        1.5737294675540592,
        1.5662340617408408,
        1.5582979614460875,
        1.5495993951613753,
        1.545658008673228,
        1.540192488782642,
        1.5330819719090207,
        1.5266579589096982,
        1.5228659207125912,
        1.521046276796042,
        1.5156268104221653,
        1.5104341807432917,
        1.5073551431751977,
        1.5029221300023807,
        1.5036153647164785,
        1.5008901711583402,
        1.497230039414114,
        1.4954673706990522,
        1.490771999193301,
        1.4895913044408768,
        1.4851321196504883,
        1.4836967245196035,
        1.483284140358483,
        1.4796393583369372,
        1.4789444071331703,
        1.479983718060065,
        1.4791598305296707,
        1.4742589291320387,
        1.4730881561919662,
        1.4720818692356934,
        1.4715533538566574,
        1.4693542129908899,
        1.4709479209823508,
        1.4699381864554795,
        1.4670302556313768,
        1.4655423013960847,
        1.4653166004886744,
        1.4660024721030993,
        1.4631537799182057,
        1.4632146666451942,
        1.461685745574065,
        1.4614486062949046,
        1.4604454620727725,
        1.4579630496235165,
        1.458774323929226,
        1.4609717925133487,
        1.4573384646935201,
        1.4570867708573347,
        1.4541620071955328,
        1.4542890262880364,
        1.4536837480314657,
        1.4526170581598519,
        1.4549766685734826,
        1.4534440053774706,
        1.4495269920199565,
        1.4480558886846986,
        1.4483688200805775,
        1.4516481304163664,
        1.449103370853411,
        1.4480064368457655,
        1.4484123950608039,
        1.4497931927911376,
        1.4509841261112952,
        1.4526387732620325,
        1.4489454202134409,
        1.44950889961273,
        1.4464727873645968,
        1.4457322724090473,
        1.4469557581650192,
        1.4465425307906357,
        1.4466887563249693,
        1.443940718035762,
        1.4451144555796724,
        1.4439427078228528,
        1.4423296457830035,
        1.44334965305622,
        1.4411948002168602,
        1.4421634828138818,
        1.4393850245258135,
        1.4413029230197072,
        1.4408531334896113,
        1.4394726033930503,
        1.4378643334474466,
        1.4400910655216914,
        1.438268743542807,
        1.440184883107471,
        1.4408051868635,
        1.4393821383407868,
        1.4362787048965928,
        1.4376501613138022,
        1.437432166572633,
        1.4379257963586416,
        1.4366185643501665,
        1.4368055503782735,
        1.4343347689169514
    ],