{
    "model_name": "Adam_GELU_standard",
    "features": [
        "GELU",
        "Adam"
    ],
    "accuracy": 0.4983,
    "precision": 0.49794180137303184,
    "recall": 0.4983,
    "f1_score": 0.49698237920974725,
    "loss": 1.542207108603556,
    "inference_time": 0.13298821449279785,
    "timestamp": "2025-04-12 21:37:11"
}