{
    "model_name": "Adam_GELU_standard",
    "features": [
        "GELU",
        "Adam"
    ],
    "epochs": 22,
    "best_epoch": 12,
    "best_val_acc": 0.5017,
    "training_time": 45.8046441078186,
    "train_losses": [
        2.0365753953297547,
        1.6060794565499692,
        1.4466956487154239,
        1.3286716628028068,
        1.2308455988051663,
        1.149829220662399,
        1.0774388608494927,
        1.0140890985278415,
        0.9562489858783397,
        0.9041978184080258,
        0.8556333087613466,
        0.8105859958310916,
        0.7683158036274966,
        0.7286649387035261,
        0.6909032323842161,
        0.6548387109815519,
        0.6202121145837232,
        0.5880360577467735,
        0.5566193824319504,
        0.5285630279132548,
        0.4985143276422059,
        0.4718593126279842
    ],
    "val_losses": [
        1.7834261556870457,
        1.639144270561693,
        1.5700863853389317,
        1.5178334297660228,
        1.4921912005415965,
        1.477996158549578,
        1.4821161070530584,
        1.4823328770234052,
        1.496306629698882,
        1.5077822125183462,
        1.5370826378930154,
        1.5599410366214481,
        1.5917964550748938,
        1.6213102832006916,
        1.6616800541561636,
        1.6929351502422794,
        1.7465224428726394,
        1.7892087625669573,
        1.831969837551725,
        1.8667457629106858,
        1.9264213208469922,
        1.9694139508637585
    ],
    "val_accs": [
        0.3729,
        0.4256,
        0.4479,
        0.469,
        0.4817,
        0.4939,
        0.4975,
        0.4972,
        0.4998,
        0.5,
        0.4968,
        0.5017,
        0.4969,
        0.4949,
        0.4955,
        0.4944,
        0.4925,
        0.492,
        0.4917,
        0.488,
        0.4916,
        0.4891
    ],
    "hyperparameters": {
        "batch_size": 128,
        "learning_rate": 0.0005,
        "momentum": 0.9,
        "weight_decay": 0.0001,
        "optimizer": "adam",
        "early_stopping": true,
        "patience": 10
    },
    "runtime_info": {
        "total_training_time": 45.8046441078186,
        "avg_epoch_time": 2.082029277628118,
        "timestamp": "2025-04-12 21:37:10"
    }
}