{
    "model_name": "lr0.0001_drop0.5_wd0.0001_h256_128",
    "features": [
        "GELU",
        "Adam"
    ],
    "epochs": 100,
    "best_epoch": 99,
    "best_val_acc": 0.5149,
    "training_time": 236.50445222854614,
    "train_losses": [
        3.4123670993822377,
        2.7547278565213156,
        2.501322528148558,
        2.4017913357347718,
        2.327620558222618,
        2.2859244178804126,
        2.2580613057645285,
        2.2124868121222483,
        2.1798573692003687,
        2.137269747782705,
        2.1004322958637798,
        2.0669084459737808,
        2.032830654923213,
        2.0072860013366607,
        1.9849917813023032,
        1.9573092140231843,
        1.9404739834708804,
        1.9212752616386943,
        1.902414249095784,
        1.8889642580103112,
        1.867309530804656,
        1.8568088655851642,
        1.8424385661868812,
        1.8348118028209668,
        1.814478091740687,
        1.8075617508276578,
        1.796320338227883,
        1.7835862007697112,
        1.7749055349288987,
        1.7645969116088398,
        1.755304629083939,
        1.7448876410198504,
        1.736059910667064,
        1.722968322499344,
        1.7209840304982753,
        1.7082413544405382,
        1.7026436587100622,
        1.6965481234351194,
        1.6876361352748628,
        1.6848344543500302,
        1.6720206298195532,
        1.6684609241513733,
        1.6621239510048353,
        1.6544994806265254,
        1.6496645537164618,
        1.6432541143629298,
        1.6339788885104343,
        1.6297849583424955,
        1.6246852320507048,
        1.6159431680307639,
        1.6129866698775264,
        1.609603216044797,
        1.6013737820551874,
        1.5997145407569868,
        1.592081273001897,
        1.5877259308458482,
        1.5780875570651647,
        1.5715652864844398,
        1.5718088353096735,
        1.5639294890553919,
        1.5591847452422471,
        1.5554680064467328,
        1.5513601709165559,
        1.5476425717510502,
        1.5393609919305766,
        1.5388304352076771,
        1.5288466247913588,
        1.5326283685779132,
        1.524455547023544,
        1.518550840729662,
        1.5107978849357986,
        1.514616528528749,
        1.5104458217933718,
        1.500409587269407,
        1.499120821359865,
        1.4978625945921102,
        1.4924817261994943,
        1.4854599541008662,
        1.4866945487791914,
        1.4851358892713127,
        1.4788949732750623,
        1.4722649266265955,
        1.4708438877073813,
        1.4683356457911643,
        1.4654383342573998,
        1.4572805674338791,
        1.4608196270745013,
        1.457604755228406,
        1.448427544267077,
        1.4507989322243098,
        1.443420649325388,
        1.4444518413708916,
        1.4333382792736933,
        1.4346412522791612,
        1.4319158371488416,
        1.4292646954835322,
        1.4264645351967506,
        1.4197982838784706,
        1.4231269063859397,
        1.4138987961059564
    ],
    "val_losses": [
        2.353601138819345,
        2.2752554822222546,
        2.2599154452239736,
        2.255172370813883,
        2.246148778491883,
        2.2303972547983673,
        2.204869742279308,
        2.164997154538334,
        2.119603278077231,
        2.0675719464984037,
        2.0198933866960433,
        1.9785286172884513,
        1.9438528635228136,
        1.9121820734276214,
        1.8878880048625137,
        1.860619897349882,
        1.840665981734122,
        1.8219246000092368,
        1.8036015399825271,
        1.7905271675182095,
        1.7726878633863743,
        1.7600366675253023,
        1.7470413675498975,
        1.736204785737022,
        1.722009776492372,
        1.7117675714531964,
        1.7006442668008512,
        1.690766727598912,
        1.6846348784174163,
        1.6713906398432001,
        1.663920923310388,
        1.6542028024437407,
        1.645637276228289,
        1.6382705347875735,
        1.632071899576069,
        1.624069430048505,
        1.6159892282727002,
        1.6093910580162796,
        1.603323878828276,
        1.5965493165663247,
        1.5882045028125302,
        1.5833523466117319,
        1.5765494472962776,
        1.569195570113589,
        1.5664032270593011,
        1.5591917947997695,
        1.555343236183182,
        1.5480252044014808,
        1.5433936747838997,
        1.5366260800659965,
        1.5316938148563934,
        1.527437863437666,
        1.523417685689004,
        1.519431872010326,
        1.5138951656206392,
        1.5092779739433413,
        1.5048693035691625,
        1.4997346487004846,
        1.496384645129128,
        1.490107692222044,
        1.4880653179888643,
        1.482320846651252,
        1.477693793412382,
        1.474478492663987,
        1.4703586385702343,
        1.4673171428917502,
        1.4630126008981144,
        1.4593188780794197,
        1.4567660708494963,
        1.4536422578721246,
        1.4478934466353819,
        1.4464480791609766,
        1.4432440747137572,
        1.4392240592035352,
        1.435569527290074,
        1.4327841840839797,
        1.4306484318945027,
        1.4268589534337273,
        1.4243479926067508,
        1.420363208991377,
        1.4178695762352151,
        1.414772964559186,
        1.411721006333508,
        1.4086833776106185,
        1.4076580632234854,
        1.4030699906045323,
        1.4008434209441085,
        1.399295388360617,
        1.3960929267726676,
        1.3939298616735858,
        1.3912512435734428,
        1.3896523512746108,
        1.387561095686913,
        1.3847648666791232,
        1.382862591967199,
        1.3806234716338657,
        1.377595133594198,
        1.374426251805591,
        1.3738306380964869,
        1.3703373248717514
    ],
    "val_accs": [
        0.13,
        0.1496,
        0.1574,
        0.164,
        0.1706,
        0.1828,
        0.2033,
        0.2244,
        0.242,
        0.2632,
        0.2826,
        0.2954,
        0.3084,
        0.3185,
        0.329,
        0.3388,
        0.3468,
        0.3563,
        0.3619,
        0.368,
        0.3759,
        0.3815,
        0.3836,
        0.3908,
        0.3976,
        0.3987,
        0.406,
        0.409,
        0.4109,
        0.4152,
        0.4187,
        0.4216,
        0.4239,
        0.425,
        0.4278,
        0.43,
        0.4321,
        0.4339,
        0.4371,
        0.4388,
        0.4427,
        0.4424,
        0.4447,
        0.4482,
        0.4487,
        0.4517,
        0.4543,
        0.4575,
        0.4579,
        0.4591,
        0.4628,
        0.4652,
        0.4673,
        0.4683,
        0.4699,
        0.4704,
        0.4708,
        0.4742,
        0.475,
        0.4773,
        0.4781,
        0.48,
        0.4802,
        0.482,
        0.4826,
        0.4839,
        0.4862,
        0.4866,
        0.4881,
        0.4884,
        0.4876,
        0.4888,
        0.4894,
        0.4915,
        0.4916,
        0.4933,
        0.493,
        0.4946,
        0.4952,
        0.4978,
        0.4964,
        0.4992,
        0.5012,
        0.5007,
        0.5024,
        0.5023,
        0.5046,
        0.5072,
        0.5067,
        0.5064,
        0.5068,
        0.5066,
        0.5094,
        0.5095,
        0.5101,
        0.5106,
        0.5123,
        0.5109,
        0.5149,
        0.5149
    ],
    "hyperparameters": {
        "batch_size": 128,
        "learning_rate": 0.0001,
        "momentum": 0.9,
        "weight_decay": 0.0001,
        "optimizer": "adam",
        "early_stopping": true,
        "patience": 10
    },
    "runtime_info": {
        "total_training_time": 236.50445222854614,
        "avg_epoch_time": 2.3650445222854612,
        "timestamp": "2025-04-16 16:43:11"
    }
}