{
    "model_name": "Adam_GELU_standard",
    "features": [
        "GELU",
        "Adam"
    ],
    "epochs": 76,
    "best_epoch": 66,
    "best_val_acc": 0.5663,
    "training_time": 237.6023120880127,
    "train_losses": [
        2.7698335403595373,
        2.270004053175904,
        2.113698623068593,
        1.991552069843589,
        1.911809500534299,
        1.8492334081163027,
        1.8022751863997655,
        1.7579266421641282,
        1.7318836128140016,
        1.689775259147776,
        1.6689832093092498,
        1.639262007568728,
        1.6193954914417061,
        1.5900505443217767,
        1.5681548017687736,
        1.5461586657977786,
        1.5390371656950792,
        1.5126131605980535,
        1.4945617689115118,
        1.4829003710022992,
        1.464769345132943,
        1.4518803833010252,
        1.435730464361411,
        1.423428597901814,
        1.4114967639428313,
        1.4009370453513323,
        1.3893850270748331,
        1.3831943756181801,
        1.3694319413681395,
        1.3617672087350285,
        1.3486537095104933,
        1.3465033236754413,
        1.3397052494710546,
        1.3315601240712986,
        1.3210597124112795,
        1.3117658853324652,
        1.3061076705319996,
        1.3026366276825732,
        1.3000774802422652,
        1.292062841646582,
        1.2821207161987056,
        1.277647957899758,
        1.2674749279066395,
        1.2650439882455167,
        1.2634566340451272,
        1.258119166293456,
        1.2591826958814978,
        1.248654068978839,
        1.2420344245752608,
        1.2424483969211033,
        1.238063723581562,
        1.2347572858726639,
        1.2278300306648848,
        1.2318501487853497,
        1.223396251429139,
        1.223702421887799,
        1.218775262631855,
        1.2138252369615568,
        1.2142125614362842,
        1.2061577068604603,
        1.2055385371491496,
        1.206664437081028,
        1.207206183165363,
        1.2053602716156153,
        1.1905702763191843,
        1.1977336149682796,
        1.1956056688185404,
        1.1856031654319545,
        1.183812163780899,
        1.1892462933758696,
        1.1860059308678064,
        1.1837548282953927,
        1.1830396844519733,
        1.1757174298023014,
        1.1791286672917118,
        1.1734895692861556
    ],
    "val_losses": [
        2.272102860231853,
        2.15408430054423,
        1.9516053744070505,
        1.8486661477625426,
        1.7785313965131864,
        1.7288566381383597,
        1.6868043861836912,
        1.6512041762811318,
        1.6247882362825263,
        1.5909245241487608,
        1.5656387629038797,
        1.5480109886922486,
        1.52739001373495,
        1.505953831705785,
        1.485386103451622,
        1.4699053156132509,
        1.4582633821407789,
        1.4408467302264112,
        1.4266302100156427,
        1.4133017664620002,
        1.4007082645176907,
        1.3915758640781384,
        1.3794410213499269,
        1.36673281439724,
        1.3570242893278668,
        1.3472171658720342,
        1.3430614267443612,
        1.3349696558017956,
        1.3259312335523905,
        1.3216651107467297,
        1.3146735480405907,
        1.3106601820561874,
        1.3062004070180302,
        1.3003364446126322,
        1.2950077482541305,
        1.2903869200035711,
        1.2875829393612435,
        1.283422837673017,
        1.2797163087412038,
        1.2765596945171347,
        1.2746301158852056,
        1.2700370240948233,
        1.265468828224903,
        1.266312135169932,
        1.2620407261940683,
        1.2604374036284756,
        1.2611908049009055,
        1.2590215108375193,
        1.2545152312818446,
        1.2543145469541344,
        1.2534303845395618,
        1.250535824537059,
        1.2500939767146735,
        1.2498871443889816,
        1.2473179013191569,
        1.2485354941248354,
        1.2467049220944166,
        1.2464584916411139,
        1.2444842447351283,
        1.2435209172024242,
        1.2423329464769177,
        1.240468439347342,
        1.240389034772609,
        1.2382982205477207,
        1.2398047031212291,
        1.2350276771383408,
        1.2357891966827483,
        1.2371408606346084,
        1.236435040695069,
        1.2344458262710243,
        1.2315622118317742,
        1.2353156702154535,
        1.2335163563599123,
        1.2346099129640815,
        1.234215197853275,
        1.234617830515737
    ],
    "val_accs": [
        0.1488,
        0.2294,
        0.3027,
        0.3469,
        0.3739,
        0.3911,
        0.4041,
        0.418,
        0.4246,
        0.4395,
        0.446,
        0.4487,
        0.4583,
        0.4663,
        0.4744,
        0.4781,
        0.4858,
        0.4874,
        0.4941,
        0.4977,
        0.5023,
        0.5087,
        0.5125,
        0.5156,
        0.5198,
        0.5217,
        0.5251,
        0.5262,
        0.5336,
        0.535,
        0.5379,
        0.5362,
        0.5423,
        0.541,
        0.5426,
        0.5446,
        0.5448,
        0.5477,
        0.5455,
        0.5482,
        0.5459,
        0.5487,
        0.5506,
        0.5496,
        0.5525,
        0.5544,
        0.5543,
        0.5538,
        0.5565,
        0.561,
        0.5577,
        0.5575,
        0.5558,
        0.5593,
        0.5617,
        0.558,
        0.5605,
        0.5603,
        0.5634,
        0.5593,
        0.5636,
        0.5651,
        0.5649,
        0.563,
        0.5626,
        0.5663,
        0.564,
        0.5642,
        0.5626,
        0.5646,
        0.5655,
        0.5636,
        0.5661,
        0.5636,
        0.5646,
        0.5644
    ],
    "hyperparameters": {
        "batch_size": 128,
        "learning_rate": 0.0005,
        "momentum": 0.9,
        "weight_decay": 0.0001,
        "optimizer": "adam",
        "early_stopping": true,
        "patience": 10
    },
    "runtime_info": {
        "total_training_time": 237.6023120880127,
        "avg_epoch_time": 3.1263462116843774,
        "timestamp": "2025-04-13 14:20:27"
    }
}