{
    "model_name": "Adam_GELU_standard",
    "features": [
        "GELU",
        "Adam"
    ],
    "accuracy": 0.5634,
    "precision": 0.5605649033271501,
    "recall": 0.5634,
    "f1_score": 0.5598502032775569,
    "loss": 1.2280313996253984,
    "inference_time": 0.16550016403198242,
    "timestamp": "2025-04-13 14:20:27"
}