{
    "model_name": "Adam_GELU_standard",
    "features": [
        "GELU",
        "Adam"
    ],
    "epochs": 124,
    "best_epoch": 114,
    "best_val_acc": 0.556,
    "training_time": 448.5742771625519,
    "train_losses": [
        2.8121575975358333,
        2.340553751452074,
        2.3001978044925298,
        2.266176123825405,
        2.202930718937754,
        2.1278722092684843,
        2.0660148749276654,
        2.024051550775032,
        1.9873733724867801,
        1.9537315300973783,
        1.9283475296520285,
        1.9026045720975804,
        1.8751302942952832,
        1.8513305524712806,
        1.829150975658375,
        1.7986123648751908,
        1.7810116829892435,
        1.7600139533999088,
        1.7395242448913866,
        1.720233079585507,
        1.6971879636614824,
        1.6904806230048415,
        1.6716139539485928,
        1.6516742048790034,
        1.633972146548469,
        1.6241018021966147,
        1.6149872619998014,
        1.5935221441780063,
        1.5867781476731013,
        1.5732883496497008,
        1.562426543717424,
        1.547973119476949,
        1.528370378527676,
        1.5281224496380832,
        1.5121907533196186,
        1.5033929031542665,
        1.4915178432969063,
        1.482721119768191,
        1.4777557837708344,
        1.4724860220522744,
        1.4692517745588212,
        1.4541260862706438,
        1.4449360680761751,
        1.4339437699452056,
        1.4345500289341426,
        1.4312704780537273,
        1.417402999125708,
        1.4112306312037213,
        1.4092726232691652,
        1.4010749762247658,
        1.3999533279801266,
        1.3909091502538886,
        1.3903416618807851,
        1.3823528548916781,
        1.3775606119817205,
        1.365697865617794,
        1.3635683593537942,
        1.364618941966407,
        1.3641077124980645,
        1.3464078046415824,
        1.3519906775624009,
        1.3477109579257236,
        1.3431426504152242,
        1.3340024243800317,
        1.334897483535652,
        1.328842891586492,
        1.326246508710628,
        1.3280017401949389,
        1.3161000101330032,
        1.3147437127008201,
        1.311087544516508,
        1.3143180248032256,
        1.304447520524609,
        1.304063479213105,
        1.307192535983351,
        1.2932832359584703,
        1.2933382586004736,
        1.283403773329878,
        1.2982528674622609,
        1.2900263912880099,
        1.2849014414728557,
        1.2774364644205705,
        1.2828271509249516,
        1.2823966648598495,
        1.2742784167545385,
        1.2727076536826236,
        1.2750030942786101,
        1.263210523952446,
        1.276480533204124,
        1.2683610412080715,
        1.259463717012531,
        1.2622846555423017,
        1.2581998439453086,
        1.2547795764924252,
        1.2519821737879075,
        1.2504010987208376,
        1.2550587698132163,
        1.2513358786975057,
        1.24458167648536,
        1.2454670389529845,
        1.2369442653160365,
        1.239968765693358,
        1.2454844441774073,
        1.2409429933328036,
        1.2370157794560077,
        1.2451813966702294,
        1.2392401036506269,
        1.2324953943549037,
        1.2299630149913827,
        1.2257298091792648,
        1.231159350852189,
        1.2357797274818005,
        1.2271841679563444,
        1.2348521333828366,
        1.2277214301230046,
        1.2233246100749426,
        1.2285262440956066,
        1.215601231536983,
        1.2158907921715538,
        1.2112976263164053,
        1.2126709434238536,
        1.2129321106598565,
        1.2140575524130346,
        1.20867763858613
    ],
    "val_losses": [
        2.305731286427466,
        2.2905312680870535,
        2.264556248459159,
        2.1953876502841516,
        2.0681517132107814,
        1.9737650747817763,
        1.922879918897825,
        1.8877330026139192,
        1.857901819460615,
        1.8313630879664438,
        1.8072416365874302,
        1.7795667629804495,
        1.7515174652895418,
        1.7266049785112,
        1.6994062519234776,
        1.6812234791147556,
        1.6621749950482987,
        1.6467397880244339,
        1.6275182308918603,
        1.6138031831965385,
        1.5975463694373662,
        1.581596312058685,
        1.5667749063868586,
        1.5483685259327344,
        1.536518360415262,
        1.523258245185378,
        1.511177570679483,
        1.5013882659945095,
        1.4910674760036804,
        1.476039521933415,
        1.4718538044438307,
        1.4571733792620343,
        1.4500922572893598,
        1.4387888597317122,
        1.4331301131218264,
        1.4250085182100445,
        1.42074247357492,
        1.4121925464456242,
        1.4042573279506916,
        1.3971618960508254,
        1.3938160367433636,
        1.3872118498419168,
        1.3825896830468143,
        1.3774753711146122,
        1.371864028780986,
        1.3716420515069914,
        1.3665165122211493,
        1.360583707754232,
        1.3586571537618608,
        1.3548991832241373,
        1.3546751098877303,
        1.345821545747275,
        1.3465024368441358,
        1.3429636230075255,
        1.3423135750781525,
        1.3378789490978855,
        1.3340171586955265,
        1.3318528042180164,
        1.3277118315838727,
        1.3270629503606646,
        1.3224879710600608,
        1.321648202166629,
        1.3198804394304826,
        1.316344285393556,
        1.3135399987041527,
        1.3128343920180463,
        1.3111504495101245,
        1.313499086449955,
        1.3075990731781257,
        1.3080551516190886,
        1.3060726329296948,
        1.3065422122590375,
        1.3048667660478053,
        1.3031823538322234,
        1.3024322659479444,
        1.3030446689223318,
        1.3005369487355372,
        1.301902815978245,
        1.299704490410804,
        1.299566297111155,
        1.3002877975401577,
        1.2993794821137066,
        1.2984462547143751,
        1.2956099447479137,
        1.2942334472970247,
        1.294595984306427,
        1.2934281264268817,
        1.292731969105677,
        1.2906508049422358,
        1.2886448077739394,
        1.288694239641115,
        1.2838290399154684,
        1.2839128052906308,
        1.2834158498890675,
        1.287141423209497,
        1.2851007869505375,
        1.286107862318556,
        1.2878929135489758,
        1.2839673903243474,
        1.2836125414985393,
        1.28683362956571,
        1.2856417883380726,
        1.2856072405908283,
        1.285097966386966,
        1.2838491127226657,
        1.2833354653463953,
        1.281265723855358,
        1.2838060818421986,
        1.28216004246272,
        1.2839475906457913,
        1.2806901662428907,
        1.2803378961651923,
        1.282382337294925,
        1.2776640386309754,
        1.2799811846503286,
        1.2783298508891112,
        1.2798841959782248,
        1.281925298852133,
        1.2799627481050708,
        1.2810724594559033,
        1.2816731645759558,
        1.2802456087745515,
        1.279260207010714,
        1.2815611571781993
    ],