{
    "model_name": "Adam_GELU_standard",
    "features": [
        "GELU",
        "Adam"
    ],
    "epochs": 25,
    "best_epoch": 15,
    "best_val_acc": 0.4792,
    "training_time": 117.7795090675354,
    "train_losses": [
        2.0487687804459958,
        1.7879350320005132,
        1.7233705891332851,
        1.676014868444074,
        1.647513569079905,
        1.623639904050661,
        1.6111900180640564,
        1.5839114209676053,
        1.5747858835024793,
        1.5588703913851967,
        1.5647659786256987,
        1.5378802294167093,
        1.53347919358645,
        1.5274973708608484,
        1.5223077787613881,
        1.5192025371141404,
        1.5103253988983902,
        1.5083551311294625,
        1.5008878550522204,
        1.4906188392616033,
        1.4797152242712972,
        1.4793083582714215,
        1.4829821947960626,
        1.4754540497570356,
        1.4840349911082305
    ],
    "val_losses": [
        1.7128596635145463,
        1.6164467881264908,
        1.581614067700344,
        1.5372270977307776,
        1.5393851455724188,
        1.5238389446327187,
        1.5103905786364462,
        1.5375003208226579,
        1.500758907039186,
        1.4982147762588356,
        1.5068514957439263,
        1.4831149069914318,
        1.47719137653356,
        1.5049507865211686,
        1.4734013458312776,
        1.476415229276334,
        1.4868453667322856,
        1.4892524068239454,
        1.4742853151024704,
        1.488918683810936,
        1.4875290669497678,
        1.4762566696680581,
        1.4756499920001216,
        1.481816200215471,
        1.4877773746365281
    ],
    "val_accs": [
        0.3857,
        0.4231,
        0.4283,
        0.4548,
        0.4471,
        0.4615,
        0.4643,
        0.4429,
        0.4692,
        0.4631,
        0.4647,
        0.4644,
        0.4771,
        0.4669,
        0.4792,
        0.4675,
        0.4634,
        0.4634,
        0.4755,
        0.4714,
        0.4767,
        0.4751,
        0.4701,
        0.4787,
        0.4638
    ],
    "hyperparameters": {
        "batch_size": 128,
        "learning_rate": 0.005,
        "momentum": 0.9,
        "weight_decay": 0.0001,
        "optimizer": "adam",
        "early_stopping": true,
        "patience": 10
    },
    "runtime_info": {
        "total_training_time": 117.7795090675354,
        "avg_epoch_time": 4.711180362701416,
        "timestamp": "2025-04-13 19:09:29"
    }
}