{
    "model_name": "Adam_GELU_standard",
    "features": [
        "GELU",
        "Adam"
    ],
    "accuracy": 0.4707,
    "precision": 0.5495905885530554,
    "recall": 0.4707,
    "f1_score": 0.4827236110799126,
    "loss": 1.4708263096548337,
    "inference_time": 0.26891613006591797,
    "timestamp": "2025-04-13 19:09:30"
}