{
    "model_name": "Adam_GELU_standard",
    "features": [
        "GELU",
        "Adam"
    ],
    "epochs": 39,
    "best_epoch": 29,
    "best_val_acc": 0.5534,
    "training_time": 137.1432011127472,
    "train_losses": [
        2.279391590639256,
        1.8757657279361084,
        1.749645148648582,
        1.6582605039080407,
        1.5993412112827454,
        1.5500886922423143,
        1.5125118821137125,
        1.4852780382842272,
        1.4542719898486782,
        1.4333599412633156,
        1.4137444164119235,
        1.3926846084059514,
        1.3822947071102687,
        1.3724032121019627,
        1.361731706342199,
        1.3498525800291619,
        1.3458288880708058,
        1.3336495962633117,
        1.3269839660199383,
        1.3216980705712678,
        1.3207417565378667,
        1.3118403290535225,
        1.3028301333731334,
        1.3086641710397693,
        1.2937836530092,
        1.294671038253104,
        1.2961792806588213,
        1.2868809221558104,
        1.2806111406358975,
        1.2777437486077603,
        1.274840324878975,
        1.2780203703626354,
        1.2681807826221492,
        1.2668220060836541,
        1.267821881593258,
        1.2602339367041793,
        1.2631297227727567,
        1.263167748264196,
        1.2654781190185682
    ],
    "val_losses": [
        1.8866493409963878,
        1.7052183806298722,
        1.5951348421287523,
        1.5415407034373725,
        1.4853618615883513,
        1.441936271895409,
        1.4110249498679206,
        1.3907305941855663,
        1.3704520319891755,
        1.3610114140732548,
        1.339387920258774,
        1.336264963878491,
        1.3271136738413654,
        1.3289838455840242,
        1.3160448662930473,
        1.3084331127293976,
        1.3053747106042974,
        1.299011792669437,
        1.2976481920046903,
        1.2927103554485933,
        1.2880811044822928,
        1.2846727004367302,
        1.2843266296349898,
        1.2885151457255584,
        1.2815186146740323,
        1.2861390761337006,
        1.287570429522974,
        1.2861344793563225,
        1.2766956125476467,
        1.284775340941204,
        1.2787843170803836,
        1.2790586461660927,
        1.2866985188520543,
        1.280549871258823,
        1.2759346406524383,
        1.283076190296212,
        1.2824683559361139,
        1.2802439468907274,
        1.278660180994642
    ],
    "val_accs": [
        0.3209,
        0.3918,
        0.4335,
        0.4599,
        0.4752,
        0.4927,
        0.4969,
        0.5088,
        0.5104,
        0.5172,
        0.5285,
        0.5263,
        0.5324,
        0.5292,
        0.534,
        0.5353,
        0.5446,
        0.5453,
        0.5429,
        0.5479,
        0.5437,
        0.547,
        0.5475,
        0.5403,
        0.5449,
        0.5438,
        0.5425,
        0.5437,
        0.5534,
        0.5457,
        0.5485,
        0.551,
        0.5496,
        0.5448,
        0.5471,
        0.5443,
        0.5463,
        0.5488,
        0.5515
    ],
    "hyperparameters": {
        "batch_size": 32,
        "learning_rate": 0.001,
        "momentum": 0.9,
        "weight_decay": 0.0001,
        "optimizer": "adam",
        "early_stopping": true,
        "patience": 10
    },
    "runtime_info": {
        "total_training_time": 137.1432011127472,
        "avg_epoch_time": 3.516492336224287,
        "timestamp": "2025-04-12 20:10:36"
    }
}