{
    "model_name": "Adam_GELU_standard",
    "features": [
        "GELU",
        "Adam"
    ],
    "accuracy": 0.5682,
    "precision": 0.5714837595719459,
    "recall": 0.5682,
    "f1_score": 0.5655290730656174,
    "loss": 1.213227669147974,
    "inference_time": 0.2719717025756836,
    "timestamp": "2025-04-13 18:58:50"
}