{
    "model_name": "Adam_GELU_standard",
    "features": [
        "GELU",
        "Adam"
    ],
    "epochs": 175,
    "best_epoch": 165,
    "best_val_acc": 0.5719,
    "training_time": 827.5347409248352,
    "train_losses": [
        3.451980485990561,
        2.6284964087365084,
        2.401505922737604,
        2.291684684690687,
        2.2160609379712013,
        2.1500586812152753,
        2.089162152381622,
        2.038920680659673,
        1.9897604943788603,
        1.9586769087427558,
        1.9184904459408023,
        1.8949334685305612,
        1.871465664671129,
        1.8459027699674744,
        1.8258453662282903,
        1.8053045778838883,
        1.781915159698388,
        1.7674377564336152,
        1.7482776279901509,
        1.727144513619308,
        1.7175460120780608,
        1.7138463885174033,
        1.6952672015699093,
        1.6803585532786636,
        1.671148897574349,
        1.6587302882436556,
        1.651518839978577,
        1.6323394299103238,
        1.6220406266170253,
        1.6161242479311284,
        1.5994963766740484,
        1.6013566358830778,
        1.5844940004252737,
        1.579153127660493,
        1.5682235666531983,
        1.5548688438980383,
        1.5476360125804112,
        1.5391558472998235,
        1.538046489132307,
        1.5289487892903237,
        1.5165489799382696,
        1.5088522879250328,
        1.4993607897479766,
        1.4970239924241895,
        1.4838410989593889,
        1.4763473191634728,
        1.470732110009503,
        1.4693218388909184,
        1.4624785391366246,
        1.4538673871736265,
        1.4416394080595814,
        1.4431638020837785,
        1.4399259193681562,
        1.4292760677271987,
        1.4207704543589161,
        1.4191819304718691,
        1.4122459136845955,
        1.40724402548306,
        1.4086941741376562,
        1.3972163179378827,
        1.3894985890962763,
        1.3890081617172767,
        1.3820779902464866,
        1.372952115647103,
        1.3748810290012186,
        1.3637176008665644,
        1.362061659468872,
        1.3538851057386772,
        1.3539125868320465,
        1.344469783508131,
        1.3431447275925963,
        1.3411978950125802,
        1.3409167293894304,
        1.3345910689072664,
        1.3217434844361247,
        1.3194411493796774,
        1.3176353832663192,
        1.318492439586658,
        1.3157523055200542,
        1.3040687011756873,
        1.3049608185083983,
        1.2990500754429308,
        1.2997815814156348,
        1.2941591273247661,
        1.2895897962214402,
        1.2849399272340094,
        1.2793982796499774,
        1.275915515509374,
        1.2706561769155644,
        1.2692759626199057,
        1.2702136235832324,
        1.2605654522349181,
        1.2546463005971504,
        1.2537315747724889,
        1.2523582408304035,
        1.2472186825157603,
        1.2454975015996081,
        1.2456581557709432,
        1.2378222868796267,
        1.2376908025200235,
        1.2265243809342936,
        1.2275848811019003,
        1.2230943180607805,
        1.2234366277383821,
        1.2176925295807763,
        1.2209467327712598,
        1.2123688526791432,
        1.2145916613349563,
        1.2117933638839296,
        1.1997763843050417,
        1.1999757906970776,
        1.1992857713343845,
        1.2021266938893267,
        1.1934707909042646,
        1.1875126653584533,
        1.1937734405415807,
        1.1942787586278947,
        1.1819899928893365,
        1.182028493883591,
        1.1836315871486025,
        1.1758178274631939,
        1.1781247880045078,
        1.1689030365400375,
        1.1638465326485896,
        1.1637862046916922,
        1.1618228100361394,
        1.158387433317004,
        1.1589225127663831,
        1.1573233033018637,
        1.1503211461785459,
        1.1528840266395657,
        1.1479265259096236,
        1.142196838932086,
        1.1432275246231567,
        1.1428998295378137,
        1.141105428067051,
        1.1331273173539784,
        1.1373294564102416,
        1.1362702509280775,
        1.1317869470181672,
        1.127130784329976,
        1.1250767867928417,
        1.1248251778386724,
        1.123396338403757,
        1.1155702412576594,
        1.1136225981485184,
        1.1161904899173694,
        1.1126792113023933,
        1.1135625701351797,
        1.1157250740233169,
        1.100930204931697,
        1.1070767798988397,
        1.1065056170361849,
        1.0976828120550464,
        1.1015105211304663,
        1.0984630976313758,
        1.0922386605712238,
        1.0955831282709025,
        1.091288164929427,
        1.0892426887550624,
        1.0824970894917714,
        1.084963606512942,
        1.0837396035873088,
        1.0801045195414452,
        1.0786610150373594,
        1.0763656325680484,
        1.0780225463800341,
        1.0749077742449686,
        1.0679942519050454,
        1.0704480596556638,
        1.0696392340128944,
        1.060396423218149,
        1.0689040783555255,
        1.0622485311213192,
        1.0580300894735246
    ],