{
    "model_name": "Adam_GELU_standard",
    "features": [
        "GELU",
        "Adam"
    ],
    "epochs": 32,
    "best_epoch": 22,
    "best_val_acc": 0.5529,
    "training_time": 77.38387393951416,
    "train_losses": [
        2.221038120491953,
        1.7830217546000284,
        1.6461847222830102,
        1.5623565961998507,
        1.4919224721584634,
        1.4379966108579367,
        1.394989639788304,
        1.3599084020185843,
        1.3178493604870707,
        1.2901830116962587,
        1.2699654243222078,
        1.2494165345000652,
        1.22348028156783,
        1.2011190448870692,
        1.1872488841205542,
        1.1700662078769581,
        1.1533612690098771,
        1.1360132606253979,
        1.1244656642270683,
        1.119679639459179,
        1.1101365967700476,
        1.0948658933061628,
        1.0851224978926655,
        1.073334661857852,
        1.0661070289521233,
        1.0564991220406963,
        1.0496256261555428,
        1.0428500618635916,
        1.030182248933493,
        1.0348168470720864,
        1.0289493167691133,
        1.0133864395062804
    ],
    "val_losses": [
        1.7932048938131535,
        1.648791750398565,
        1.5480727027708694,
        1.4908242094837734,
        1.4393812612997459,
        1.410084971899685,
        1.3928507133041141,
        1.3636012499904058,
        1.3466677487681864,
        1.3334542116640233,
        1.323446031055668,
        1.3073905191447353,
        1.301595601616643,
        1.2976555140381414,
        1.29474751075136,
        1.2861631803189533,
        1.2808830045174233,
        1.283205280013309,
        1.2768439739407138,
        1.2703902832864693,
        1.2725709728184496,
        1.2676772992983074,
        1.2646529537686868,
        1.2678971834885138,
        1.2701755500766303,
        1.2632579217170357,
        1.267472931317261,
        1.270376519208236,
        1.268300621556353,
        1.2625219559134373,
        1.266201068006007,
        1.2689394088038357
    ],
    "val_accs": [
        0.3658,
        0.4222,
        0.4542,
        0.4792,
        0.4921,
        0.5065,
        0.5044,
        0.5236,
        0.5242,
        0.5269,
        0.5276,
        0.5383,
        0.5371,
        0.5421,
        0.5402,
        0.5444,
        0.5476,
        0.5439,
        0.5472,
        0.5485,
        0.5453,
        0.5529,
        0.55,
        0.5499,
        0.5473,
        0.5528,
        0.5458,
        0.5444,
        0.5495,
        0.5472,
        0.5481,
        0.5511
    ],
    "hyperparameters": {
        "batch_size": 128,
        "learning_rate": 0.001,
        "momentum": 0.9,
        "weight_decay": 0.0001,
        "optimizer": "adam",
        "early_stopping": true,
        "patience": 10
    },
    "runtime_info": {
        "total_training_time": 77.38387393951416,
        "avg_epoch_time": 2.4182460606098175,
        "timestamp": "2025-04-12 20:29:03"
    }
}