{
    "model_name": "Adam_BatchNorm_GELU_standard",
    "features": [
        "GELU",
        "Adam",
        "BatchNorm"
    ],
    "epochs": 11,
    "best_epoch": 1,
    "best_val_acc": 0.2727,
    "training_time": 80.12716627120972,
    "train_losses": [
        2.039875315481176,
        1.7215156020039226,
        1.6310769107978162,
        1.5673001284256753,
        1.5186579865399341,
        1.488467277827859,
        1.4539558508186219,
        1.4542989893889569,
        1.4548259764540523,
        1.4915584311830203,
        1.5601733172969336
    ],
    "val_losses": [
        2.0214527789592975,
        2.102009058425916,
        2.1581326261661875,
        2.167852271870587,
        2.197048095083076,
        2.22268730512607,
        2.25390297470069,
        2.2687345900034592,
        2.292952973598425,
        2.3021829391394846,
        2.3058090157201576
    ],
    "val_accs": [
        0.2727,
        0.244,
        0.2201,
        0.2241,
        0.205,
        0.1751,
        0.1451,
        0.1269,
        0.1005,
        0.0932,
        0.0988
    ],
    "hyperparameters": {
        "batch_size": 128,
        "learning_rate": 0.0005,
        "momentum": 0.9,
        "weight_decay": 0.0001,
        "optimizer": "adam",
        "early_stopping": true,
        "patience": 10
    },
    "runtime_info": {
        "total_training_time": 80.12716627120972,
        "avg_epoch_time": 7.284287842837247,
        "timestamp": "2025-04-13 12:57:27"
    }
}