{
    "model_name": "Adam_BatchNorm_GELU_standard",
    "features": [
        "GELU",
        "Adam",
        "BatchNorm"
    ],
    "accuracy": 0.2753,
    "precision": 0.34880341853343266,
    "recall": 0.2753,
    "f1_score": 0.24624077129136498,
    "loss": 2.020274748132152,
    "inference_time": 0.509221076965332,
    "timestamp": "2025-04-13 12:57:27"
}