{
    "model_name": "Adam_GELU_standard",
    "features": [
        "GELU",
        "Adam"
    ],
    "epochs": 71,
    "best_epoch": 61,
    "best_val_acc": 0.5715,
    "training_time": 472.35925221443176,
    "train_losses": [
        2.7303070636704385,
        2.182154069489508,
        2.0256406306720542,
        1.9165701434832552,
        1.847037967046528,
        1.790394118451429,
        1.742926208440135,
        1.705995886536281,
        1.669245189405524,
        1.6428973539333425,
        1.6114528136861814,
        1.581175708357509,
        1.5614264609001631,
        1.535058901193694,
        1.5153177706109269,
        1.495110647270489,
        1.4752755704607408,
        1.4588642496704667,
        1.435894144481102,
        1.420490339513269,
        1.4041515031178906,
        1.3889078954285885,
        1.3719485830485099,
        1.354352722710464,
        1.346660977044092,
        1.3369105220844895,
        1.3248130587269924,
        1.3097809457219347,
        1.30094427331875,
        1.28445309273482,
        1.2752612167682156,
        1.2619201546456102,
        1.2507638858916366,
        1.2402212512113393,
        1.2390461150453176,
        1.2218447705903843,
        1.2173023794464928,
        1.2023074764817154,
        1.199010532914264,
        1.187271930967872,
        1.1809322553034232,
        1.1809839450192707,
        1.171602018948962,
        1.1584944742281318,
        1.1521896308599133,
        1.142542498076419,
        1.1402506401321355,
        1.1368607926828505,
        1.1244718929856268,
        1.119209060930621,
        1.1146779776319518,
        1.1071694950824122,
        1.098365411565656,
        1.0930621072946125,
        1.0945084039892672,
        1.085042308534863,
        1.0783151502040367,
        1.0773226648640994,
        1.0761114946392247,
        1.0633053168287576,
        1.058798914589486,
        1.0548954384263995,
        1.0493238008098593,
        1.0456327834091637,
        1.0379476655065147,
        1.0327936971844178,
        1.03655905435783,
        1.0380426800772344,
        1.0244755192176276,
        1.0215435316463812,
        1.0227558010332884
    ],
    "val_losses": [
        2.210339903284738,
        2.0216906925760894,
        1.8878291074359785,
        1.796140364801824,
        1.7427215827653872,
        1.6948143106189175,
        1.6624405748554247,
        1.633205960415306,
        1.595286972610495,
        1.578540121777126,
        1.5421997156494465,
        1.519141088032113,
        1.4962564316538836,
        1.4807451291590008,
        1.468692550378482,
        1.448823787707018,
        1.4339381951516348,
        1.4112272736281934,
        1.4034375461915929,
        1.3948591998888118,
        1.383142194095242,
        1.368482802462071,
        1.363249000355393,
        1.3557101859055452,
        1.3428052388479443,
        1.339413512418543,
        1.3225706348638913,
        1.3244511919861521,
        1.3201721901288725,
        1.3070275581362156,
        1.3030484494457486,
        1.2942699984927866,
        1.2920274109267267,
        1.2856131085816342,
        1.2829610173274757,
        1.2811779603774405,
        1.2729687517730086,
        1.266520299666089,
        1.2616713226917171,
        1.2577188550609164,
        1.2537350210483378,
        1.255133143802435,
        1.2495425451750657,
        1.251406889976281,
        1.2423230627777149,
        1.2398559146068078,
        1.239916628662957,
        1.2378999225754037,
        1.2340495353389536,
        1.2337500010062372,
        1.2375578765614896,
        1.230896705768554,
        1.2292652607343248,
        1.2285185991258334,
        1.226091220896921,
        1.225773708377986,
        1.223537232272168,
        1.2251157649646323,
        1.2229721972354695,
        1.2237761977614103,
        1.2192362170628679,
        1.222471713739413,
        1.2197587472875588,
        1.218764179767347,
        1.216436692701493,
        1.2137243546594858,
        1.2179789696934182,
        1.2168684345691996,
        1.2158717368921614,
        1.215659723203331,
        1.2157787331347703
    ],
    "val_accs": [
        0.2123,
        0.2948,
        0.349,
        0.3855,
        0.4051,
        0.4216,
        0.4299,
        0.441,
        0.4472,
        0.4496,
        0.4662,
        0.4724,
        0.4812,
        0.4873,
        0.4895,
        0.4968,
        0.4982,
        0.511,
        0.5071,
        0.5107,
        0.5132,
        0.5153,
        0.5191,
        0.5249,
        0.5288,
        0.5329,
        0.5345,
        0.5343,
        0.5359,
        0.5365,
        0.5385,
        0.5431,
        0.5414,
        0.5475,
        0.5444,
        0.5456,
        0.5488,
        0.5491,
        0.5517,
        0.5522,
        0.5553,
        0.5555,
        0.5602,
        0.553,
        0.5586,
        0.5599,
        0.5612,
        0.5627,
        0.5622,
        0.5654,
        0.5633,
        0.563,
        0.564,
        0.5679,
        0.5661,
        0.5653,
        0.5662,
        0.5631,
        0.5656,
        0.5648,
        0.5715,
        0.5674,
        0.5705,
        0.5711,
        0.5703,
        0.5708,
        0.5701,
        0.5709,
        0.5708,
        0.5698,
        0.5713
    ],
    "hyperparameters": {
        "batch_size": 256,
        "learning_rate": 0.0005,
        "momentum": 0.9,
        "weight_decay": 0.0001,
        "optimizer": "adam",
        "early_stopping": true,
        "patience": 10
    },
    "runtime_info": {
        "total_training_time": 472.35925221443176,
        "avg_epoch_time": 6.652947214287772,
        "timestamp": "2025-04-16 13:03:46"
    }
}