{
    "model_name": "Adam_GELU_standard",
    "features": [
        "GELU",
        "Adam"
    ],
    "accuracy": 0.5677,
    "precision": 0.5726598363693757,
    "recall": 0.5677,
    "f1_score": 0.5666716830161513,
    "loss": 1.2096331185647635,
    "inference_time": 0.4325239658355713,
    "timestamp": "2025-04-16 13:03:46"
}