{
    "model_name": "Adam_GELU_standard",
    "features": [
        "GELU",
        "Adam"
    ],
    "epochs": 66,
    "best_epoch": 56,
    "best_val_acc": 0.5625,
    "training_time": 180.7943251132965,
    "train_losses": [
        2.6447407038185258,
        2.1527033619543077,
        1.986790753212473,
        1.8768071047761081,
        1.8043220251542396,
        1.74906939743709,
        1.7064199142580414,
        1.6643637648899703,
        1.6268718900544514,
        1.5942390110738294,
        1.5687625049365592,
        1.5451818271708833,
        1.5151504408995664,
        1.5003754659021544,
        1.4773811945786752,
        1.4653455111819895,
        1.4450726623156622,
        1.4268533592082946,
        1.4137857467773018,
        1.3995170420282093,
        1.3880243175500062,
        1.3790018903441295,
        1.3641044817668968,
        1.3598450555999322,
        1.3495170002619203,
        1.3324548868473496,
        1.3234371605954047,
        1.314239032969348,
        1.3144460241448668,
        1.304381463092689,
        1.2993318484759855,
        1.2908637266191458,
        1.2837425034380547,
        1.2794068785285975,
        1.2734632178760503,
        1.275065834528064,
        1.2661456598418406,
        1.2637061342391125,
        1.2569958968122734,
        1.244452993474331,
        1.2445907635086704,
        1.243831644445577,
        1.2322856512260083,
        1.2274472182037917,
        1.2307251991807098,
        1.2265627231439535,
        1.2196831345083081,
        1.2216465831557044,
        1.2146596853908933,
        1.2147386570342753,
        1.2102181746939586,
        1.2040477766767197,
        1.2025889080963839,
        1.2069289400309222,
        1.1983813940030754,
        1.1973495042692404,
        1.1921885554578906,
        1.1899363615412004,
        1.1904232692649614,
        1.1876131117265942,
        1.1838659132292213,
        1.1846433130123,
        1.1828404437128048,
        1.1856317278163684,
        1.1812320664960123,
        1.1827458366289239
    ],
    "val_losses": [
        2.2096872621142283,
        1.9576332448714637,
        1.816892304554048,
        1.743271049207701,
        1.6818936284302177,
        1.633128892531788,
        1.5934985379489028,
        1.55332011085777,
        1.5233085701076357,
        1.500130378458006,
        1.475618181708041,
        1.4530024204470071,
        1.4352369036091936,
        1.4163335422161694,
        1.3978443877372244,
        1.3884275071734462,
        1.3702994649863462,
        1.3579873660221402,
        1.3507221096653685,
        1.338198830189713,
        1.3252223758328139,
        1.319368788763368,
        1.313767714335038,
        1.30671989728802,
        1.301515534123415,
        1.293322430948758,
        1.2893622317555864,
        1.2853827759838548,
        1.283083197976434,
        1.279547190645163,
        1.2762508519397797,
        1.2715728611060075,
        1.2720897029741438,
        1.267538695921936,
        1.2657283116115012,
        1.2637178053639397,
        1.2579236612029907,
        1.2574421768290729,
        1.2557630442570846,
        1.2527631155017702,
        1.2506772159346506,
        1.2480599019825267,
        1.245462325145811,
        1.2434743787854163,
        1.2434281030041194,
        1.241080371720238,
        1.2426113307362354,
        1.2432606852401304,
        1.2383935446527885,
        1.2393563283118738,
        1.2389153797134473,
        1.2362438119327321,
        1.237921998371724,
        1.2379133286768442,
        1.2387301763693601,
        1.236106301239592,
        1.2381373650519378,
        1.2384683232809248,
        1.2360937837780501,
        1.2364927075517411,
        1.2348389452094557,
        1.23617148502245,
        1.2352622831485272,
        1.2337178106942668,
        1.236342691145405,
        1.2370331293639045
    ],
    "val_accs": [
        0.197,
        0.2993,
        0.3531,
        0.3865,
        0.4093,
        0.4241,
        0.4406,
        0.4492,
        0.4573,
        0.4696,
        0.4752,
        0.4848,
        0.491,
        0.4954,
        0.503,
        0.507,
        0.5138,
        0.5136,
        0.5161,
        0.5232,
        0.5298,
        0.5301,
        0.5312,
        0.5334,
        0.5351,
        0.5352,
        0.5393,
        0.5409,
        0.54,
        0.5436,
        0.5476,
        0.55,
        0.5463,
        0.5471,
        0.546,
        0.5449,
        0.5499,
        0.5481,
        0.5484,
        0.5511,
        0.5517,
        0.5524,
        0.5556,
        0.5565,
        0.5561,
        0.5539,
        0.5534,
        0.5556,
        0.5578,
        0.5569,
        0.5573,
        0.5566,
        0.5562,
        0.5564,
        0.5549,
        0.5625,
        0.561,
        0.5568,
        0.5581,
        0.5578,
        0.5611,
        0.5558,
        0.5574,
        0.56,
        0.5595,
        0.5605
    ],
    "hyperparameters": {
        "batch_size": 64,
        "learning_rate": 0.0005,
        "momentum": 0.9,
        "weight_decay": 0.0001,
        "optimizer": "adam",
        "early_stopping": true,
        "patience": 10
    },
    "runtime_info": {
        "total_training_time": 180.7943251132965,
        "avg_epoch_time": 2.7393079562620684,
        "timestamp": "2025-04-13 00:16:41"
    }
}