{
    "model_name": "Adam_GELU_standard",
    "features": [
        "GELU",
        "Adam"
    ],
    "accuracy": 0.5215,
    "precision": 0.5191537733647585,
    "recall": 0.5215,
    "f1_score": 0.5172344345287248,
    "loss": 1.3154402559126952,
    "inference_time": 0.08225083351135254,
    "timestamp": "2025-04-12 20:37:10"
}