{
    "model_name": "Adam_GELU_standard",
    "features": [
        "GELU",
        "Adam"
    ],
    "epochs": 68,
    "best_epoch": 58,
    "best_val_acc": 0.5326,
    "training_time": 90.4952540397644,
    "train_losses": [
        2.561839253827037,
        2.193008753208553,
        2.02791660390701,
        1.9314434073122495,
        1.861341376154574,
        1.7978180353744648,
        1.7629378745688287,
        1.7218968531323502,
        1.690557518037724,
        1.6620367647236474,
        1.6320125558492518,
        1.6038931117556632,
        1.5846092221292303,
        1.57059479704273,
        1.5576288863402352,
        1.5425132347643171,
        1.5319415300640844,
        1.5199151046479795,
        1.5143289827161401,
        1.499649753636492,
        1.4858111175974205,
        1.4829588172120813,
        1.4762936306929428,
        1.475903322046302,
        1.4626107483177078,
        1.4573948847757618,
        1.4583557896789812,
        1.454388365802445,
        1.450254470423183,
        1.4459382852623286,
        1.4407937138466977,
        1.4427339712423357,
        1.4331573144081762,
        1.4269373452504421,
        1.4284375392112503,
        1.4294234407736186,
        1.429405139527233,
        1.421035062903533,
        1.417480357935938,
        1.4198660329922996,
        1.4201611213254635,
        1.4139960635138558,
        1.4119908682917572,
        1.411909249479679,
        1.4147231237582116,
        1.408596521568979,
        1.4128676946213328,
        1.404151584764773,
        1.4037175530492894,
        1.405443947521024,
        1.4019752481517165,
        1.4030555504090922,
        1.3988254078324733,
        1.3966845425602021,
        1.398132572339663,
        1.399869194467526,
        1.3953969155457193,
        1.3972700676443461,
        1.3906716238751342,
        1.3937209527611847,
        1.399729267301788,
        1.3977108307379877,
        1.3973766469756672,
        1.3958189332420308,
        1.3864239428175607,
        1.3871708011846664,
        1.3901802634223634,
        1.386787407356131
    ],
    "val_losses": [
        2.254700380262234,
        2.006101544756398,
        1.8706232006614791,
        1.779021504780885,
        1.714767289902408,
        1.6635149783134886,
        1.6194275464305388,
        1.586947074231515,
        1.5557162385665988,
        1.5285066506473508,
        1.502347196958543,
        1.481364211389079,
        1.464254755695853,
        1.4491838539386002,
        1.4406735592685915,
        1.422949331120453,
        1.4133973534687996,
        1.4056866678922577,
        1.3987919774262438,
        1.3891208616666053,
        1.385041217298521,
        1.3772145074649096,
        1.3725382047223789,
        1.3730529665332534,
        1.3641495734192957,
        1.361077548986034,
        1.3582641692933302,
        1.3555656104782912,
        1.3527691021243746,
        1.3510334549379717,
        1.3512824749877157,
        1.3497400600164744,
        1.347383967188676,
        1.3468189087616411,
        1.3426865149589702,
        1.3420795467676547,
        1.342175707702528,
        1.3407523625887132,
        1.3392509044819978,
        1.337416314965822,
        1.3388807465817583,
        1.3377594888466349,
        1.336155003979269,
        1.332045515621753,
        1.3320047961361339,
        1.3334208878120237,
        1.3390990676277659,
        1.3308606757794716,
        1.3314779680192157,
        1.332338502896887,
        1.3298568920555593,
        1.3295199279653123,
        1.3275228558170122,
        1.32599001319263,
        1.3255789226793862,
        1.3243425691947681,
        1.32273410846065,
        1.324243417208736,
        1.3253668238216865,
        1.3231466580380415,
        1.3223870888187457,
        1.3232467619929973,
        1.3232585584324692,
        1.3266782391980287,
        1.3237446948184497,
        1.327264506248893,
        1.3263026718632505,
        1.3233750172826089
    ],
    "val_accs": [
        0.1584,
        0.2761,
        0.332,
        0.3666,
        0.3956,
        0.4127,
        0.4269,
        0.4386,
        0.4457,
        0.4553,
        0.4656,
        0.4705,
        0.4793,
        0.4831,
        0.4851,
        0.4919,
        0.4965,
        0.5016,
        0.5016,
        0.5039,
        0.5094,
        0.51,
        0.5108,
        0.5109,
        0.515,
        0.5188,
        0.5219,
        0.5211,
        0.5209,
        0.5242,
        0.5262,
        0.5229,
        0.5246,
        0.5221,
        0.5242,
        0.5233,
        0.523,
        0.5241,
        0.5278,
        0.527,
        0.5243,
        0.528,
        0.5243,
        0.5262,
        0.5307,
        0.5266,
        0.5266,
        0.5251,
        0.5253,
        0.5255,
        0.5277,
        0.5284,
        0.5293,
        0.5284,
        0.5309,
        0.5313,
        0.5306,
        0.5326,
        0.5316,
        0.5288,
        0.5297,
        0.5295,
        0.5296,
        0.5275,
        0.5273,
        0.5248,
        0.5283,
        0.5304
    ],
    "hyperparameters": {
        "batch_size": 128,
        "learning_rate": 0.001,
        "momentum": 0.9,
        "weight_decay": 0.0001,
        "optimizer": "adam",
        "early_stopping": true,
        "patience": 10
    },
    "runtime_info": {
        "total_training_time": 90.4952540397644,
        "avg_epoch_time": 1.3308125594083,
        "timestamp": "2025-04-12 20:37:10"
    }
}