{
    "model_name": "Adam_BatchNorm_GELU_standard",
    "features": [
        "GELU",
        "Adam",
        "BatchNorm"
    ],
    "accuracy": 0.3676,
    "precision": 0.41666485417147486,
    "recall": 0.3676,
    "f1_score": 0.3387453415040288,
    "loss": 1.753267812268514,
    "inference_time": 0.4880399703979492,
    "timestamp": "2025-04-13 12:56:05"
}