{
    "model_name": "Adam_GELU_standard",
    "features": [
        "GELU",
        "Adam"
    ],
    "epochs": 90,
    "best_epoch": 80,
    "best_val_acc": 0.5693,
    "training_time": 235.46176290512085,
    "train_losses": [
        2.735116720543679,
        2.255725570708162,
        2.1026835731784606,
        1.9845015065240776,
        1.9018406392910032,
        1.8482261611119046,
        1.7910013702395053,
        1.7477856453072496,
        1.7167680916095793,
        1.6936653091651308,
        1.6533561316765537,
        1.6259028074746518,
        1.5989712131470624,
        1.5760874252685309,
        1.55701384068768,
        1.538924921733524,
        1.517514365534423,
        1.5013295516971776,
        1.485993371253337,
        1.4663817701439026,
        1.4547228626329423,
        1.444763244484356,
        1.4296814547965613,
        1.4165007182743172,
        1.412817191853977,
        1.4023797500475226,
        1.3848000845022501,
        1.3760985481736359,
        1.3667755351804043,
        1.356429264358164,
        1.3522160948562627,
        1.3449347256803779,
        1.338048576414809,
        1.323338277964958,
        1.3221298712143035,
        1.3095517642305052,
        1.3144037881029942,
        1.2967553797494964,
        1.2871711588387955,
        1.292862356174445,
        1.288330073947282,
        1.284648577127167,
        1.2782482366979158,
        1.2730200327503547,
        1.2707379051542007,
        1.2648889608016947,
        1.2547498640493346,
        1.2543164864787328,
        1.2407057327722917,
        1.2436847845768535,
        1.2443980206033989,
        1.233875692094265,
        1.2309925691774877,
        1.2300683037660394,
        1.2202288942814297,
        1.2209629611252402,
        1.2220826863548295,
        1.2135554417623025,
        1.2181576132765302,
        1.2083568071028403,
        1.2072529397012481,
        1.207630225437145,
        1.2022885594138726,
        1.2005798781698982,
        1.20572108758185,
        1.1981780778619615,
        1.1971675747055994,
        1.195814838067013,
        1.1970270856616418,
        1.1934723583644464,
        1.1820869327204384,
        1.1879575580838082,
        1.1793468827048907,
        1.184511530903222,
        1.172863232318389,
        1.169175370539634,
        1.1688187009583024,
        1.1678953773821192,
        1.1743678550357928,
        1.1580289778058699,
        1.163176990835551,
        1.1633806425360949,
        1.1596571911219502,
        1.1638901033437279,
        1.1619069209555142,
        1.1643292883651157,
        1.1571144521405035,
        1.1590248138580597,
        1.1523970513079842,
        1.157884628651459
    ],
    "val_losses": [
        2.2568504806291405,
        2.132938243934587,
        1.9372808565297819,
        1.836442464167286,
        1.7668250665057268,
        1.7180412626827282,
        1.6704298118122758,
        1.630473832383768,
        1.607020193193864,
        1.5775851379157881,
        1.548744527021281,
        1.5251020772946198,
        1.497634169353821,
        1.4798918890767887,
        1.4676282456652594,
        1.4504971258791828,
        1.4338437974377236,
        1.4208982623726034,
        1.4042407699525847,
        1.3920699925982998,
        1.3844609123145941,
        1.3771003659555443,
        1.3685464402694403,
        1.357811295491035,
        1.347861340883376,
        1.3449695078712516,
        1.3336981726426387,
        1.326179998521239,
        1.3214825560224805,
        1.314200749016498,
        1.30952406285574,
        1.3037330789627086,
        1.300190623706088,
        1.2932775642616177,
        1.2882660764455558,
        1.2868191911459008,
        1.2871287223499053,
        1.2787505394057197,
        1.2754555325761663,
        1.276258440894453,
        1.2698266575200408,
        1.2685206129630324,
        1.2630942926812392,
        1.2622337221963005,
        1.2622842067960718,
        1.256533237517862,
        1.2565199032354766,
        1.2569569314065434,
        1.2539825872177226,
        1.2539024375627772,
        1.250862040455522,
        1.248030384466585,
        1.24947816302353,
        1.250115134458215,
        1.2481359194373562,
        1.247541213619943,
        1.2479653942778546,
        1.2464899641335987,
        1.2427748612177267,
        1.2423727217487215,
        1.2396749210485578,
        1.2393635471913382,
        1.23829885313936,
        1.239916567742521,
        1.2396489272006361,
        1.2380300732764105,
        1.2364771795881149,
        1.2355001007784256,
        1.238007388477095,
        1.238191522182235,
        1.2348763038013013,
        1.2354213505624734,
        1.2375580716481833,
        1.2352397987639314,
        1.2331962343939082,
        1.2336160534124163,
        1.2339185178086638,
        1.2313452650232692,
        1.2317988950234293,
        1.2298520426980069,
        1.2329460302330526,
        1.2324887742478625,
        1.2295060992689535,
        1.2303328701918061,
        1.2302909114023788,
        1.2314039940404702,
        1.2314044971935674,
        1.2308662730248037,
        1.230619784067203,
        1.2302256323788947
    ],
    "val_accs": [
        0.1571,
        0.2444,
        0.3237,
        0.3605,
        0.387,
        0.4084,
        0.4199,
        0.4278,
        0.4364,
        0.4431,
        0.4551,
        0.4596,
        0.4699,
        0.4735,
        0.4798,
        0.4894,
        0.4926,
        0.4978,
        0.5009,
        0.5042,
        0.5082,
        0.5049,
        0.5121,
        0.518,
        0.5191,
        0.5216,
        0.526,
        0.5287,
        0.5275,
        0.5335,
        0.5341,
        0.5318,
        0.5358,
        0.5384,
        0.5432,
        0.5429,
        0.543,
        0.5464,
        0.5478,
        0.5451,
        0.5509,
        0.5483,
        0.5497,
        0.5499,
        0.5494,
        0.5525,
        0.5485,
        0.5492,
        0.552,
        0.5516,
        0.5538,
        0.5563,
        0.557,
        0.5542,
        0.5554,
        0.5557,
        0.5551,
        0.5582,
        0.5586,
        0.5586,
        0.5592,
        0.5586,
        0.56,
        0.5586,
        0.5619,
        0.5643,
        0.5619,
        0.5625,
        0.5653,
        0.5634,
        0.5653,
        0.5633,
        0.563,
        0.5618,
        0.5655,
        0.5641,
        0.5634,
        0.5673,
        0.5678,
        0.5693,
        0.5678,
        0.5665,
        0.5667,
        0.567,
        0.5686,
        0.5661,
        0.5654,
        0.5655,
        0.5663,
        0.5662
    ],
    "hyperparameters": {
        "batch_size": 128,
        "learning_rate": 0.0005,
        "momentum": 0.9,
        "weight_decay": 1e-05,
        "optimizer": "adam",
        "early_stopping": true,
        "patience": 10
    },
    "runtime_info": {
        "total_training_time": 235.46176290512085,
        "avg_epoch_time": 2.6162418100568985,
        "timestamp": "2025-04-13 06:42:29"
    }
}