{
    "model_name": "Adam_GELU_standard",
    "features": [
        "GELU",
        "Adam"
    ],
    "accuracy": 0.5562,
    "precision": 0.5540666039198316,
    "recall": 0.5562,
    "f1_score": 0.5532265812483098,
    "loss": 1.2278144993665354,
    "inference_time": 0.22564387321472168,
    "timestamp": "2025-04-13 06:42:29"
}