{
    "model_name": "Adam_GELU_standard",
    "features": [
        "GELU",
        "Adam"
    ],
    "epochs": 71,
    "best_epoch": 61,
    "best_val_acc": 0.5758,
    "training_time": 323.5173749923706,
    "train_losses": [
        2.5863553920657454,
        2.0773365793992657,
        1.913192995514605,
        1.820230220907839,
        1.7529857124712278,
        1.6997435530239076,
        1.6506843992063407,
        1.6128668876031669,
        1.5796447724362594,
        1.5439332902782419,
        1.5085550898969609,
        1.4797565305057816,
        1.4546159712988873,
        1.438462787804623,
        1.4156469638810574,
        1.3922758404562157,
        1.3740909304236015,
        1.3485844936723668,
        1.3376056395839684,
        1.3249035296497007,
        1.3034065192612896,
        1.2879303841752021,
        1.2772836162389394,
        1.2644874585939967,
        1.246154499762344,
        1.2429341564201166,
        1.224593525652195,
        1.213656757126151,
        1.2067088985738412,
        1.196978201327757,
        1.1872088821879587,
        1.1779826006962135,
        1.1591442952604702,
        1.1523517830186578,
        1.1506853633835492,
        1.143925551043844,
        1.1312130882478295,
        1.125849621827779,
        1.1156648129995377,
        1.1097162194988253,
        1.1016574874870348,
        1.086164303722571,
        1.090152207731959,
        1.0778481420405892,
        1.0707235940990003,
        1.0694195710641363,
        1.0694493060769976,
        1.0592000532852595,
        1.0503184803291523,
        1.0496620530913845,
        1.0528007643658241,
        1.0437970765905735,
        1.0319372673945915,
        1.0243080472768644,
        1.0199514331244401,
        1.0220437324075584,
        1.0147656187366403,
        1.013718195300843,
        1.0026580214962555,
        1.004805805441911,
        1.0058051082449444,
        0.9959604103339188,
        0.9954521058457046,
        0.9830071935000755,
        0.9856973536370398,
        0.979267313328831,
        0.9754760806723684,
        0.9750901462626337,
        0.9660255277906521,
        0.9645083368690736,
        0.9646471749900513
    ],
    "val_losses": [
        2.1229629847660285,
        1.8814890429641382,
        1.770589219300984,
        1.6964435160104978,
        1.6485532269874394,
        1.6102676954895596,
        1.5609001188311171,
        1.5422148834266332,
        1.5088263739300218,
        1.4838719904827982,
        1.4541113186987735,
        1.4366240671526695,
        1.4130761341328852,
        1.395229459826741,
        1.3817740418079005,
        1.3673066947767132,
        1.3550223553396175,
        1.342031964359302,
        1.33973149960104,
        1.3231311100313752,
        1.317605325191964,
        1.3084352957671024,
        1.3019372548862236,
        1.298202988960104,
        1.2904276106299069,
        1.2877558008298928,
        1.2820613336382507,
        1.2776899256667418,
        1.2655430574193496,
        1.262587476963527,
        1.260397678807834,
        1.2591428153491377,
        1.250540504765829,
        1.2531006694958804,
        1.2410772358142472,
        1.2474271348564627,
        1.2412795124817129,
        1.2392350750274317,
        1.2427857651240706,
        1.237158125367075,
        1.2331377334068039,
        1.2342011560910109,
        1.2327468408482465,
        1.2325766012330637,
        1.2331456576085063,
        1.2287498712700622,
        1.2289134221346154,
        1.2272760029804402,
        1.2252116778824795,
        1.2230516503033828,
        1.2216665049581386,
        1.2199744381840318,
        1.2155735583959861,
        1.2175469368127871,
        1.2137889720955715,
        1.2171644095107501,
        1.2142639248797953,
        1.211730814319497,
        1.2128753545076205,
        1.2182886709462306,
        1.213901748975999,
        1.216828997037665,
        1.2176015087197762,
        1.2164888584255946,
        1.2178041903994155,
        1.2177582570058447,
        1.218386999879876,
        1.2169830512587951,
        1.2187666480482624,
        1.215483636477646,
        1.2197108162761845
    ],
    "val_accs": [
        0.2577,
        0.3522,
        0.3896,
        0.4155,
        0.433,
        0.443,
        0.4611,
        0.4651,
        0.4762,
        0.4834,
        0.4918,
        0.4993,
        0.5072,
        0.5132,
        0.514,
        0.5176,
        0.5225,
        0.5273,
        0.5238,
        0.5304,
        0.5385,
        0.5417,
        0.5406,
        0.542,
        0.5416,
        0.5448,
        0.5459,
        0.5491,
        0.5536,
        0.5519,
        0.5566,
        0.5554,
        0.5598,
        0.5575,
        0.5618,
        0.5589,
        0.5586,
        0.5619,
        0.5593,
        0.5658,
        0.5626,
        0.5658,
        0.5642,
        0.565,
        0.5632,
        0.5652,
        0.5647,
        0.5652,
        0.5671,
        0.5687,
        0.5691,
        0.5732,
        0.5739,
        0.5704,
        0.5726,
        0.5683,
        0.5699,
        0.5698,
        0.5696,
        0.5703,
        0.5758,
        0.5723,
        0.5731,
        0.5718,
        0.5733,
        0.5729,
        0.5686,
        0.5706,
        0.5754,
        0.5736,
        0.5722
    ],
    "hyperparameters": {
        "batch_size": 128,
        "learning_rate": 0.0005,
        "momentum": 0.9,
        "weight_decay": 0.0001,
        "optimizer": "adam",
        "early_stopping": true,
        "patience": 10
    },
    "runtime_info": {
        "total_training_time": 323.5173749923706,
        "avg_epoch_time": 4.556582746371417,
        "timestamp": "2025-04-13 15:08:35"
    }
}