{
    "model_name": "lr0.0001_drop0.5_wd0.00001_h512_256",
    "features": [
        "GELU",
        "Adam"
    ],
    "accuracy": 0.5186,
    "precision": 0.5227132559862004,
    "recall": 0.5186,
    "f1_score": 0.5146574605549041,
    "loss": 1.3479226668275486,
    "inference_time": 0.2862050533294678,
    "timestamp": "2025-04-16 16:29:25"
}