{
    "model_name": "lr0.0001_drop0.5_wd0.00001_h512_256",
    "features": [
        "GELU",
        "Adam"
    ],
    "epochs": 100,
    "best_epoch": 97,
    "best_val_acc": 0.5283,
    "training_time": 462.6772401332855,
    "train_losses": [
        3.5292233326671574,
        2.812089014456499,
        2.5302338404547835,
        2.3833795470271304,
        2.310378050526634,
        2.2507833484531297,
        2.2072346566152286,
        2.1610156919551318,
        2.1178878664409737,
        2.080339679346916,
        2.049433824808726,
        2.0162510357993457,
        1.9941356366859029,
        1.96150494217302,
        1.9397607506962882,
        1.9117269620634212,
        1.9006754450656873,
        1.8817076800927302,
        1.8634179794793277,
        1.8409136482441302,
        1.8306271627659512,
        1.8096975780369424,
        1.8046287107698942,
        1.794131776077088,
        1.7758315561126923,
        1.7675383469902632,
        1.7538816131292985,
        1.7465347112338105,
        1.732913668755967,
        1.7257965965661242,
        1.7176204815531424,
        1.7030714283757553,
        1.694514651685384,
        1.6946926575570485,
        1.6808735701488162,
        1.6642898070456107,
        1.662896543152732,
        1.6516116828376375,
        1.649693942216106,
        1.6389141889362298,
        1.6319845514742484,
        1.6193695096822347,
        1.6218996953733729,
        1.6137610246358123,
        1.597628124512938,
        1.5983713478180115,
        1.589407677215723,
        1.5814994834327067,
        1.5801907796621002,
        1.5670190644639925,
        1.569392716429299,
        1.5581993423745577,
        1.5520339809618822,
        1.5447658684959358,
        1.5442049038529801,
        1.5325325623652037,
        1.5292777274084055,
        1.5218694275542886,
        1.5171403384289244,
        1.5101635674631968,
        1.5060570005292357,
        1.499228236775845,
        1.49612790272097,
        1.4932206928979603,
        1.4916848121507333,
        1.4822140264942871,
        1.475265554820405,
        1.4729403059228372,
        1.4650045414282733,
        1.4653185640547932,
        1.460438259040073,
        1.4526232041763292,
        1.4504550874234974,
        1.4446443598263259,
        1.4443263780902305,
        1.437287539371047,
        1.4335726749027995,
        1.4265045611112759,
        1.428660684106836,
        1.4221941591347855,
        1.4148843755944889,
        1.4181215980167734,
        1.4103938640699019,
        1.4079439554909488,
        1.4043750123015102,
        1.3963914356488711,
        1.392789543500064,
        1.3879049805970292,
        1.3838105443475819,
        1.3894803592031557,
        1.3832049825840607,
        1.3753636154829707,
        1.3713257627052118,
        1.3738110278687363,
        1.367639389257612,
        1.3606891844372815,
        1.3629798235866901,
        1.3569312432290273,
        1.3543189178411998,
        1.350013505906571
    ],
    "val_losses": [
        2.293355667667768,
        2.216869484525819,
        2.2050704706245625,
        2.200931176474014,
        2.1871318034744314,
        2.163031872865239,
        2.1297680210053875,
        2.086401469492482,
        2.0458030386997272,
        2.0018996567802083,
        1.9604336718749256,
        1.931002197861396,
        1.9060346888177253,
        1.8752058021987632,
        1.8557166290489782,
        1.8352907073520743,
        1.816278310440973,
        1.8021398151738406,
        1.7857175970611627,
        1.7676909841163073,
        1.7564198342308086,
        1.742511905268258,
        1.7341458319192342,
        1.7207129631623352,
        1.7114467737553256,
        1.6995517850290296,
        1.6887820243310452,
        1.681008842904525,
        1.6708422285506574,
        1.6602734786451685,
        1.6537542644040717,
        1.6472063787997835,
        1.6356688232277365,
        1.6299712388605652,
        1.6218001354009548,
        1.6117960153638586,
        1.6087867502053084,
        1.6001791085083557,
        1.592828241397089,
        1.5861459044736295,
        1.5784392623693915,
        1.5720879422791059,
        1.5674217093022846,
        1.5620240224692528,
        1.5538857134484887,
        1.5481583467841458,
        1.5435360443913848,
        1.5378804691911172,
        1.5336061893544666,
        1.5251087608556142,
        1.5243442869801378,
        1.5172050532804051,
        1.5130000914113122,
        1.5052104476199117,
        1.501915893983503,
        1.4977817278133791,
        1.4927018201076667,
        1.485884812009898,
        1.4834537007788775,
        1.4790663502016106,
        1.4729230977767855,
        1.4694161398958454,
        1.4629940632265355,
        1.4620485045986555,
        1.4589119161209942,
        1.453054622529025,
        1.448928455703523,
        1.4442832653297086,
        1.4398261760037812,
        1.4373765785501542,
        1.4350186684563457,
        1.4292654370590145,
        1.4268268657830343,
        1.4228242058520062,
        1.4194956999531074,
        1.4166768122164641,
        1.4148311722821907,
        1.4109672813193652,
        1.4076927418922813,
        1.4040705747147326,
        1.403645451584497,
        1.4001379327288717,
        1.3972886316911812,
        1.3963544455169128,
        1.392802733689339,
        1.389930459129307,
        1.3869308560306692,
        1.384333051495349,
        1.379287415636543,
        1.3795344890770387,
        1.3763740056564564,
        1.37412657881964,
        1.3714179482095235,
        1.369910444116409,
        1.366197164349488,
        1.3626475967075078,
        1.362092799706167,
        1.3575775345980703,
        1.358688646078567,
        1.3566149336292708
    ],
    "val_accs": [
        0.1605,
        0.1888,
        0.1941,
        0.1997,
        0.2159,
        0.2313,
        0.2534,
        0.2724,
        0.2882,
        0.3056,
        0.3231,
        0.3345,
        0.3441,
        0.3557,
        0.3634,
        0.3692,
        0.3775,
        0.3806,
        0.3865,
        0.3898,
        0.3919,
        0.396,
        0.4003,
        0.4068,
        0.4075,
        0.4105,
        0.4162,
        0.4211,
        0.4251,
        0.4291,
        0.4307,
        0.4329,
        0.436,
        0.4383,
        0.4407,
        0.4433,
        0.4465,
        0.45,
        0.4516,
        0.4526,
        0.4552,
        0.4585,
        0.4584,
        0.4583,
        0.4601,
        0.4634,
        0.4628,
        0.4655,
        0.4687,
        0.4706,
        0.4694,
        0.4744,
        0.4761,
        0.4783,
        0.4788,
        0.4802,
        0.4821,
        0.4835,
        0.4835,
        0.4858,
        0.49,
        0.4905,
        0.4921,
        0.4929,
        0.4948,
        0.4967,
        0.4974,
        0.4992,
        0.4998,
        0.5005,
        0.503,
        0.5031,
        0.5047,
        0.5068,
        0.5079,
        0.5078,
        0.5092,
        0.5106,
        0.5114,
        0.5127,
        0.5123,
        0.5147,
        0.515,
        0.5148,
        0.5166,
        0.5188,
        0.5194,
        0.5213,
        0.5221,
        0.5224,
        0.5233,
        0.5235,
        0.5234,
        0.5235,
        0.5241,
        0.5268,
        0.5283,
        0.5271,
        0.5264,
        0.5264
    ],
    "hyperparameters": {
        "batch_size": 256,
        "learning_rate": 0.0001,
        "momentum": 0.9,
        "weight_decay": 1e-05,
        "optimizer": "adam",
        "early_stopping": true,
        "patience": 10
    },
    "runtime_info": {
        "total_training_time": 462.6772401332855,
        "avg_epoch_time": 4.626772401332855,
        "timestamp": "2025-04-16 16:29:24"
    }
}