{
    "model_name": "lr0.0001_drop0.3_wd0.0001_h256_128",
    "features": [
        "GELU",
        "Adam"
    ],
    "epochs": 100,
    "best_epoch": 99,
    "best_val_acc": 0.5374,
    "training_time": 238.88745307922363,
    "train_losses": [
        2.9519862416677753,
        2.4679346322928124,
        2.301915216236071,
        2.2121417359689035,
        2.1248347123223428,
        2.0582287565715527,
        1.996449379442368,
        1.9451171767800097,
        1.8952540203052293,
        1.8627261984236705,
        1.834453222668481,
        1.8018754581488963,
        1.7726872879797277,
        1.7568241059471439,
        1.7364271242893077,
        1.7176317504181453,
        1.6991661650935657,
        1.6837058712657689,
        1.6663844965444272,
        1.6543454512678426,
        1.6336027677932796,
        1.621492977976506,
        1.6155076916655755,
        1.6004680573849766,
        1.5856810423669847,
        1.5764774895573908,
        1.566382094774024,
        1.5510472830409918,
        1.5447015796166443,
        1.5368234221877146,
        1.5225166167580395,
        1.5128627457258204,
        1.5065100803586675,
        1.501675213642023,
        1.486794674114778,
        1.4815981486232321,
        1.4731260144436829,
        1.4664860894714615,
        1.4534065780365952,
        1.4477523438654445,
        1.4432114817175588,
        1.4355217906505624,
        1.4287458261701356,
        1.4217653395631453,
        1.419224690490536,
        1.4103286737159872,
        1.4002378551613726,
        1.3927578606908788,
        1.3911419687996538,
        1.3915203086242336,
        1.3770362811324208,
        1.3734608724884565,
        1.3695745755803437,
        1.3637805679841928,
        1.3604539240738847,
        1.352892350142719,
        1.352625892912366,
        1.3450750470189334,
        1.3452721113404031,
        1.3283429446920778,
        1.3298874994409193,
        1.3256223659641395,
        1.318722524111962,
        1.317125252249546,
        1.3086318891681183,
        1.3077884191714324,
        1.3014593311544915,
        1.3001606881642218,
        1.293200501222933,
        1.2921743599358562,
        1.2850106580139495,
        1.2791228714473832,
        1.2772047356360343,
        1.274911219174136,
        1.2702175321865035,
        1.2613858147265342,
        1.2610553068649577,
        1.2577227316648392,
        1.251924273891204,
        1.2559816837128333,
        1.2440301736704271,
        1.2453675795273624,
        1.244530869322979,
        1.2360189401046235,
        1.233431556149611,
        1.2273369909777039,
        1.2247870094054871,
        1.2249842696217494,
        1.2187014197986215,
        1.221998076773199,
        1.2121575139229992,
        1.2115948569587005,
        1.2063710763597666,
        1.207960607985947,
        1.2002458216515726,
        1.1926923860872676,
        1.1961870858933468,
        1.1975485425684582,
        1.1907764766302726,
        1.189035203362991
    ],
    "val_losses": [
        2.3353479319101473,
        2.213894566595744,
        2.1502282879583112,
        2.0818731597640556,
        2.0043213372838817,
        1.9327839923336116,
        1.873440870753945,
        1.8270857897112787,
        1.7884009236201832,
        1.7594409877331298,
        1.7357647670630831,
        1.7120273104781347,
        1.6930335492003552,
        1.6767717579773826,
        1.6599205862603041,
        1.6462547213163023,
        1.6317258792455178,
        1.6209379389525445,
        1.609235677636368,
        1.597936018922954,
        1.5850501978341918,
        1.5739518822398255,
        1.56603175191342,
        1.5570506748644344,
        1.546394230001919,
        1.5402739333863276,
        1.5294416236264936,
        1.5205739637764364,
        1.5133913794746272,
        1.5087287059715526,
        1.500482217531028,
        1.4919619249177456,
        1.4863893476929926,
        1.4808917896620135,
        1.4741005002717502,
        1.468157868496445,
        1.461886612021757,
        1.458274373451091,
        1.4492119523284457,
        1.4457320539405187,
        1.4408925843238567,
        1.4363128016880549,
        1.4332318535992365,
        1.4281353161174335,
        1.4229940359045234,
        1.4182174006575194,
        1.4134426263769322,
        1.4091598922551654,
        1.4068331932833988,
        1.403732517892151,
        1.4002056481277954,
        1.397122904874335,
        1.392395300304519,
        1.3882575325916553,
        1.38792604683886,
        1.384453103888206,
        1.3808124196151943,
        1.3774595724605825,
        1.3754377084045972,
        1.3715875357143534,
        1.3704331686942812,
        1.3686957011205518,
        1.3657013088763175,
        1.3624728142679141,
        1.3606246741518586,
        1.357564364775396,
        1.3546685660183735,
        1.3519877364680501,
        1.3486338915973763,
        1.3489894146514874,
        1.3468771992401976,
        1.3444212185367037,
        1.342182532947885,
        1.3411872029205043,
        1.3388402654159344,
        1.334963196401336,
        1.3342169909031787,
        1.3333845044299464,
        1.3335204904737081,
        1.3294502866406777,
        1.3277512241671707,
        1.326412128876345,
        1.3239469021412567,
        1.3233559367515375,
        1.3242420188390305,
        1.3220558161298446,
        1.3192751385211263,
        1.3185133600945453,
        1.3172745058339337,
        1.3151847953927798,
        1.3139105478900748,
        1.3120054285732619,
        1.3103232127935271,
        1.3101393485951083,
        1.3084335498998059,
        1.3073250316478846,
        1.3056943522217779,
        1.3061743536494017,
        1.3038217219904635,
        1.3031618500871018
    ],
    "val_accs": [
        0.1415,
        0.1818,
        0.2196,
        0.2593,
        0.2938,
        0.3245,
        0.3437,
        0.3623,
        0.377,
        0.3909,
        0.3994,
        0.4035,
        0.4108,
        0.4153,
        0.4233,
        0.4282,
        0.4333,
        0.4354,
        0.4395,
        0.444,
        0.4481,
        0.4497,
        0.4539,
        0.4568,
        0.4593,
        0.4581,
        0.4644,
        0.466,
        0.4661,
        0.4689,
        0.4701,
        0.4736,
        0.4749,
        0.4763,
        0.4783,
        0.483,
        0.4835,
        0.4834,
        0.4865,
        0.4868,
        0.4875,
        0.4905,
        0.4906,
        0.4957,
        0.4965,
        0.4988,
        0.4998,
        0.5019,
        0.4996,
        0.5015,
        0.5021,
        0.5025,
        0.5054,
        0.5079,
        0.5062,
        0.5088,
        0.5107,
        0.5104,
        0.5127,
        0.5154,
        0.5153,
        0.5165,
        0.5153,
        0.5176,
        0.5184,
        0.5188,
        0.5208,
        0.5222,
        0.5242,
        0.5218,
        0.5227,
        0.5226,
        0.5251,
        0.5235,
        0.5263,
        0.5269,
        0.5272,
        0.5261,
        0.5272,
        0.5285,
        0.5285,
        0.5301,
        0.5317,
        0.5312,
        0.5298,
        0.5306,
        0.5318,
        0.5318,
        0.5331,
        0.5321,
        0.5331,
        0.5329,
        0.534,
        0.535,
        0.5343,
        0.5346,
        0.5357,
        0.5335,
        0.5374,
        0.5367
    ],
    "hyperparameters": {
        "batch_size": 128,
        "learning_rate": 0.0001,
        "momentum": 0.9,
        "weight_decay": 0.0001,
        "optimizer": "adam",
        "early_stopping": true,
        "patience": 10
    },
    "runtime_info": {
        "total_training_time": 238.88745307922363,
        "avg_epoch_time": 2.3888745307922363,
        "timestamp": "2025-04-16 16:53:58"
    }
}