{
    "model_name": "lr0.0001_drop0.3_wd0.0001_h256_128",
    "features": [
        "GELU",
        "Adam"
    ],
    "accuracy": 0.5326,
    "precision": 0.5332976997935716,
    "recall": 0.5326,
    "f1_score": 0.5290972715530631,
    "loss": 1.2937125261208378,
    "inference_time": 0.13964486122131348,
    "timestamp": "2025-04-16 16:53:58"
}