{
    "model_name": "lr0.0001_drop0.3_wd0.0001_h256_128_64",
    "features": [
        "GELU",
        "Adam"
    ],
    "epochs": 100,
    "best_epoch": 99,
    "best_val_acc": 0.525,
    "training_time": 371.9554388523102,
    "train_losses": [
        3.0280058885993344,
        2.4915905161769016,
        2.3815778594245667,
        2.32439931090181,
        2.290773990184596,
        2.2508026668431627,
        2.2123255874429515,
        2.156580400347655,
        2.104612162611751,
        2.0551184650226797,
        2.012225795684694,
        1.9754488127548009,
        1.9466024074266293,
        1.9177541846089623,
        1.891864701571358,
        1.8690564759143753,
        1.8448773305395587,
        1.8259075543605654,
        1.8059050863278139,
        1.794377324829268,
        1.7742737704499103,
        1.754488290472574,
        1.7488154187243337,
        1.7364311966423374,
        1.7157054687720497,
        1.7058306814184394,
        1.6934616140592875,
        1.6829211549405483,
        1.6692648673327917,
        1.6616294520114536,
        1.6502468743583703,
        1.6355844340002708,
        1.6362254686352302,
        1.6181444968647896,
        1.615275584210339,
        1.6044352969861468,
        1.5978997150119731,
        1.5819023281545594,
        1.5721439765666825,
        1.5659315979773154,
        1.559222006208223,
        1.5552832068260047,
        1.5391265806207703,
        1.5333329316162323,
        1.5347427099440136,
        1.5236813546043069,
        1.5197436232091819,
        1.5104079109626167,
        1.5063455615294743,
        1.4983064204045609,
        1.486900192234959,
        1.4819202299561556,
        1.4799171082818654,
        1.474647232807558,
        1.469696700630625,
        1.4633713850277463,
        1.4565398091294939,
        1.4506440904307765,
        1.4451719891371453,
        1.442171983393002,
        1.4344662121407261,
        1.4273401376458206,
        1.4251334561915128,
        1.4208035779044366,
        1.417141332681785,
        1.403493261330079,
        1.4014101904963225,
        1.3991182609599722,
        1.3967064804926195,
        1.390731371581362,
        1.3810107711188049,
        1.3792401517760524,
        1.3746626366413537,
        1.3685470773948085,
        1.3675110666512835,
        1.3605153770992173,
        1.3571675602340156,
        1.350256935643145,
        1.3503782639490882,
        1.3461012692761964,
        1.3456946412415527,
        1.3344488640738081,
        1.3352347749749782,
        1.3281100343214758,
        1.3294379208421891,
        1.3244140732496767,
        1.3200090446392072,
        1.3172994672980112,
        1.314202201683998,
        1.3104864897823647,
        1.3025753012384702,
        1.30207825493913,
        1.2983212211533344,
        1.2940677696142195,
        1.29653082228265,
        1.282152298075099,
        1.2868260774541849,
        1.2768754896418881,
        1.2744414272180438,
        1.2745577519486395
    ],
    "val_losses": [
        2.3405942068038934,
        2.288415946425736,
        2.2648019198819087,
        2.242365989196672,
        2.2139443755113906,
        2.17391575681197,
        2.1183453360369127,
        2.0458929094612865,
        1.9843439915136278,
        1.9317000591394775,
        1.8914629969187176,
        1.8558925252392182,
        1.826732663019653,
        1.801607652253406,
        1.7790325488948597,
        1.7539237199100546,
        1.735280463936109,
        1.7189703593945371,
        1.703149755483959,
        1.6915699574268692,
        1.6741270813132862,
        1.6621980740933566,
        1.6518750493278072,
        1.6395729446200418,
        1.6302076572454345,
        1.6231801049836774,
        1.6108809928032857,
        1.6001970862657817,
        1.5903132837760026,
        1.5840962684417976,
        1.575306956386631,
        1.5690880028479488,
        1.5611040519720545,
        1.5559877830699855,
        1.5485146141635706,
        1.54058915178554,
        1.5339052968397051,
        1.5242450402878907,
        1.5194654501103404,
        1.514646161105719,
        1.510127170806821,
        1.5039049074528568,
        1.4983347067709107,
        1.4920440098966345,
        1.4874215304626668,
        1.4809876322757565,
        1.478353781612032,
        1.4742784505463717,
        1.468629228512839,
        1.4645105748803795,
        1.4609462196558565,
        1.4565487237888133,
        1.4481751624229475,
        1.4485064231371723,
        1.4449281877727187,
        1.4404358924576102,
        1.4358346159788926,
        1.4325746810096573,
        1.4305467226190902,
        1.4237528799791455,
        1.420587840440484,
        1.4175000117172907,
        1.4160583716261579,
        1.4164796294302986,
        1.4104489685876356,
        1.4063758871039969,
        1.4046962769650113,
        1.400959119243406,
        1.3994497661669827,
        1.393722397130665,
        1.3921561339935655,
        1.391025720049474,
        1.3884621352221467,
        1.3829565975921148,
        1.3839304549322753,
        1.379752890099296,
        1.3775225772210649,
        1.3752853913019292,
        1.3729250669542028,
        1.370611632628214,
        1.3689101393854115,
        1.3672536431532156,
        1.3636525627241267,
        1.3614420604394462,
        1.3606056676573504,
        1.3609714016841714,
        1.356785811139103,
        1.355418979865045,
        1.3528550044554128,
        1.3533800865269299,
        1.350990235779367,
        1.3520742219224489,
        1.349342016723191,
        1.3482608425403513,
        1.3441549519644151,
        1.3420766884840247,
        1.3411839872656244,
        1.3435412348758815,
        1.3399574153719278,
        1.3385429813566283
    ],
    "val_accs": [
        0.1119,
        0.1368,
        0.157,
        0.1808,
        0.2014,
        0.2268,
        0.2485,
        0.2694,
        0.2859,
        0.3045,
        0.3146,
        0.3265,
        0.3387,
        0.3483,
        0.3586,
        0.3681,
        0.3759,
        0.3802,
        0.3851,
        0.3902,
        0.3973,
        0.4039,
        0.4056,
        0.4097,
        0.4151,
        0.4172,
        0.4212,
        0.424,
        0.4267,
        0.4318,
        0.4326,
        0.4345,
        0.4392,
        0.4386,
        0.4423,
        0.4456,
        0.4458,
        0.4513,
        0.4526,
        0.4529,
        0.4558,
        0.4591,
        0.4596,
        0.4619,
        0.4633,
        0.4652,
        0.4681,
        0.4694,
        0.4718,
        0.4721,
        0.4731,
        0.4755,
        0.4779,
        0.4797,
        0.4796,
        0.4819,
        0.4833,
        0.4837,
        0.4857,
        0.4875,
        0.486,
        0.4902,
        0.4902,
        0.49,
        0.4907,
        0.4935,
        0.4951,
        0.4968,
        0.4967,
        0.5,
        0.4988,
        0.4981,
        0.5004,
        0.5029,
        0.5031,
        0.5041,
        0.5059,
        0.5058,
        0.5091,
        0.5081,
        0.512,
        0.5138,
        0.5125,
        0.5143,
        0.5143,
        0.514,
        0.5165,
        0.5177,
        0.5172,
        0.5174,
        0.519,
        0.5195,
        0.5202,
        0.5205,
        0.5211,
        0.5218,
        0.5212,
        0.5221,
        0.525,
        0.5232
    ],
    "hyperparameters": {
        "batch_size": 128,
        "learning_rate": 0.0001,
        "momentum": 0.9,
        "weight_decay": 0.0001,
        "optimizer": "adam",
        "early_stopping": true,
        "patience": 10
    },
    "runtime_info": {
        "total_training_time": 371.9554388523102,
        "avg_epoch_time": 3.7195543885231017,
        "timestamp": "2025-04-16 15:40:30"
    }
}