{
    "model_name": "lr0.0001_drop0.3_wd0.0001_h256_128_64",
    "features": [
        "GELU",
        "Adam"
    ],
    "accuracy": 0.5256,
    "precision": 0.5273492044374986,
    "recall": 0.5256,
    "f1_score": 0.5232377173431516,
    "loss": 1.322304321209237,
    "inference_time": 0.2713809013366699,
    "timestamp": "2025-04-16 15:40:31"
}