{
    "model_name": "lr0.01_drop0.3_wd0.0001_h512_256",
    "features": [
        "GELU",
        "Adam"
    ],
    "epochs": 22,
    "best_epoch": 12,
    "best_val_acc": 0.469,
    "training_time": 100.18985891342163,
    "train_losses": [
        1.919239193205935,
        1.7553685615607677,
        1.7127708236975818,
        1.6793972252647382,
        1.6589167092118664,
        1.634453608923334,
        1.6229715546063395,
        1.5966748508278068,
        1.5886571090443518,
        1.5630761816292735,
        1.5591569893290622,
        1.555476107138616,
        1.5425989138985272,
        1.5261254561596034,
        1.5422425283754992,
        1.5261279131340448,
        1.5203966959492545,
        1.5182414417968488,
        1.5252684384216488,
        1.5079728171710798,
        1.5132660002413019,
        1.493220021619987
    ],
    "val_losses": [
        1.6888371639740825,
        1.6451697391408489,
        1.613898279277528,
        1.596074026153038,
        1.5974865881673572,
        1.5779037958874091,
        1.5977973334607167,
        1.5958025152376836,
        1.5898753833873596,
        1.6104307149083756,
        1.6087847811170588,
        1.5524184913898473,
        1.590466696571768,
        1.600738410751821,
        1.5878215952197807,
        1.5644335540023107,
        1.5870088039003756,
        1.5851141899220351,
        1.6182126690829095,
        1.6037910021017967,
        1.5967735762197266,
        1.6091438887720835
    ],
    "val_accs": [
        0.3846,
        0.4067,
        0.4229,
        0.4328,
        0.4334,
        0.4369,
        0.4498,
        0.4417,
        0.4503,
        0.4118,
        0.4208,
        0.469,
        0.446,
        0.421,
        0.4387,
        0.4565,
        0.4503,
        0.4492,
        0.4451,
        0.4452,
        0.4585,
        0.448
    ],
    "hyperparameters": {
        "batch_size": 128,
        "learning_rate": 0.01,
        "momentum": 0.9,
        "weight_decay": 0.0001,
        "optimizer": "adam",
        "early_stopping": true,
        "patience": 10
    },
    "runtime_info": {
        "total_training_time": 100.18985891342163,
        "avg_epoch_time": 4.554084496064619,
        "timestamp": "2025-04-16 17:26:53"
    }
}