{
    "model_name": "lr0.01_drop0.3_wd0.0001_h512_256",
    "features": [
        "GELU",
        "Adam"
    ],
    "accuracy": 0.4571,
    "precision": 0.513082798931781,
    "recall": 0.4571,
    "f1_score": 0.4683586063406561,
    "loss": 1.5361103376641039,
    "inference_time": 0.2690098285675049,
    "timestamp": "2025-04-16 17:26:53"
}