{
    "model_name": "Adam_GELU_standard",
    "features": [
        "GELU",
        "Adam"
    ],
    "accuracy": 0.4779,
    "precision": 0.46995830998997146,
    "recall": 0.4779,
    "f1_score": 0.4653582870195146,
    "loss": 1.4574807977020356,
    "inference_time": 0.0454869270324707,
    "timestamp": "2025-04-12 20:35:38"
}