{
    "model_name": "Adam_GELU_standard",
    "features": [
        "GELU",
        "Adam"
    ],
    "epochs": 60,
    "best_epoch": 50,
    "best_val_acc": 0.4801,
    "training_time": 46.48748707771301,
    "train_losses": [
        2.7955102355483823,
        2.323763912383408,
        2.262087182406785,
        2.1513953442386184,
        2.053421254248521,
        1.9829965226841781,
        1.9295640648794135,
        1.8803055030901403,
        1.8444072617438307,
        1.8204985790048576,
        1.7933220287923308,
        1.7728110691496664,
        1.7573382044425108,
        1.7456096029313495,
        1.7319236955482307,
        1.7234766523650096,
        1.7114723150820346,
        1.701785278520146,
        1.6948245861668554,
        1.685904782116598,
        1.680540099930264,
        1.6755298572324466,
        1.668818932857948,
        1.6623517477756267,
        1.6607195007785938,
        1.6547168501657812,
        1.6553171656467214,
        1.6509441374527125,
        1.6474164129243134,
        1.6438983828335236,
        1.6374152941943765,
        1.6395138292077236,
        1.634051844444252,
        1.628427428585479,
        1.6284820014543666,
        1.6306514421886842,
        1.627322886947224,
        1.6269941701194086,
        1.6283542542808787,
        1.6232371120967057,
        1.6250091895289356,
        1.6167466076164958,
        1.6252952205429019,
        1.6187712263186627,
        1.61650617310946,
        1.6138779144256852,
        1.6125092980571225,
        1.6129144332965664,
        1.605192468315142,
        1.6144950899265564,
        1.610664757201494,
        1.6106202489234012,
        1.6108730412413792,
        1.6051485105568526,
        1.6052737511096142,
        1.6042234186791202,
        1.6062769079158967,
        1.6060634036363985,
        1.6038744622468624,
        1.6017024051235802
    ],
    "val_losses": [
        2.2998317523287404,
        2.280675813024966,
        2.1774628457077543,
        1.9954178529836464,
        1.8985471086217645,
        1.834925640354841,
        1.790870368178207,
        1.7341162344056378,
        1.6975585959193453,
        1.676414299745944,
        1.6497640248193983,
        1.6323480302126596,
        1.616651395938935,
        1.597404205021436,
        1.5899228097141498,
        1.5762852482239087,
        1.565649206661358,
        1.5564883943373349,
        1.548610809312215,
        1.5441761115433539,
        1.5345149814937233,
        1.5298451781576154,
        1.526101382752951,
        1.5217839519000724,
        1.5150472006653906,
        1.5103040569789667,
        1.5091438714160839,
        1.5054628016326497,
        1.499574489552719,
        1.497220618804056,
        1.492845960232977,
        1.4925127283171256,
        1.492233288024837,
        1.4902913998512037,
        1.489298361032361,
        1.4892006554405426,
        1.4881199173797162,
        1.489651996534564,
        1.485532132355592,
        1.482346823849252,
        1.4802856146080043,
        1.4776666237842677,
        1.476420397202042,
        1.4768490527452225,
        1.4731576927329988,
        1.4715096068558298,
        1.4695402597182863,
        1.4716752862902507,
        1.4687617220901419,
        1.4679674978675976,
        1.467432675983571,
        1.4671795852621896,
        1.4702904865705504,
        1.4688170415270465,
        1.4674577617947908,
        1.468829076689074,
        1.4697301628607748,
        1.466595737977969,
        1.4658831622669133,
        1.4686492396870012
    ],
    "val_accs": [
        0.108,
        0.1211,
        0.2146,
        0.277,
        0.3132,
        0.3326,
        0.3581,
        0.3811,
        0.3931,
        0.4045,
        0.4091,
        0.4195,
        0.4255,
        0.429,
        0.4309,
        0.4407,
        0.4446,
        0.4444,
        0.4454,
        0.4448,
        0.4477,
        0.4504,
        0.4557,
        0.4575,
        0.4571,
        0.4605,
        0.4608,
        0.4658,
        0.4627,
        0.4642,
        0.4676,
        0.472,
        0.4667,
        0.4707,
        0.4676,
        0.4677,
        0.4709,
        0.4709,
        0.4728,
        0.4749,
        0.4732,
        0.4715,
        0.4778,
        0.4776,
        0.477,
        0.4797,
        0.4772,
        0.4734,
        0.4785,
        0.4801,
        0.477,
        0.477,
        0.4771,
        0.4778,
        0.4776,
        0.4775,
        0.4758,
        0.4794,
        0.4778,
        0.476
    ],
    "hyperparameters": {
        "batch_size": 128,
        "learning_rate": 0.001,
        "momentum": 0.9,
        "weight_decay": 0.0001,
        "optimizer": "adam",
        "early_stopping": true,
        "patience": 10
    },
    "runtime_info": {
        "total_training_time": 46.48748707771301,
        "avg_epoch_time": 0.7747914512952169,
        "timestamp": "2025-04-12 20:35:38"
    }
}