{
    "model_name": "lr0.0001_drop0.3_wd0.00001_h256_128",
    "features": [
        "GELU",
        "Adam"
    ],
    "epochs": 100,
    "best_epoch": 98,
    "best_val_acc": 0.5392,
    "training_time": 293.03505420684814,
    "train_losses": [
        2.9141256533938695,
        2.4584803350096633,
        2.291406089095579,
        2.204223473552759,
        2.1188852595122625,
        2.0539509848734805,
        1.9870217120881886,
        1.933123409723563,
        1.8992098094350105,
        1.861429107823314,
        1.8312627958869339,
        1.8027512186107384,
        1.778217205446643,
        1.7529851457169532,
        1.7301823849534557,
        1.7153934353998759,
        1.696346784469582,
        1.688262416197752,
        1.6668383245168041,
        1.652937101732611,
        1.6375078922359187,
        1.6228271672172216,
        1.610025883586924,
        1.6001940493370983,
        1.5857374907872057,
        1.5759995898669323,
        1.5678896546486554,
        1.5569708686943236,
        1.5460448234058444,
        1.5399597796874498,
        1.525925964004021,
        1.5189819121174823,
        1.5084124522037097,
        1.500068361722993,
        1.4909254067152784,
        1.489359247604223,
        1.471563423310056,
        1.4660281729060218,
        1.4568474507171065,
        1.4484874837584427,
        1.4390451070699248,
        1.4356427489087136,
        1.4278761598302407,
        1.4180589498451435,
        1.412846827631375,
        1.4095005206054094,
        1.3997205840903435,
        1.3887582692849947,
        1.3890020909949732,
        1.38770311973167,
        1.3745048740676111,
        1.3685461716332172,
        1.370617739016332,
        1.360654144196975,
        1.3538613406588857,
        1.347736855122218,
        1.3498698319770708,
        1.3426742926604867,
        1.3319466563502536,
        1.3286658788967827,
        1.3264449107604697,
        1.3183626188431579,
        1.3114755400447613,
        1.3139669866752324,
        1.301427450613673,
        1.30004725341427,
        1.2947390425069365,
        1.2957095143141482,
        1.285928435074217,
        1.2842571116187598,
        1.279595581183694,
        1.2766125916299211,
        1.279768865884032,
        1.2656060074072049,
        1.2689325275066619,
        1.2605067395587244,
        1.256825262287285,
        1.257247547397524,
        1.2479606421444065,
        1.2471108195580611,
        1.2430372474557772,
        1.2412167753864531,
        1.236152218496249,
        1.2336298629372509,
        1.2252349736794936,
        1.2265035982746917,
        1.223901178806105,
        1.2259823393002318,
        1.2208300644881576,
        1.2089252574839964,
        1.2139067465207938,
        1.2092815143725424,
        1.2028244428215986,
        1.202056291248106,
        1.197662100544858,
        1.1986223783309813,
        1.1926408638045654,
        1.1900435602327795,
        1.1857840265776856,
        1.1798821690305858
    ],
    "val_losses": [
        2.3141714510952713,
        2.194110709372815,
        2.1304735545014335,
        2.06729511741374,
        1.9981497341330032,
        1.9291845378703252,
        1.873809593895141,
        1.8270026766798602,
        1.7918371794288097,
        1.7629004505216075,
        1.7394276428136894,
        1.7170503293684491,
        1.6972773279002886,
        1.6804714291658303,
        1.6662457649122184,
        1.6523622822915263,
        1.6388455467685912,
        1.6280900346251284,
        1.615152752034618,
        1.6040550873456598,
        1.5931047826980933,
        1.582721356635504,
        1.5741613483910535,
        1.5638911271176803,
        1.5562189654576097,
        1.5460485153696384,
        1.537201582256559,
        1.5291861030948755,
        1.5212855709252888,
        1.5150317682621381,
        1.50569613239799,
        1.5005096648601397,
        1.494633890748079,
        1.487207397769118,
        1.479007702010363,
        1.4742770531692537,
        1.4689458365151529,
        1.4619754440503525,
        1.4575939790202472,
        1.4496167657314611,
        1.4452721069630396,
        1.4410175817982196,
        1.4338068265152932,
        1.4307578773768066,
        1.4238415629032333,
        1.421391108026337,
        1.4160509073926657,
        1.4115650584314425,
        1.4075098251180607,
        1.404444913367535,
        1.399497364848104,
        1.395216224816229,
        1.3917807140576242,
        1.3889098861506444,
        1.385180882215103,
        1.380519577808655,
        1.3807653739887065,
        1.3750674912692604,
        1.372081308811236,
        1.3703220643605012,
        1.367442446799601,
        1.3635760689111218,
        1.3611948717110955,
        1.3587124979803786,
        1.3560062896169736,
        1.3527063602376093,
        1.351182204112077,
        1.3491019102438544,
        1.3488684492371168,
        1.3441264599088942,
        1.3434428178318503,
        1.3401039323779864,
        1.3388370227012016,
        1.3359936965901251,
        1.334153739671551,
        1.3319204240446032,
        1.3306999761968612,
        1.3276192933407163,
        1.3254936582859602,
        1.323249043850906,
        1.3208515045087617,
        1.3205316037739643,
        1.3177198976882747,
        1.3181002779300395,
        1.3151434278257104,
        1.3145225110620795,
        1.311944963050627,
        1.310857856752452,
        1.3083788111640777,
        1.3060948702587694,
        1.30539940855121,
        1.3058853067993648,
        1.3035045141252593,
        1.3034132375857888,
        1.303272329406894,
        1.3016626632193404,
        1.2992935543076003,
        1.2979205542224028,
        1.2973716227885157,
        1.2972034321493309
    ],
    "val_accs": [
        0.1587,
        0.199,
        0.2344,
        0.26,
        0.2896,
        0.3131,
        0.3325,
        0.3492,
        0.3649,
        0.375,
        0.3848,
        0.3957,
        0.4,
        0.408,
        0.4159,
        0.4176,
        0.4221,
        0.4275,
        0.434,
        0.4374,
        0.4411,
        0.445,
        0.4514,
        0.4541,
        0.4576,
        0.4607,
        0.4648,
        0.4655,
        0.47,
        0.4756,
        0.4745,
        0.4774,
        0.4806,
        0.4836,
        0.4877,
        0.4873,
        0.4898,
        0.4913,
        0.492,
        0.4933,
        0.4938,
        0.4936,
        0.4978,
        0.5005,
        0.5,
        0.498,
        0.5008,
        0.5057,
        0.5066,
        0.5068,
        0.5079,
        0.5092,
        0.5102,
        0.51,
        0.5128,
        0.5124,
        0.5136,
        0.5149,
        0.5149,
        0.5164,
        0.517,
        0.5182,
        0.5197,
        0.5204,
        0.5225,
        0.5248,
        0.5254,
        0.5242,
        0.5236,
        0.527,
        0.5267,
        0.5273,
        0.527,
        0.5283,
        0.5293,
        0.5303,
        0.5285,
        0.5303,
        0.5313,
        0.5321,
        0.5333,
        0.5332,
        0.5336,
        0.5323,
        0.5346,
        0.5326,
        0.5349,
        0.5339,
        0.5354,
        0.5366,
        0.5376,
        0.5347,
        0.5364,
        0.5363,
        0.5353,
        0.5383,
        0.538,
        0.5392,
        0.5378,
        0.5386
    ],
    "hyperparameters": {
        "batch_size": 128,
        "learning_rate": 0.0001,
        "momentum": 0.9,
        "weight_decay": 1e-05,
        "optimizer": "adam",
        "early_stopping": true,
        "patience": 10
    },
    "runtime_info": {
        "total_training_time": 293.03505420684814,
        "avg_epoch_time": 2.9303505420684814,
        "timestamp": "2025-04-16 15:00:13"
    }
}