{
    "model_name": "lr0.0001_drop0.3_wd0.00001_h256_128",
    "features": [
        "GELU",
        "Adam"
    ],
    "accuracy": 0.5381,
    "precision": 0.5376019674675255,
    "recall": 0.5381,
    "f1_score": 0.5344627552256804,
    "loss": 1.2908086057585868,
    "inference_time": 0.1809079647064209,
    "timestamp": "2025-04-16 15:00:13"
}