{
    "model_name": "Adam_GELU_standard",
    "features": [
        "GELU",
        "Adam"
    ],
    "epochs": 120,
    "best_epoch": 110,
    "best_val_acc": 0.5309,
    "training_time": 281.0885560512543,
    "train_losses": [
        3.6897435913526486,
        2.4636251844779364,
        2.349471552088141,
        2.3091261258917113,
        2.2806951344036133,
        2.2388156669779087,
        2.1871287533588264,
        2.1330304863687153,
        2.0793312292746506,
        2.0431318542139327,
        2.0041208892389752,
        1.974950552536039,
        1.9426401941450828,
        1.9139085413674863,
        1.8985057518092234,
        1.8694614861992767,
        1.8453915452724903,
        1.83321267520226,
        1.8156682744509365,
        1.7973081520955103,
        1.7801310536784296,
        1.768244239474172,
        1.7499022005272455,
        1.7376624983582922,
        1.7251853440147866,
        1.7163382143813632,
        1.700155574834103,
        1.6883739176116008,
        1.6841111611890422,
        1.672351909980925,
        1.6593149483617224,
        1.6491672651361544,
        1.6396786868742264,
        1.6383458495465748,
        1.6287681488832813,
        1.6237097270624379,
        1.608943237790333,
        1.6076852583248131,
        1.6011461914615106,
        1.5862324068499152,
        1.5763011192067091,
        1.5814932018766727,
        1.566730031558415,
        1.560880467074421,
        1.5585902049647835,
        1.5559163973700205,
        1.5513586542136133,
        1.5439651840807744,
        1.5432643672837032,
        1.538850983849508,
        1.529563998102468,
        1.5229988522049378,
        1.5235440475619044,
        1.5273881690721387,
        1.5141105114736546,
        1.5213111549695206,
        1.5050241949770262,
        1.5032972486593728,
        1.499457836525463,
        1.4936719856923157,
        1.4927428242645486,
        1.4942471120923635,
        1.4915526284043088,
        1.481932279206278,
        1.4829712290799455,
        1.4745044785370942,
        1.4808965089413877,
        1.4739077042291724,
        1.4772471182377929,
        1.4725767820794247,
        1.4611841810911719,
        1.459796986612446,
        1.4705150158443983,
        1.4668319070809819,
        1.4701383430779769,
        1.4612021779270112,
        1.4590067221971625,
        1.4665912001560497,
        1.4643399637176688,
        1.4534158624195244,
        1.4523741322062171,
        1.4559837503351905,
        1.4512070442265115,
        1.4503118805265778,
        1.4438148637105699,
        1.4500503772032356,
        1.4494973922410332,
        1.4461500921054078,
        1.447250078715748,
        1.443495388894044,
        1.4407147626713577,
        1.440586162659408,
        1.4375397847307123,
        1.4381525025132986,
        1.4337835839592474,
        1.4360904478610301,
        1.430802127415652,
        1.4332325918082012,
        1.4352168576646853,
        1.4271250274941492,
        1.4302705511497984,
        1.4258275131813245,
        1.42638539982166,
        1.4272822078910943,
        1.4294474748088275,
        1.4234424908505594,
        1.428073967750472,
        1.4230599409108902,
        1.424259582827974,
        1.4226537627287523,
        1.4281219672018848,
        1.4201491613581436,
        1.4247440156929592,
        1.4219368507169179,
        1.427160969387574,
        1.4242795036737423,
        1.4191751980080862,
        1.420472602397146,
        1.4161025039633777,
        1.4122236335663378
    ],
    "val_losses": [
        2.309024691298587,
        2.313508935599388,
        2.309344745875151,
        2.2992421925224327,
        2.261508349942664,
        2.187791627418754,
        2.1094505837304305,
        2.030349087874478,
        1.9635228269960965,
        1.9279973378124946,
        1.8871004748854887,
        1.8526763659600667,
        1.816520147415025,
        1.7891957062995592,
        1.7637305347582641,
        1.7366882859261434,
        1.712476075656979,
        1.6966330077198764,
        1.6767543208081799,
        1.6568744345452975,
        1.6445841312141507,
        1.6303615637912878,
        1.6143486345528093,
        1.5972739192107184,
        1.586271570315553,
        1.5767841407360985,
        1.5666013342709724,
        1.5558026004394065,
        1.5430600797174758,
        1.5319128252242251,
        1.5215365058528125,
        1.5137972438201626,
        1.5054690262460106,
        1.4959704859004628,
        1.4911604302430372,
        1.4863244914436198,
        1.4757884491825235,
        1.4701518053454892,
        1.4631229020525949,
        1.455481650145146,
        1.4485105923053776,
        1.446430532662612,
        1.4374376476518242,
        1.4326322445742332,
        1.4275950776518018,
        1.4243057308677711,
        1.4219656510177052,
        1.4170706398864745,
        1.4105726509004106,
        1.4068915808408522,
        1.4025610322923556,
        1.4007046932472786,
        1.3968451844631697,
        1.3966946785003318,
        1.3898874389870894,
        1.3903517310239473,
        1.3867604426329703,
        1.3809397526760647,
        1.3781582282978058,
        1.3780467873443238,
        1.3733528947551525,
        1.3730231309215732,
        1.3696334477326273,
        1.3649193868603302,
        1.364193510232589,
        1.361840210379775,
        1.3593833622739866,
        1.3591905205974304,
        1.3591634970823985,
        1.3563668696095252,
        1.3539981476316858,
        1.353582204653693,
        1.354380302791423,
        1.3496041697314103,
        1.34992188062796,
        1.3495574128176675,
        1.3478127317309088,
        1.3468412887708772,
        1.346780245088023,
        1.3429023279936239,
        1.3408609305948946,
        1.3403772492631003,
        1.3376497630697515,
        1.3392582137593732,
        1.3363954735950156,
        1.3390931176803316,
        1.3364222710474674,
        1.3364239782655114,
        1.334756061732872,
        1.3343917328949595,
        1.3331851910717039,
        1.3322025208542463,
        1.3310331962522617,
        1.3320067352462892,
        1.331640954663405,
        1.3313925250034935,
        1.330205578852819,
        1.3291367206250597,
        1.326679184176483,
        1.324316023266594,
        1.325622471858707,
        1.3242897994851326,
        1.3234174757971982,
        1.322457872986606,
        1.321849799664829,
        1.3215845688190726,
        1.322390555648173,
        1.32099148529201,
        1.3179153378666877,
        1.31756275448072,
        1.319661922983894,
        1.3192950399301617,
        1.3196793469094212,
        1.3181400122698146,
        1.319506543969206,
        1.3195177790036443,
        1.3169955699693725,
        1.317565009133804,
        1.3162701328997743,
        1.316633641740328
    ],