{
    "model_name": "Adam_GELU_standard",
    "features": [
        "GELU",
        "Adam"
    ],
    "accuracy": 0.5286,
    "precision": 0.5292144434812246,
    "recall": 0.5286,
    "f1_score": 0.522924062792816,
    "loss": 1.3128628000728655,
    "inference_time": 0.14473772048950195,
    "timestamp": "2025-04-13 07:03:53"
}