{
    "model_name": "Adam_GELU_standard",
    "features": [
        "GELU",
        "Adam"
    ],
    "epochs": 156,
    "best_epoch": 146,
    "best_val_acc": 0.5046,
    "training_time": 1014.2834696769714,
    "train_losses": [
        3.011970449163003,
        2.375640991632558,
        2.3309848666618795,
        2.3170672553208704,
        2.306108160989349,
        2.2954382841817913,
        2.2795234275129923,
        2.256297625071125,
        2.221862678699425,
        2.182993612491289,
        2.138033473807483,
        2.0976512735917328,
        2.065435567450366,
        2.0347245233838667,
        2.0101313185497145,
        1.9834513730860779,
        1.9652967961368681,
        1.9464012358920955,
        1.9280087905703729,
        1.9135244596719831,
        1.8967371191615243,
        1.885069860595318,
        1.872372430350059,
        1.8582644028056643,
        1.8443472859529242,
        1.8300147854896163,
        1.815259579874462,
        1.7969306136716983,
        1.7778215902698453,
        1.7660009528586016,
        1.752855114972828,
        1.7446006397374665,
        1.7310364166257655,
        1.7179989875268389,
        1.708962794466003,
        1.6977486526044099,
        1.688485763264949,
        1.6851304456262093,
        1.6744319239193841,
        1.6590014571958807,
        1.6594717771369494,
        1.6438208836835293,
        1.6380656719034037,
        1.6295912818211444,
        1.6294951550294685,
        1.6141024755488251,
        1.6072063224539146,
        1.5893182545502111,
        1.5887103632486672,
        1.5855201424547893,
        1.572042882643331,
        1.5718766643318858,
        1.5633758717843993,
        1.554513116390109,
        1.5482364263075856,
        1.539238767857173,
        1.536712059094679,
        1.5299618822685968,
        1.520781228279486,
        1.517634493141192,
        1.5043844882701214,
        1.5003579156139184,
        1.489690185982622,
        1.4905305028706226,
        1.479608895256998,
        1.477490442907285,
        1.4707415383839773,
        1.4584412270789766,
        1.4548209332943607,
        1.4493398043218388,
        1.4402146434982839,
        1.4344980509075171,
        1.4310123597302384,
        1.431254257228424,
        1.4268102505422502,
        1.4234816406948707,
        1.4120747921958265,
        1.4196854796268155,
        1.4110748924357623,
        1.40391844053251,
        1.400796779059917,
        1.3963130684818121,
        1.3833610556061473,
        1.3832149125335815,
        1.3869385705246353,
        1.3746041357810463,
        1.3725951991698269,
        1.381177649907822,
        1.3698912293885834,
        1.360699451341547,
        1.3590364078395627,
        1.3522015674514838,
        1.3573523928232132,
        1.342968032589244,
        1.3482040953578405,
        1.345656513648026,
        1.3435229745390131,
        1.3421767373204843,
        1.3301655174282347,
        1.328414741527763,
        1.3284289514345269,
        1.3239561324191085,
        1.3184861410203734,
        1.321631655792715,
        1.3171009121882415,
        1.3095141661788454,
        1.3105158801132444,
        1.3000418914498495,
        1.3009210294307438,
        1.3017665881344795,
        1.2948679425974283,
        1.293616312450652,
        1.2874578279375517,
        1.2872496093713237,
        1.2800262441315815,
        1.2815723160172787,
        1.2832519463881356,
        1.2776789010195075,
        1.2762018000611408,
        1.2608947030580682,
        1.271441403553917,
        1.2649463988743868,
        1.2618406385097307,
        1.263573349317107,
        1.2624937924739488,
        1.2566272368064553,
        1.258084008835636,
        1.2574908725785185,
        1.2554172201301852,
        1.2491102822610685,
        1.243985970898278,
        1.2478817683801962,
        1.2430352611280728,
        1.2396537946516948,
        1.2351618770037798,
        1.235487484371774,
        1.2188272116763677,
        1.2293433434857381,
        1.2279194713514956,
        1.22423695942025,
        1.2252614532613324,
        1.2215406971218181,
        1.2223175644861635,
        1.224498574060143,
        1.2203210237354019,
        1.205347496895494,
        1.2148407588591215,
        1.2060010430186465,
        1.2096562903607424,
        1.203457249179821,
        1.2104692217620188,
        1.2116677682241097,
        1.2045042412628086,
        1.2071076992990413,
        1.1977306056343584,
        1.1924572031285472
    ],