{
    "model_name": "Adam_GELU_standard",
    "features": [
        "GELU",
        "Adam"
    ],
    "accuracy": 0.5516,
    "precision": 0.5538624169629558,
    "recall": 0.5516,
    "f1_score": 0.5495422479288511,
    "loss": 1.2392361842877977,
    "inference_time": 0.1428978443145752,
    "timestamp": "2025-04-12 19:52:01"
}