{
    "model_name": "Adam_GELU_standard",
    "features": [
        "GELU",
        "Adam"
    ],
    "epochs": 54,
    "best_epoch": 44,
    "best_val_acc": 0.561,
    "training_time": 135.27207708358765,
    "train_losses": [
        2.5285653932670864,
        2.0846116394101166,
        1.9102212487839039,
        1.821618704680051,
        1.747681844839829,
        1.6978295478940288,
        1.642423629429843,
        1.606124079939594,
        1.56696860924508,
        1.5379471149779538,
        1.5102175805144658,
        1.4842912229252234,
        1.4622432828118752,
        1.441207742117212,
        1.420603990116843,
        1.4031257608121976,
        1.3888872956291554,
        1.3732035473519648,
        1.363291176455989,
        1.3458564349969577,
        1.3339122767288192,
        1.325537019125414,
        1.320026409540239,
        1.3092281045410215,
        1.3037839189874578,
        1.2900829354157561,
        1.2885147281075546,
        1.2766461377282066,
        1.2766779137932398,
        1.269907360944266,
        1.2585736468486797,
        1.2613897437586854,
        1.250369821480579,
        1.244577551150774,
        1.243631053963163,
        1.2467660240849208,
        1.2331615254994526,
        1.2309662437579705,
        1.2289396037251807,
        1.2286312736671858,
        1.226322140554063,
        1.216882939967432,
        1.2150586660791822,
        1.210697646860871,
        1.2055040504119559,
        1.2087028490045686,
        1.1999488643971903,
        1.2100609557293043,
        1.2013318286505266,
        1.20160495855193,
        1.1868976208442124,
        1.1960631680296518,
        1.1913257283118182,
        1.1943183967513662
    ],
    "val_losses": [
        2.188398867161517,
        1.8983356002995264,
        1.7702139353613129,
        1.6866236744827547,
        1.6210268227931617,
        1.5757268137074374,
        1.5346207147991553,
        1.4964038659223646,
        1.4670192517018519,
        1.4451439553054644,
        1.4164211595194935,
        1.402485371024027,
        1.3868574372016607,
        1.3694962800789903,
        1.353947164649101,
        1.3448947233806066,
        1.3367280987397472,
        1.3280080719072311,
        1.3250195419579107,
        1.307710034108918,
        1.3021562471834485,
        1.3007761773644533,
        1.2927233042728488,
        1.2853359807580351,
        1.2851177930303268,
        1.2801440640818837,
        1.2784751111090031,
        1.2724394261666332,
        1.2694580960431727,
        1.2664662888846945,
        1.265140265735774,
        1.2660435714210048,
        1.263310242842605,
        1.263332322071282,
        1.2593632957914878,
        1.2585804922006152,
        1.2572309445078726,
        1.2524641809019017,
        1.2517747242427197,
        1.2516299203563854,
        1.248525763131298,
        1.2469238806824743,
        1.246018535752067,
        1.24179487836026,
        1.242022794815857,
        1.2439426467078498,
        1.245605538190767,
        1.2454534262744223,
        1.244929615760014,
        1.2434129079684249,
        1.2396815798896526,
        1.2437097056786286,
        1.2424142090700818,
        1.2424774427499452
    ],
    "val_accs": [
        0.2101,
        0.3261,
        0.3738,
        0.4064,
        0.4267,
        0.4427,
        0.4601,
        0.4708,
        0.4854,
        0.4932,
        0.4939,
        0.4999,
        0.5093,
        0.5117,
        0.5183,
        0.5252,
        0.5232,
        0.5279,
        0.5302,
        0.5327,
        0.5329,
        0.5343,
        0.5404,
        0.5382,
        0.5386,
        0.5415,
        0.5419,
        0.5472,
        0.5477,
        0.5482,
        0.5479,
        0.5532,
        0.5485,
        0.5481,
        0.5546,
        0.5533,
        0.5541,
        0.5576,
        0.557,
        0.5589,
        0.555,
        0.5572,
        0.5581,
        0.561,
        0.5601,
        0.5586,
        0.5597,
        0.558,
        0.5519,
        0.5584,
        0.5598,
        0.5535,
        0.5559,
        0.5593
    ],
    "hyperparameters": {
        "batch_size": 128,
        "learning_rate": 0.001,
        "momentum": 0.9,
        "weight_decay": 0.0001,
        "optimizer": "adam",
        "early_stopping": true,
        "patience": 10
    },
    "runtime_info": {
        "total_training_time": 135.27207708358765,
        "avg_epoch_time": 2.5050384645108825,
        "timestamp": "2025-04-12 19:52:01"
    }
}