{
    "model_name": "Adam_GELU_standard",
    "features": [
        "GELU",
        "Adam"
    ],
    "epochs": 30,
    "best_epoch": 20,
    "best_val_acc": 0.4901,
    "training_time": 74.69914412498474,
    "train_losses": [
        2.1124604670163296,
        1.812821980983293,
        1.7327984672498646,
        1.6897197001596516,
        1.6568943633825983,
        1.6302673185133103,
        1.6196674883872173,
        1.592316618930076,
        1.5875923550735382,
        1.5778818743978147,
        1.562113681892991,
        1.5560788957749538,
        1.5492282778015227,
        1.5482643945821315,
        1.5443289359657988,
        1.5312747994439344,
        1.5320586873713131,
        1.5260443729459228,
        1.522210922790844,
        1.521111086513939,
        1.5064685072202708,
        1.5096276970413574,
        1.51697963851775,
        1.5080281589825102,
        1.5066445614130122,
        1.505493501400271,
        1.5023473541071726,
        1.4946849670816051,
        1.4928537811693083,
        1.4873039610408112
    ],
    "val_losses": [
        1.7732926787743668,
        1.6153376164866011,
        1.5903793035009095,
        1.5394791806876815,
        1.5299052929942822,
        1.5100884977816018,
        1.4918450147175293,
        1.4749967997581415,
        1.4820403258669066,
        1.4625799356095912,
        1.4869807456380066,
        1.4880956151901463,
        1.451863793280219,
        1.4554881282571788,
        1.4589304329276378,
        1.4559588472667604,
        1.4545671018170219,
        1.456978771625138,
        1.4525174276381188,
        1.4441333256345967,
        1.4635256477171783,
        1.4525718119802895,
        1.4453629806738029,
        1.4492298569919948,
        1.461444723598261,
        1.456077788918059,
        1.4492235196202607,
        1.4460780963792328,
        1.4723587703027474,
        1.4583637634969338
    ],
    "val_accs": [
        0.3622,
        0.421,
        0.4293,
        0.4586,
        0.4608,
        0.4643,
        0.471,
        0.4712,
        0.4727,
        0.4763,
        0.4682,
        0.4644,
        0.4838,
        0.4824,
        0.4865,
        0.4855,
        0.4771,
        0.4749,
        0.4893,
        0.4901,
        0.4828,
        0.4823,
        0.4839,
        0.48,
        0.4781,
        0.4851,
        0.4775,
        0.4812,
        0.4655,
        0.472
    ],
    "hyperparameters": {
        "batch_size": 128,
        "learning_rate": 0.005,
        "momentum": 0.9,
        "weight_decay": 0.0001,
        "optimizer": "adam",
        "early_stopping": true,
        "patience": 10
    },
    "runtime_info": {
        "total_training_time": 74.69914412498474,
        "avg_epoch_time": 2.489971470832825,
        "timestamp": "2025-04-12 21:13:48"
    }
}