{
    "model_name": "Adam_GELU_standard",
    "features": [
        "GELU",
        "Adam"
    ],
    "epochs": 71,
    "best_epoch": 61,
    "best_val_acc": 0.5643,
    "training_time": 174.0899829864502,
    "train_losses": [
        2.7414077123640808,
        2.2360891991984304,
        2.0852706866581636,
        1.980135899823444,
        1.906539280699662,
        1.8440746832153596,
        1.8018911298844211,
        1.756808530026372,
        1.7219650291038213,
        1.691656859277279,
        1.659262700698128,
        1.633282709833047,
        1.616601325214321,
        1.5858741388220474,
        1.5669425439592244,
        1.5449735161597298,
        1.5224266239300488,
        1.5063844291415622,
        1.494222737806707,
        1.4803097475566165,
        1.4656639696779223,
        1.4493647311668767,
        1.4388500443270327,
        1.4228389344780155,
        1.4105492038361551,
        1.402879397012177,
        1.3928723094891122,
        1.381202441685999,
        1.372251505246283,
        1.3634191367441901,
        1.3555736263824525,
        1.3445127368708192,
        1.3313423986736947,
        1.3335507285978296,
        1.32506417232994,
        1.3172478889527237,
        1.3117206983997642,
        1.305954888620202,
        1.2955119891806832,
        1.298766707467127,
        1.2834206066379596,
        1.282684214690524,
        1.2740834551143487,
        1.272184001972868,
        1.2701472169411931,
        1.259519745633065,
        1.2565644555465032,
        1.2541131777022507,
        1.2593986248505717,
        1.2545028719422617,
        1.25023781750888,
        1.242522915128173,
        1.2427822482361002,
        1.2307574574176887,
        1.2244866911163124,
        1.2305878211269092,
        1.2241757032161948,
        1.2225943753121005,
        1.2201226560872074,
        1.2144603077231164,
        1.2143678766869113,
        1.214964971267815,
        1.2102901172561424,
        1.2092397212959638,
        1.2048653569976244,
        1.1968696177946228,
        1.195799169768817,
        1.1973069539044192,
        1.1933700643493799,
        1.1917094971285778,
        1.192289983312029
    ],
    "val_losses": [
        2.2390271279112772,
        2.0916238909655416,
        1.935693539478757,
        1.838474534436236,
        1.770255574346439,
        1.7260445370701876,
        1.6825046351193942,
        1.6470745583946722,
        1.6140922085837832,
        1.5850845906340447,
        1.5578184175582535,
        1.5296709744398669,
        1.5083869009820874,
        1.4905976453972707,
        1.471930744522293,
        1.4508318897691912,
        1.436826497454571,
        1.4251429025290572,
        1.4137781659603876,
        1.401678819962581,
        1.393042939678237,
        1.3795792212940683,
        1.370136649932748,
        1.3624047581258836,
        1.3513614799696512,
        1.3455906214184363,
        1.3377830353953126,
        1.3322642887052578,
        1.3250696184872874,
        1.3199533058119663,
        1.3152028744499569,
        1.3105644143507593,
        1.304460761009908,
        1.3006199204856796,
        1.294940263875308,
        1.2900546031823776,
        1.2854192761946293,
        1.2838023476405065,
        1.2794232722562249,
        1.2794125590998704,
        1.2737184752384971,
        1.2734029674116625,
        1.269595909188586,
        1.2672284081381342,
        1.2632749142761306,
        1.2605995341194383,
        1.2571201141289756,
        1.2589630022076166,
        1.2541945800161725,
        1.2550295196818693,
        1.2510736915793244,
        1.248777237135707,
        1.2461774543509627,
        1.247029660305599,
        1.2459598394019569,
        1.2434750246794355,
        1.241443448748452,
        1.2391596640570366,
        1.2390333209778284,
        1.2392988927317599,
        1.2384844140930384,
        1.2390497282371282,
        1.2371985245962702,
        1.2382349365113277,
        1.237980195851009,
        1.2355306401996888,
        1.2346781109505294,
        1.2339182279738392,
        1.2313423794305765,
        1.231703948492547,
        1.2315344155631585
    ],
    "val_accs": [
        0.1787,
        0.2462,
        0.3028,
        0.3462,
        0.3713,
        0.3893,
        0.4071,
        0.4185,
        0.429,
        0.4365,
        0.4491,
        0.4575,
        0.4647,
        0.4717,
        0.4778,
        0.4839,
        0.4866,
        0.4899,
        0.4959,
        0.4988,
        0.5028,
        0.5065,
        0.5145,
        0.5162,
        0.5159,
        0.5213,
        0.5253,
        0.5263,
        0.5266,
        0.5318,
        0.5274,
        0.5318,
        0.5351,
        0.5359,
        0.541,
        0.5411,
        0.5438,
        0.5417,
        0.5439,
        0.5461,
        0.5464,
        0.548,
        0.5467,
        0.549,
        0.5509,
        0.5518,
        0.5505,
        0.5513,
        0.5542,
        0.5577,
        0.5582,
        0.5542,
        0.5573,
        0.5582,
        0.5607,
        0.5598,
        0.5602,
        0.5607,
        0.5606,
        0.5615,
        0.5643,
        0.56,
        0.5634,
        0.5594,
        0.561,
        0.5618,
        0.5632,
        0.5609,
        0.563,
        0.5633,
        0.5629
    ],
    "hyperparameters": {
        "batch_size": 128,
        "learning_rate": 0.0005,
        "momentum": 0.9,
        "weight_decay": 0.0,
        "optimizer": "adam",
        "early_stopping": true,
        "patience": 10
    },
    "runtime_info": {
        "total_training_time": 174.0899829864502,
        "avg_epoch_time": 2.4519715913584537,
        "timestamp": "2025-04-13 00:27:08"
    }
}