{
    "model_name": "Adam_GELU_standard",
    "features": [
        "GELU",
        "Adam"
    ],
    "epochs": 84,
    "best_epoch": 74,
    "best_val_acc": 0.5764,
    "training_time": 421.3646948337555,
    "train_losses": [
        2.4677452945563276,
        1.9658790359748821,
        1.8181388281830793,
        1.7341529990910616,
        1.6724432529474949,
        1.607812313190837,
        1.5608191213776552,
        1.51810608446392,
        1.4848734843007598,
        1.4452146011147589,
        1.4189209613856586,
        1.3911700842379655,
        1.3752450139104961,
        1.3461846587447754,
        1.3227101739075504,
        1.3025064977144611,
        1.2877284038515355,
        1.2685767836814943,
        1.2513836790509016,
        1.2428442913255817,
        1.2268637545204566,
        1.2119019890663922,
        1.1954658880349878,
        1.1888924254349034,
        1.1717996191363462,
        1.1596525541276907,
        1.1521926994463785,
        1.1403472189828316,
        1.1334395816168101,
        1.1241542500988122,
        1.1166752807654474,
        1.1114129975844111,
        1.0956668817844954,
        1.0933683454511802,
        1.0827148666819901,
        1.080236548984132,
        1.0683185387456426,
        1.0675578226694595,
        1.0593478709169863,
        1.0512983928695403,
        1.0438952858458128,
        1.0432260681237575,
        1.0391247951484168,
        1.0257120799339574,
        1.0267788087610359,
        1.018893610748703,
        1.0117144002174108,
        1.012353711995362,
        1.0097724171525195,
        0.9942140860968515,
        0.9968172949654368,
        0.9898333030448612,
        0.9831892904779503,
        0.9891549111059054,
        0.9809016994576727,
        0.9728666139733785,
        0.9757935673703838,
        0.9614100660803506,
        0.9560575753725923,
        0.9685317202090217,
        0.9552401083506296,
        0.956280893494776,
        0.9485375599439193,
        0.9484530176726299,
        0.9479207451318579,
        0.9377311230406966,
        0.9409291670702495,
        0.9382435883996465,
        0.9327364735244509,
        0.9367200115505768,
        0.9216785813615116,
        0.920296951987807,
        0.9228381304495441,
        0.9234609533943218,
        0.9132569282994856,
        0.9192326784845914,
        0.9050817805421575,
        0.9197371426062348,
        0.9054232098330985,
        0.9134077926080296,
        0.8987924584196647,
        0.9027409363939525,
        0.8970602792193816,
        0.8978299895292975
    ],
    "val_losses": [
        2.0076891740353107,
        1.790322372616948,
        1.6872549594433337,
        1.621258694487295,
        1.566538751232538,
        1.5197465934363206,
        1.4776995015432286,
        1.444530103687596,
        1.419140485473883,
        1.3971716115710862,
        1.3752560386684465,
        1.3623472678265118,
        1.3460461467540024,
        1.3348650341701969,
        1.3151156633203818,
        1.3046448624798854,
        1.2915249818986694,
        1.2852008522137321,
        1.2774333842009165,
        1.2723292342757782,
        1.2716135349687931,
        1.258487470180588,
        1.2548150688677029,
        1.2519638053888662,
        1.2466591964371856,
        1.2371573625486334,
        1.2400602923501198,
        1.2410590197976483,
        1.2347953589540785,
        1.229509531212491,
        1.2301611645499817,
        1.2282152844521665,
        1.225899331243509,
        1.219529910474501,
        1.224905769752522,
        1.227531367149131,
        1.219379142487004,
        1.2202243527934742,
        1.2210559526094646,
        1.2193211843302054,
        1.217694498319336,
        1.2216438136320054,
        1.2221427118886332,
        1.2203298159880211,
        1.222280287063724,
        1.218275355218762,
        1.2199807989329623,
        1.2221155066828928,
        1.2180641475314373,
        1.2187627018278415,
        1.2207948542872928,
        1.2179957372806502,
        1.217503679679647,
        1.2193924247673302,
        1.2203858130178942,
        1.222356949648911,
        1.2191077875957572,
        1.2207623011261335,
        1.2226739753932365,
        1.2232735450523655,
        1.2279005536256704,
        1.2250439528387318,
        1.222816432076777,
        1.2231291163802613,
        1.2234478947521628,
        1.2252795127903005,
        1.2208516351063055,
        1.2249440217610357,
        1.2233300341764446,
        1.2250216864081065,
        1.226831114815862,
        1.2258139609137249,
        1.2294486446274544,
        1.2226600411883042,
        1.224104673013921,
        1.2277591767975085,
        1.2286068976178819,
        1.2275554356436433,
        1.2285842996841283,
        1.2265149927721144,
        1.232266412159194,
        1.2329908015989879,
        1.2319872418606383,
        1.2322340334924426
    ],
    "val_accs": [
        0.3057,
        0.3752,
        0.4138,
        0.4393,
        0.4539,
        0.465,
        0.4817,
        0.4927,
        0.4984,
        0.5098,
        0.5167,
        0.5206,
        0.5249,
        0.5251,
        0.5376,
        0.5384,
        0.5445,
        0.545,
        0.5511,
        0.5522,
        0.547,
        0.5521,
        0.5522,
        0.5514,
        0.5592,
        0.5579,
        0.5552,
        0.5557,
        0.5553,
        0.5597,
        0.5594,
        0.5588,
        0.5581,
        0.5652,
        0.5592,
        0.559,
        0.5623,
        0.5642,
        0.5674,
        0.5662,
        0.5674,
        0.5647,
        0.5662,
        0.5675,
        0.5647,
        0.5659,
        0.5673,
        0.5637,
        0.5697,
        0.5668,
        0.5684,
        0.5683,
        0.5689,
        0.5715,
        0.5705,
        0.5693,
        0.572,
        0.5706,
        0.5709,
        0.5685,
        0.5694,
        0.5699,
        0.5707,
        0.5675,
        0.5724,
        0.5707,
        0.5692,
        0.5736,
        0.5726,
        0.5692,
        0.571,
        0.5702,
        0.5677,
        0.5764,
        0.5756,
        0.5734,
        0.5731,
        0.575,
        0.5732,
        0.5746,
        0.5737,
        0.5693,
        0.5704,
        0.5697
    ],
    "hyperparameters": {
        "batch_size": 64,
        "learning_rate": 0.0005,
        "momentum": 0.9,
        "weight_decay": 0.0001,
        "optimizer": "adam",
        "early_stopping": true,
        "patience": 10
    },
    "runtime_info": {
        "total_training_time": 421.3646948337555,
        "avg_epoch_time": 5.016246367068518,
        "timestamp": "2025-04-13 11:08:46"
    }
}