{
    "model_name": "Adam_GELU_standard",
    "features": [
        "GELU",
        "Adam"
    ],
    "accuracy": 0.5528,
    "precision": 0.556473393682893,
    "recall": 0.5528,
    "f1_score": 0.5501670922095488,
    "loss": 1.2451483917175494,
    "inference_time": 0.1437702178955078,
    "timestamp": "2025-04-12 20:22:50"
}