{
    "model_name": "Adam_GELU_standard",
    "features": [
        "GELU",
        "Adam"
    ],
    "epochs": 56,
    "best_epoch": 46,
    "best_val_acc": 0.565,
    "training_time": 139.1389319896698,
    "train_losses": [
        2.4970872467359726,
        2.046395548788262,
        1.8877691610652112,
        1.8014706732179742,
        1.7386618825298292,
        1.682771049301539,
        1.6393115314306708,
        1.5947914003222832,
        1.5668257989303949,
        1.535659523675415,
        1.5041966027049587,
        1.4778303584516874,
        1.4599128895846154,
        1.443830217544741,
        1.4248377033866555,
        1.4025559924415254,
        1.394576983700268,
        1.374865057233827,
        1.3661985677382567,
        1.3523790397806676,
        1.3386299533703672,
        1.3282955849103208,
        1.3186210739549884,
        1.313114785622943,
        1.3061564259463554,
        1.2994750298064088,
        1.2927569165985944,
        1.2869868983056474,
        1.2756946453970686,
        1.2728435482812386,
        1.2680261970135918,
        1.2634295012467553,
        1.2534997522756952,
        1.2464373373454083,
        1.2507376541501516,
        1.2458924907716182,
        1.235508292179282,
        1.2319082474426588,
        1.2258946490081524,
        1.2297975675756085,
        1.2263373052106068,
        1.2253559283777675,
        1.2246069258011287,
        1.2197919763410765,
        1.211772314568327,
        1.2110931627226793,
        1.210948515161975,
        1.2074416900832434,
        1.2004623621805002,
        1.2051039208835526,
        1.2015455214325796,
        1.1916261792206722,
        1.1927417189234581,
        1.1907303427121596,
        1.1919991296312265,
        1.1919783973546763
    ],
    "val_losses": [
        2.1101795182148133,
        1.8407577499850043,
        1.7308373731235418,
        1.6658643714446033,
        1.6088023512014185,
        1.5634089808608096,
        1.5218509326248448,
        1.479685736485593,
        1.4577285292699613,
        1.4325527909502547,
        1.4102604950555941,
        1.3966937942921416,
        1.3804953188129088,
        1.3614748257670246,
        1.3503564394824639,
        1.3394040672738892,
        1.3257562068575004,
        1.317323654310821,
        1.3078846924704808,
        1.3032248701905476,
        1.2967644419659878,
        1.2939220085850323,
        1.2853679651078769,
        1.2801869869913716,
        1.2761347162775325,
        1.273076182711253,
        1.272215715863719,
        1.268726932301623,
        1.2640995075982435,
        1.2635120557298702,
        1.2669322803959042,
        1.2615732554124353,
        1.2573412333018312,
        1.2541194111019716,
        1.2562169468810724,
        1.2554543513555139,
        1.2541406853134272,
        1.2479068269774563,
        1.2472899940934075,
        1.2509651890227598,
        1.25043278540083,
        1.2557254957926678,
        1.247188385712144,
        1.2449005446822212,
        1.2435344253991831,
        1.2458000050870415,
        1.245886649540567,
        1.2431927872376618,
        1.246643988785723,
        1.242280527029915,
        1.247601793938762,
        1.2470306740707486,
        1.2471803891133058,
        1.245194259699529,
        1.2475277854237352,
        1.2491173819483732
    ],
    "val_accs": [
        0.2433,
        0.3581,
        0.3936,
        0.4164,
        0.4353,
        0.452,
        0.4646,
        0.4737,
        0.4801,
        0.4882,
        0.4967,
        0.5007,
        0.5093,
        0.5157,
        0.5216,
        0.5255,
        0.5284,
        0.531,
        0.5333,
        0.5354,
        0.5425,
        0.5418,
        0.5457,
        0.5479,
        0.551,
        0.549,
        0.5527,
        0.554,
        0.5543,
        0.5531,
        0.5553,
        0.5491,
        0.5587,
        0.556,
        0.5561,
        0.5593,
        0.5605,
        0.5598,
        0.5587,
        0.5582,
        0.5605,
        0.5589,
        0.5605,
        0.561,
        0.5634,
        0.565,
        0.5611,
        0.5639,
        0.5628,
        0.5649,
        0.563,
        0.5622,
        0.5628,
        0.5638,
        0.5624,
        0.5644
    ],
    "hyperparameters": {
        "batch_size": 128,
        "learning_rate": 0.001,
        "momentum": 0.9,
        "weight_decay": 1e-05,
        "optimizer": "adam",
        "early_stopping": true,
        "patience": 10
    },
    "runtime_info": {
        "total_training_time": 139.1389319896698,
        "avg_epoch_time": 2.4846237855298177,
        "timestamp": "2025-04-12 20:22:50"
    }
}