{
    "model_name": "Adam_GELU_standard",
    "features": [
        "GELU",
        "Adam"
    ],
    "epochs": 81,
    "best_epoch": 71,
    "best_val_acc": 0.5275,
    "training_time": 210.44164514541626,
    "train_losses": [
        3.113628883656562,
        2.326022868386306,
        2.2678775980574395,
        2.1864895518043816,
        2.097923593224356,
        2.0351316789158296,
        1.99215508814963,
        1.940675166657095,
        1.8994851521371006,
        1.8620450569152276,
        1.8360913464866881,
        1.8097449680860471,
        1.7835322186847125,
        1.7633015453243484,
        1.7428991297299368,
        1.7182890349953983,
        1.7015004045326894,
        1.6834137890778684,
        1.6726992866556927,
        1.658509523883599,
        1.6394975890216537,
        1.637125327259643,
        1.6257643657924512,
        1.6016783908574654,
        1.6007384499111825,
        1.5947981288166664,
        1.5808935580847452,
        1.5837292956837548,
        1.5595500272338862,
        1.56239248248487,
        1.5533387767478004,
        1.5527591144312467,
        1.5468506374849642,
        1.5402946719782942,
        1.5295285292084573,
        1.5290260484671674,
        1.5262851439030853,
        1.525622278196705,
        1.5150552434227504,
        1.5141629668113439,
        1.5139772501868154,
        1.5015262781045546,
        1.5020109450617336,
        1.5010365702189827,
        1.4988445563393886,
        1.4997017912843353,
        1.4942571525159896,
        1.4933801042566313,
        1.488135185582823,
        1.4829931556421143,
        1.4818302238668866,
        1.485930178957634,
        1.4904045247417257,
        1.4765421122819864,
        1.4756010692420702,
        1.476752583038478,
        1.4745844616015473,
        1.4700744301766255,
        1.4664489989005023,
        1.4739690671540864,
        1.4694816554934593,
        1.4622758362191575,
        1.4694948580121274,
        1.4621120490144108,
        1.4632888301510838,
        1.4633507201820821,
        1.4605414343421068,
        1.4641021740442595,
        1.4561837491699892,
        1.4644985598925468,
        1.4651629654738028,
        1.463847221550076,
        1.4543207761735604,
        1.4577782602963774,
        1.461599961627411,
        1.4520757299282443,
        1.45266554219024,
        1.4508435982449852,
        1.4562113649852928,
        1.4479533697176863,
        1.4531572311202172
    ],
    "val_losses": [
        2.3041778667932036,
        2.2769068661496252,
        2.2083308135584154,
        2.069527086614071,
        1.9635732516231919,
        1.909538631969945,
        1.8488906994279979,
        1.805628176044028,
        1.7496641367561205,
        1.7167264103850401,
        1.6916472584665687,
        1.6608086430493685,
        1.6355488589165477,
        1.6099846660883956,
        1.594550844868899,
        1.570924710832863,
        1.5506261435638995,
        1.5357916326812138,
        1.5297340336395526,
        1.5142731432050158,
        1.5019018402299151,
        1.4922454891351478,
        1.4787862345095755,
        1.4706205353607436,
        1.4621760794710403,
        1.452805603830933,
        1.4477171894296095,
        1.4400970975740939,
        1.423753457402725,
        1.4252904217693683,
        1.4184428210498616,
        1.416415523228046,
        1.4093089743998688,
        1.4069110759697374,
        1.402863104221296,
        1.3950372920176297,
        1.3909288924864394,
        1.3908126828840077,
        1.389006369240148,
        1.384243285695216,
        1.381041293555341,
        1.380651340831028,
        1.3749644745149716,
        1.3764591587965371,
        1.3748066528351306,
        1.3716606249191288,
        1.3715408861697889,
        1.3719836743785319,
        1.3718067212175322,
        1.3674669284396663,
        1.3621656142211538,
        1.360888484025308,
        1.3698472528567915,
        1.3622951336303422,
        1.3612275352595804,
        1.3620335141958826,
        1.3615289742303838,
        1.357882878166204,
        1.3572576865721444,
        1.356024672101998,
        1.3581361748777172,
        1.350012721619673,
        1.3533017791742241,
        1.3501149609304914,
        1.3490496712181896,
        1.3455090816367745,
        1.3486276817590037,
        1.3503333167995792,
        1.347805302201126,
        1.351750418380438,
        1.3479413718624533,
        1.3482107242640127,
        1.3482959266451726,
        1.3487659835875103,
        1.3464937204897016,
        1.3471331426602278,
        1.344532422545304,
        1.3424555481538916,
        1.344493715944751,
        1.3431115175623127,
        1.345709689200237
    ],
    "val_accs": [
        0.0918,
        0.1232,
        0.1843,
        0.2372,
        0.2733,
        0.3051,
        0.3307,
        0.3641,
        0.3819,
        0.3965,
        0.4045,
        0.4216,
        0.4231,
        0.425,
        0.4348,
        0.4427,
        0.4532,
        0.4558,
        0.4587,
        0.4636,
        0.4672,
        0.468,
        0.4711,
        0.4776,
        0.4742,
        0.4833,
        0.484,
        0.4881,
        0.4912,
        0.4932,
        0.4957,
        0.4941,
        0.498,
        0.4991,
        0.4999,
        0.5048,
        0.4992,
        0.5059,
        0.5067,
        0.5043,
        0.5072,
        0.506,
        0.5128,
        0.5113,
        0.5137,
        0.513,
        0.5112,
        0.5155,
        0.5154,
        0.5099,
        0.5164,
        0.5174,
        0.5182,
        0.5201,
        0.5213,
        0.5186,
        0.523,
        0.5203,
        0.5228,
        0.5221,
        0.5228,
        0.5253,
        0.5212,
        0.5254,
        0.5225,
        0.5242,
        0.5229,
        0.5243,
        0.5241,
        0.5244,
        0.5275,
        0.5197,
        0.5235,
        0.5199,
        0.5259,
        0.525,
        0.523,
        0.526,
        0.5236,
        0.5235,
        0.5223
    ],
    "hyperparameters": {
        "batch_size": 128,
        "learning_rate": 0.001,
        "momentum": 0.9,
        "weight_decay": 0.0001,
        "optimizer": "adam",
        "early_stopping": true,
        "patience": 10
    },
    "runtime_info": {
        "total_training_time": 210.44164514541626,
        "avg_epoch_time": 2.5980450017952625,
        "timestamp": "2025-04-12 20:34:49"
    }
}