{
    "model_name": "Adam_GELU_standard",
    "features": [
        "GELU",
        "Adam"
    ],
    "accuracy": 0.5156,
    "precision": 0.5222969102444729,
    "recall": 0.5156,
    "f1_score": 0.510577816068587,
    "loss": 1.3402448068581514,
    "inference_time": 0.1564629077911377,
    "timestamp": "2025-04-12 20:34:50"
}