{
    "model_name": "Adam_GELU_standard",
    "features": [
        "GELU",
        "Adam"
    ],
    "epochs": 54,
    "best_epoch": 44,
    "best_val_acc": 0.5359,
    "training_time": 148.5160892009735,
    "train_losses": [
        2.59299985301631,
        2.3031967099928563,
        2.26670510414277,
        2.1828864894956856,
        2.063698904626136,
        1.9783566742162002,
        1.9134316698748597,
        1.8663878790012303,
        1.8194310486630323,
        1.7880094635596462,
        1.7484221176171946,
        1.7107513393795606,
        1.6877900450682468,
        1.6592388509026552,
        1.6357600833223442,
        1.6099198124610403,
        1.5928209266428515,
        1.5732224894372957,
        1.5558888992231452,
        1.53585731826345,
        1.5185013696034644,
        1.5117659981141,
        1.4958714238945658,
        1.4846363330910137,
        1.465515904937544,
        1.457714441937295,
        1.451245907016574,
        1.446543030884713,
        1.4355600912125719,
        1.4233555328108851,
        1.4145198784049056,
        1.4100665173412765,
        1.399088279382297,
        1.3974115139813743,
        1.3818061962570873,
        1.3813943910357371,
        1.3760919273284125,
        1.3722175967693526,
        1.3635743390396007,
        1.3574654689240329,
        1.3566730503627464,
        1.3528294276140427,
        1.3449401959469118,
        1.34508417702042,
        1.3353909606176513,
        1.3310752532387735,
        1.3265103168236323,
        1.3231884408646952,
        1.3176978839830529,
        1.3158114094673292,
        1.311535012592013,
        1.3142988792535346,
        1.3062597804792841,
        1.298402460117748
    ],
    "val_losses": [
        2.3029165521576056,
        2.2659358812095642,
        2.197867427456628,
        2.0170428292861367,
        1.8810414593960627,
        1.8077758108211104,
        1.7509673116073954,
        1.715584213621119,
        1.675988857915262,
        1.649845362162914,
        1.6094905962611938,
        1.5892788439839165,
        1.5567316388834036,
        1.5287525320973636,
        1.510886670063986,
        1.4994877035581056,
        1.479013369708658,
        1.4637025983195626,
        1.450080905845897,
        1.4389635589008138,
        1.4277326297088235,
        1.4142913150618461,
        1.408115695546458,
        1.3992925435298966,
        1.3902086833498222,
        1.3827262170096823,
        1.3789568305007087,
        1.3704552742115552,
        1.3683333301243423,
        1.363347816386391,
        1.3551550735759894,
        1.3523679105504554,
        1.3409686370863518,
        1.3471999927402785,
        1.3422891172215796,
        1.3447575761105344,
        1.3362738520891297,
        1.336832881779524,
        1.3235494147510365,
        1.3286045680998726,
        1.327872657312965,
        1.3244061058595515,
        1.3274741636504506,
        1.31909019853985,
        1.3180064750370817,
        1.3190956068537738,
        1.3155967114991063,
        1.313509066559768,
        1.31457868950048,
        1.3153260662553479,
        1.3144113610137944,
        1.3133681956490426,
        1.3128182185841892,
        1.3149717033820145
    ],
    "val_accs": [
        0.0977,
        0.1451,
        0.1895,
        0.258,
        0.299,
        0.3299,
        0.3412,
        0.3551,
        0.3713,
        0.3844,
        0.3951,
        0.411,
        0.4243,
        0.4381,
        0.4455,
        0.4545,
        0.4638,
        0.4712,
        0.4768,
        0.4813,
        0.4833,
        0.4896,
        0.4955,
        0.5002,
        0.5029,
        0.5104,
        0.5049,
        0.5136,
        0.5156,
        0.5174,
        0.5178,
        0.5195,
        0.5253,
        0.5229,
        0.5257,
        0.5222,
        0.5282,
        0.5289,
        0.5335,
        0.5267,
        0.5323,
        0.5297,
        0.5309,
        0.5359,
        0.5327,
        0.5317,
        0.5298,
        0.535,
        0.5325,
        0.5352,
        0.5324,
        0.5329,
        0.534,
        0.5347
    ],
    "hyperparameters": {
        "batch_size": 128,
        "learning_rate": 0.001,
        "momentum": 0.9,
        "weight_decay": 0.0001,
        "optimizer": "adam",
        "early_stopping": true,
        "patience": 10
    },
    "runtime_info": {
        "total_training_time": 148.5160892009735,
        "avg_epoch_time": 2.750297948166176,
        "timestamp": "2025-04-12 20:46:12"
    }
}