{
    "model_name": "Adam_GELU_standard",
    "features": [
        "GELU",
        "Adam"
    ],
    "accuracy": 0.5261,
    "precision": 0.5333335016086113,
    "recall": 0.5261,
    "f1_score": 0.5237084353477715,
    "loss": 1.3090090704807107,
    "inference_time": 0.16119003295898438,
    "timestamp": "2025-04-12 20:46:12"
}