{
    "model_name": "Adam_GELU_standard",
    "features": [
        "GELU",
        "Adam"
    ],
    "epochs": 99,
    "best_epoch": 89,
    "best_val_acc": 0.5764,
    "training_time": 550.8280329704285,
    "train_losses": [
        2.9005694879938386,
        2.302583621596065,
        2.1668736094514354,
        2.0569940886520777,
        1.9675467879859019,
        1.9033229463552157,
        1.8511194894956604,
        1.813829064936343,
        1.7722849384779882,
        1.748472093073116,
        1.7164672258781963,
        1.6937555094961978,
        1.667838428405622,
        1.6488201362958645,
        1.625726748976891,
        1.6033273249861404,
        1.5856621565736269,
        1.5673952783375042,
        1.552238408986694,
        1.5340125252426529,
        1.519030392334787,
        1.5003130149984762,
        1.492641210239979,
        1.476537571276283,
        1.4636472559021556,
        1.4585689521459835,
        1.44055822378737,
        1.4253963461885275,
        1.4119266155377121,
        1.40196423032354,
        1.3932245899528946,
        1.378688749688935,
        1.3738745766435445,
        1.360125305330172,
        1.3546036023272559,
        1.340318574810284,
        1.3343400423285785,
        1.3267836003813587,
        1.3121609006788024,
        1.3068356638069094,
        1.2935056097257038,
        1.2896505756617838,
        1.2824971671430416,
        1.272097956993923,
        1.2576438478736869,
        1.2561838564170966,
        1.2482224719628505,
        1.2410241673866886,
        1.2330256598980598,
        1.2252387163131986,
        1.217032341604214,
        1.218336351045598,
        1.2121402658437463,
        1.202784672213808,
        1.2036194015120796,
        1.1921693962811344,
        1.188724742500301,
        1.1828362979467317,
        1.1766465610846613,
        1.1661450456079354,
        1.1606289499750628,
        1.1553933803567475,
        1.1503330895453754,
        1.143414851188449,
        1.14091129569122,
        1.1377242922809232,
        1.1264956583445354,
        1.1257664148879465,
        1.1172737207169152,
        1.115381181207745,
        1.1084485812395812,
        1.1091252695765739,
        1.1030016411615011,
        1.1001771128837965,
        1.096406579110842,
        1.0951711154339479,
        1.0827330364014462,
        1.0824552728587067,
        1.0760321173997158,
        1.0712016733386693,
        1.0714017641848326,
        1.0609577517704025,
        1.0592650369154484,
        1.060875254760128,
        1.0533566076421201,
        1.048630355900914,
        1.0480150932902905,
        1.0468398293173304,
        1.03928985502273,
        1.0356404449268233,
        1.0320105123589634,
        1.0316033402808802,
        1.0314768061030648,
        1.0232047395132329,
        1.0159469091238515,
        1.0189694812201269,
        1.0157873957289139,
        1.0198240230553008,
        1.0075768702957242
    ],
    "val_losses": [
        2.2469946417459825,
        2.1949440036457735,
        2.04540394742636,
        1.9223707748314032,
        1.8407701245827204,
        1.7862299281457468,
        1.7479326535789006,
        1.7179862962167194,
        1.6852264150973966,
        1.662049647561763,
        1.6422551941609762,
        1.6078428458310896,
        1.5949039405943846,
        1.5737950557493747,
        1.558945403859594,
        1.535365500698701,
        1.520090624823462,
        1.5123645842630304,
        1.495756194532487,
        1.4847444427790129,
        1.466987784326308,
        1.4557529202410668,
        1.4430939042906663,
        1.436028388969938,
        1.4280240172961838,
        1.4126847037694314,
        1.400412472694293,
        1.395029680855474,
        1.3885604908804423,
        1.3809809786887353,
        1.3756150351362866,
        1.364083676370189,
        1.3636172302003178,
        1.3511280373165233,
        1.346561602051315,
        1.3405069281935984,
        1.3343483814752206,
        1.3313011512940767,
        1.3235547784245547,
        1.3197937675210305,
        1.3142763363472463,
        1.3068158188551453,
        1.3073104755988558,
        1.3005768115853185,
        1.2957563483808636,
        1.288850447987858,
        1.2875824345485243,
        1.2816367554102766,
        1.2784411135404983,
        1.2766382581183957,
        1.2708731832205329,
        1.2684699400363362,
        1.264264754000082,
        1.2581191842270185,
        1.2603488345824791,
        1.254516238688831,
        1.2543254495139005,
        1.252369482345528,
        1.2490870194224521,
        1.2444828575781457,
        1.2449207155121984,
        1.2431687327055958,
        1.241069055249967,
        1.2377747851701868,
        1.2358328076708094,
        1.2303140858223944,
        1.2296658773861644,
        1.2290969184662786,
        1.2274196687110575,
        1.2237330707528233,
        1.225147878520892,
        1.2229473883309692,
        1.2224586694898538,
        1.2216605246067822,
        1.2190961985702904,
        1.2186752753287864,
        1.2151913595082922,
        1.2149189058297132,
        1.214761506255045,
        1.2144403029549533,
        1.215006755801238,
        1.2156334954659616,
        1.212868676073378,
        1.2097169338691274,
        1.209660870941031,
        1.2095531355240796,
        1.2066802719071847,
        1.2072473868088505,
        1.2047685240480979,
        1.2041364458053754,
        1.2045953630016257,
        1.2020035809580263,
        1.2000945238303837,
        1.2005616561599235,
        1.2022148565254462,
        1.2025199576335674,
        1.1989288419420654,
        1.1993433988683007,
        1.2015904337769636
    ],
    "val_accs": [
        0.1715,
        0.2107,
        0.2872,
        0.3318,
        0.3606,
        0.3758,
        0.3901,
        0.4013,
        0.4118,
        0.4242,
        0.4245,
        0.4401,
        0.4425,
        0.4547,
        0.4601,
        0.4693,
        0.4675,
        0.4762,
        0.4793,
        0.4829,
        0.4869,
        0.4924,
        0.4931,
        0.4974,
        0.5016,
        0.5076,
        0.5114,
        0.513,
        0.5155,
        0.5162,
        0.5149,
        0.5221,
        0.521,
        0.5264,
        0.5245,
        0.5303,
        0.5312,
        0.5343,
        0.5329,
        0.5343,
        0.5366,
        0.5398,
        0.5389,
        0.5414,
        0.5422,
        0.5466,
        0.546,
        0.5464,
        0.549,
        0.5504,
        0.5517,
        0.5538,
        0.554,
        0.5517,
        0.5524,
        0.5557,
        0.5557,
        0.5572,
        0.5573,
        0.5589,
        0.5573,
        0.56,
        0.5594,
        0.5609,
        0.5589,
        0.5621,
        0.5623,
        0.564,
        0.5632,
        0.5652,
        0.5635,
        0.5672,
        0.5648,
        0.5642,
        0.5661,
        0.5654,
        0.5684,
        0.5688,
        0.5689,
        0.5675,
        0.5679,
        0.5665,
        0.5692,
        0.5705,
        0.5702,
        0.5695,
        0.5721,
        0.5729,
        0.5764,
        0.5753,
        0.5707,
        0.5754,
        0.576,
        0.5739,
        0.5729,
        0.5725,
        0.573,
        0.5724,
        0.5717
    ],
    "hyperparameters": {
        "batch_size": 512,
        "learning_rate": 0.0005,
        "momentum": 0.9,
        "weight_decay": 0.0001,
        "optimizer": "adam",
        "early_stopping": true,
        "patience": 10
    },
    "runtime_info": {
        "total_training_time": 550.8280329704285,
        "avg_epoch_time": 5.563919524953823,
        "timestamp": "2025-04-16 12:17:11"
    }
}