{
    "model_name": "Adam_GELU_standard",
    "features": [
        "GELU",
        "Adam"
    ],
    "accuracy": 0.5697,
    "precision": 0.5738334611063172,
    "recall": 0.5697,
    "f1_score": 0.5686830312908635,
    "loss": 1.2085756243804051,
    "inference_time": 0.38533473014831543,
    "timestamp": "2025-04-16 12:17:11"
}