{
    "model_name": "Adam_GELU_standard",
    "features": [
        "GELU",
        "Adam"
    ],
    "epochs": 100,
    "best_epoch": 92,
    "best_val_acc": 0.5815,
    "training_time": 705.7945010662079,
    "train_losses": [
        2.7238645087738713,
        2.18500373286248,
        2.0267543548808136,
        1.9192442170628368,
        1.8447391481111672,
        1.7880610536085575,
        1.745946281881891,
        1.7064714307122393,
        1.6661838838801837,
        1.6433017863745127,
        1.6076584809390728,
        1.5805817282438612,
        1.5613399422253325,
        1.5323605809698155,
        1.5092804883348934,
        1.4941433131997424,
        1.4691116983691928,
        1.4475694797674814,
        1.4324380114645818,
        1.414899202423572,
        1.4009823128820038,
        1.3846636681949422,
        1.3700781627721172,
        1.3568821021923292,
        1.3430481288551341,
        1.3258895618664448,
        1.3165335815050876,
        1.3023879702444423,
        1.2872706782782994,
        1.2802590791747495,
        1.2760754039305846,
        1.2652136081414516,
        1.2472670871728884,
        1.2396520339591008,
        1.225091203074205,
        1.2214486952654415,
        1.210152237070382,
        1.203343581854395,
        1.199827652694783,
        1.1869108235077552,
        1.1768018672564462,
        1.1758361150211198,
        1.1600312222056162,
        1.1561191074708783,
        1.1470927945518272,
        1.1435999238353582,
        1.1380729978880864,
        1.132658298613394,
        1.1242700378318,
        1.1221565379595941,
        1.1099782471114086,
        1.1062412868906784,
        1.0946071807986817,
        1.0971845456825966,
        1.0892176815587373,
        1.0775066395468644,
        1.0765292901844148,
        1.0713297153487313,
        1.0718683133861107,
        1.067673338966141,
        1.0544867656480184,
        1.0510704293774233,
        1.0489116726113052,
        1.0432339665622288,
        1.0460595659794554,
        1.0383528663387644,
        1.0308890011911014,
        1.0236260724893647,
        1.0247237362200081,
        1.020559847351578,
        1.0168866719311833,
        1.0135902078315782,
        1.0096250513957317,
        1.002174118311959,
        1.0055366781321862,
        1.0007385524478645,
        0.9909651439356064,
        0.9921864032903228,
        0.9883779501263521,
        0.9813004501385963,
        0.9855254569632274,
        0.9749305495865539,
        0.9789803672955889,
        0.9703199520161683,
        0.9712710929305912,
        0.9710360860937417,
        0.9611194354220278,
        0.9620925660980112,
        0.9626132936736544,
        0.954882673853056,
        0.955995401830527,
        0.9479611028840679,
        0.9434418500769519,
        0.9452553615441729,
        0.9412385483757265,
        0.9406462530141497,
        0.9338443701967343,
        0.9362191216554976,
        0.934081715213339,
        0.9341659639825609
    ],
    "val_losses": [
        2.20737133936779,
        2.0235911401825066,
        1.8760618240520943,
        1.787793195752654,
        1.7268455426602871,
        1.680629231466589,
        1.6479178122679943,
        1.616789077739241,
        1.584118455892277,
        1.5580698994276143,
        1.5392331038874698,
        1.5152971812116651,
        1.4979311185615205,
        1.4741310249691706,
        1.460405159233885,
        1.436543768315322,
        1.4236325925144235,
        1.4080715525167204,
        1.4026593122003066,
        1.3837196396239648,
        1.3719735891858857,
        1.362508449952209,
        1.355505573923266,
        1.343805865538283,
        1.3374645880257452,
        1.3305217696043792,
        1.3192837353117755,
        1.3083344773666274,
        1.309159154002599,
        1.3031243473905154,
        1.2993944888354365,
        1.2910248099381072,
        1.2837027543161734,
        1.2797319033393604,
        1.2771437105164023,
        1.2753679716374275,
        1.2678076407143044,
        1.2621808612733825,
        1.2596242653535092,
        1.257978060502689,
        1.2558444748480615,
        1.2522472542967293,
        1.2511214897644567,
        1.2469373190194546,
        1.24481390476332,
        1.2395225764368683,
        1.2396953927918093,
        1.23618068724572,
        1.2348594285344712,
        1.2325178627803328,
        1.2336606334213462,
        1.2293767542672283,
        1.226341074547127,
        1.2266713653959695,
        1.2224181505131895,
        1.2241690461099886,
        1.2224341696190033,
        1.2216325314382346,
        1.2199712052095053,
        1.2218675374035453,
        1.2159018144381997,
        1.2133213308696738,
        1.2150008615508678,
        1.2157427174414757,
        1.2138669646796285,
        1.2140297493638696,
        1.2110619421552373,
        1.2105161248874303,
        1.2112331031764212,
        1.2087765924369047,
        1.2062301043155594,
        1.2107680319115592,
        1.2085508381150376,
        1.2096315062770047,
        1.2107864707366203,
        1.207638856100017,
        1.2094653832124052,
        1.2045315803110939,
        1.2040996843096563,
        1.2024750409274771,
        1.2039445524946988,
        1.2022253959483087,
        1.2039734721362991,
        1.2031999951078611,
        1.2045369735516456,
        1.2058705058033892,
        1.202155035108388,
        1.2029189843998562,
        1.2024391053926888,
        1.2024163531482128,
        1.199590305565179,
        1.201269854100275,
        1.203106573637289,
        1.2021888663621796,
        1.20062537577421,
        1.2044427875966235,
        1.2050985229669522,
        1.2047323618316208,
        1.206159865409986,
        1.2046674318931352
    ],
    "val_accs": [
        0.2136,
        0.3013,
        0.3505,
        0.3809,
        0.4024,
        0.4164,
        0.4297,
        0.4454,
        0.4516,
        0.4594,
        0.4685,
        0.474,
        0.4771,
        0.486,
        0.4902,
        0.4977,
        0.5025,
        0.5091,
        0.5079,
        0.516,
        0.522,
        0.5211,
        0.5262,
        0.5309,
        0.5318,
        0.5352,
        0.5378,
        0.5397,
        0.5412,
        0.5447,
        0.5492,
        0.546,
        0.5539,
        0.5532,
        0.5527,
        0.5524,
        0.5532,
        0.5556,
        0.5579,
        0.559,
        0.5574,
        0.5587,
        0.5601,
        0.5604,
        0.5658,
        0.5662,
        0.5623,
        0.5638,
        0.5624,
        0.5659,
        0.5686,
        0.5668,
        0.5698,
        0.5696,
        0.5706,
        0.5671,
        0.5698,
        0.5699,
        0.5705,
        0.5717,
        0.572,
        0.5719,
        0.573,
        0.57,
        0.5722,
        0.5702,
        0.5737,
        0.5753,
        0.5748,
        0.5753,
        0.5742,
        0.5736,
        0.5769,
        0.576,
        0.5733,
        0.573,
        0.5707,
        0.5771,
        0.5789,
        0.5763,
        0.5775,
        0.5768,
        0.5776,
        0.5758,
        0.5731,
        0.5769,
        0.5792,
        0.577,
        0.5787,
        0.5792,
        0.5799,
        0.5815,
        0.5803,
        0.5804,
        0.5807,
        0.5771,
        0.5786,
        0.58,
        0.581,
        0.5801
    ],
    "hyperparameters": {
        "batch_size": 256,
        "learning_rate": 0.0005,
        "momentum": 0.9,
        "weight_decay": 0.0001,
        "optimizer": "adam",
        "early_stopping": true,
        "patience": 10
    },
    "runtime_info": {
        "total_training_time": 705.7945010662079,
        "avg_epoch_time": 7.0579450106620785,
        "timestamp": "2025-04-16 10:16:25"
    }
}