{
    "model_name": "Adam_BatchNorm_GELU_standard",
    "features": [
        "GELU",
        "Adam",
        "BatchNorm"
    ],
    "epochs": 12,
    "best_epoch": 2,
    "best_val_acc": 0.1413,
    "training_time": 58.71155786514282,
    "train_losses": [
        2.134159493959713,
        1.8197025903045443,
        1.7542812640847598,
        1.7230104258736436,
        1.7894732604696253,
        2.035501822049119,
        2.271907916211315,
        2.258178214790488,
        2.264855996538567,
        2.2663942091124234,
        2.2620046091008046,
        2.268691883085575
    ],
    "val_losses": [
        2.2779520642656053,
        2.279392061081185,
        2.304516131385233,
        2.307809622709576,
        2.31208997738995,
        2.3165423904071614,
        2.318005371481125,
        2.317181438148278,
        2.3160910656831444,
        2.316351023862062,
        2.316759543888984,
        2.3160274247262786
    ],
    "val_accs": [
        0.1187,
        0.1413,
        0.1084,
        0.1045,
        0.1014,
        0.1022,
        0.1014,
        0.1014,
        0.1014,
        0.1014,
        0.1014,
        0.1014
    ],
    "hyperparameters": {
        "batch_size": 128,
        "learning_rate": 0.001,
        "momentum": 0.9,
        "weight_decay": 0.0001,
        "optimizer": "adam",
        "early_stopping": true,
        "patience": 10
    },
    "runtime_info": {
        "total_training_time": 58.71155786514282,
        "avg_epoch_time": 4.892629822095235,
        "timestamp": "2025-04-12 19:28:23"
    }
}