{
    "model_name": "Adam_GELU_standard",
    "features": [
        "GELU",
        "Adam"
    ],
    "epochs": 84,
    "best_epoch": 74,
    "best_val_acc": 0.581,
    "training_time": 393.3576650619507,
    "train_losses": [
        2.583312691687905,
        2.0865876647830026,
        1.9147231871471357,
        1.81964769618347,
        1.743314388589645,
        1.6942910740497803,
        1.645753068955102,
        1.6079043073136483,
        1.5695673454410632,
        1.5403144649429767,
        1.5071063552192343,
        1.4841437904610586,
        1.4554814511938046,
        1.4304454025611946,
        1.4075437625915108,
        1.3906331024525425,
        1.3594377107737765,
        1.355034409046151,
        1.3350009704984158,
        1.312368069019478,
        1.3039898437615334,
        1.288168874315952,
        1.2743396346686915,
        1.2602013530486642,
        1.2485533040377286,
        1.2399868499152331,
        1.2209480993741963,
        1.211746537079881,
        1.2009982605002152,
        1.1876867704689176,
        1.1781029738473485,
        1.1650241995102795,
        1.1611066936229342,
        1.153263791695838,
        1.1487369422147578,
        1.133955421926232,
        1.1253443164011168,
        1.129513688248136,
        1.1168040905104022,
        1.1087696357956336,
        1.1016261489969232,
        1.0904815855803478,
        1.083776296409675,
        1.0795270885626935,
        1.0751073724221636,
        1.0717864736579823,
        1.065929867619399,
        1.059962204338571,
        1.049916475000158,
        1.050786451332327,
        1.045364764042044,
        1.0345380879522026,
        1.0245686345904925,
        1.0259230649987603,
        1.018016970225619,
        1.0147120971394303,
        1.0130375911180365,
        1.0105582720647432,
        1.0020278407132415,
        1.0024152952037184,
        0.9904851385776833,
        0.9909708683501776,
        0.986922604624614,
        0.988300650789037,
        0.9834412562905608,
        0.9773748274892081,
        0.9747820579902593,
        0.9663895469889957,
        0.9648528227696087,
        0.9666760371778242,
        0.9663647680860206,
        0.9586139531791452,
        0.9530737387927568,
        0.9458217424080028,
        0.9457461773472563,
        0.9373539605085227,
        0.9391229438963437,
        0.9491720483481817,
        0.93167132156165,
        0.9338182327613519,
        0.9336432642986576,
        0.9301893271818286,
        0.9287340196071112,
        0.9290206180806925
    ],
    "val_losses": [
        2.1584672530895785,
        1.9048600878450384,
        1.7738240732393236,
        1.7229198358248432,
        1.653449859677328,
        1.6049624657008374,
        1.5712048194053572,
        1.5299764377747171,
        1.502644794800442,
        1.4770289990856913,
        1.4612382260745551,
        1.432704075695833,
        1.412383604355737,
        1.3980236106336352,
        1.3828778062437719,
        1.3672135344455871,
        1.3439938464148653,
        1.3295577251932613,
        1.3334629918872294,
        1.3138991787160486,
        1.3128034067623213,
        1.3071524987696492,
        1.2969680186328272,
        1.2911011571450606,
        1.2853031290962187,
        1.2767028997609406,
        1.2745197827366883,
        1.2635917029855133,
        1.259348291696832,
        1.251334820131898,
        1.2522118762731111,
        1.2441933764753275,
        1.251484225763824,
        1.2425248043370918,
        1.2398049934313706,
        1.2331249406413443,
        1.2377460876305986,
        1.2361391859977469,
        1.2304755575766915,
        1.2259307712838186,
        1.2236182303454228,
        1.2261233414206065,
        1.2208357066366349,
        1.2203950419947474,
        1.2212613322948713,
        1.2191723947647737,
        1.2204146657688146,
        1.2167332704653933,
        1.2138085972923292,
        1.2173439736598088,
        1.2222492715023734,
        1.2153912094355293,
        1.210966399894164,
        1.216553348921152,
        1.2183892293595224,
        1.2167551046429863,
        1.2116217192968732,
        1.2113614483323087,
        1.211722105374327,
        1.2101060837415516,
        1.2135918523096438,
        1.2138911004475326,
        1.2098020284229067,
        1.2110855047290754,
        1.2084453712724905,
        1.2112095908544391,
        1.2099197606727505,
        1.2102844439913063,
        1.2098880503432152,
        1.2126348721450169,
        1.2138108285989322,
        1.2155183213423677,
        1.2127944762889606,
        1.2135060007101828,
        1.2130875117501765,
        1.2122934402936085,
        1.215636645999403,
        1.2152470213754787,
        1.2161682204259159,
        1.2134160784763466,
        1.2131537436508912,
        1.2121417041490279,
        1.2129419916107733,
        1.2152120405646902
    ],
    "val_accs": [
        0.2377,
        0.331,
        0.3798,
        0.3983,
        0.4202,
        0.4338,
        0.4486,
        0.4635,
        0.47,
        0.4795,
        0.4858,
        0.4947,
        0.4989,
        0.5045,
        0.5124,
        0.5169,
        0.5254,
        0.5288,
        0.5299,
        0.5339,
        0.5348,
        0.5406,
        0.543,
        0.5442,
        0.5422,
        0.5467,
        0.5486,
        0.552,
        0.5559,
        0.5588,
        0.56,
        0.5647,
        0.5553,
        0.5592,
        0.5595,
        0.5639,
        0.5612,
        0.563,
        0.5647,
        0.567,
        0.5676,
        0.5668,
        0.5674,
        0.5714,
        0.5697,
        0.5665,
        0.5743,
        0.5746,
        0.5741,
        0.5747,
        0.5728,
        0.5726,
        0.577,
        0.5739,
        0.5752,
        0.5741,
        0.5787,
        0.5772,
        0.578,
        0.5781,
        0.5767,
        0.5732,
        0.5751,
        0.5742,
        0.5786,
        0.574,
        0.5796,
        0.5761,
        0.5786,
        0.578,
        0.5782,
        0.5775,
        0.5807,
        0.581,
        0.58,
        0.5753,
        0.5764,
        0.578,
        0.5794,
        0.5793,
        0.5808,
        0.5808,
        0.5801,
        0.5792
    ],
    "hyperparameters": {
        "batch_size": 128,
        "learning_rate": 0.0005,
        "momentum": 0.9,
        "weight_decay": 0.0001,
        "optimizer": "adam",
        "early_stopping": true,
        "patience": 10
    },
    "runtime_info": {
        "total_training_time": 393.3576650619507,
        "avg_epoch_time": 4.682829345975604,
        "timestamp": "2025-04-13 01:01:28"
    }
}