{
    "model_name": "Adam_GELU_standard",
    "features": [
        "GELU",
        "Adam"
    ],
    "epochs": 84,
    "best_epoch": 74,
    "best_val_acc": 0.5669,
    "training_time": 253.60210514068604,
    "train_losses": [
        2.7883084999700185,
        2.2663870927427285,
        2.1158207236441307,
        1.9952539386092258,
        1.9127692422489166,
        1.853340500234306,
        1.8012201067859908,
        1.7630385019221306,
        1.7235449710870918,
        1.6952717376394133,
        1.666019014203141,
        1.6346272630074772,
        1.612695419577656,
        1.5883615730173617,
        1.5684191074945628,
        1.5421529128332854,
        1.5254472208184289,
        1.509190485080819,
        1.4916693815879432,
        1.4803895448874949,
        1.465782001005112,
        1.4557632327214975,
        1.4379254215996626,
        1.4255331468451098,
        1.4137469425328475,
        1.3978338677802797,
        1.3988499143450006,
        1.3810318929118146,
        1.3733053522317484,
        1.36141007893757,
        1.3553712421964472,
        1.3477770599877965,
        1.3311210854955722,
        1.3303971536538668,
        1.320396418368345,
        1.3198990504033659,
        1.314669785934096,
        1.3026155563180173,
        1.296663090819363,
        1.293179728518709,
        1.2903714513234639,
        1.2853010137743366,
        1.2808580338544522,
        1.2815272722322602,
        1.2734645292750366,
        1.2681040527061775,
        1.265092699289289,
        1.2572368875173001,
        1.2519679134404855,
        1.2488426489465172,
        1.2505572961554254,
        1.2361630632535483,
        1.2349169028325055,
        1.2386475122879697,
        1.2275091835704817,
        1.2219018650225022,
        1.2283461802870976,
        1.2211675263999981,
        1.2179313665991636,
        1.2176215187676886,
        1.21745517246881,
        1.211295018176587,
        1.2052787443797977,
        1.208735175821512,
        1.2045849774399293,
        1.1972288797064856,
        1.2022722606634568,
        1.198166974017033,
        1.1945063771725593,
        1.198463519000928,
        1.1917432945549584,
        1.1855195406478876,
        1.1843991203886697,
        1.1885989056028878,
        1.1827725717883366,
        1.1811256397872214,
        1.177065108789506,
        1.1797637741292213,
        1.1728618808369928,
        1.175761644078057,
        1.17523248570534,
        1.1720614983194073,
        1.161622046642527,
        1.1670512270084625
    ],
    "val_losses": [
        2.2521741778956432,
        2.1480579648961364,
        1.9553004755411467,
        1.8498437052788543,
        1.779292410723575,
        1.7277630803032444,
        1.6923941554015183,
        1.654983887536524,
        1.6179231856429779,
        1.58938690253482,
        1.5639068029919785,
        1.5362383390277348,
        1.515559074239869,
        1.4938348788323743,
        1.4793358800105982,
        1.4590594204391434,
        1.4502250367702738,
        1.4335723573837216,
        1.4212975362777114,
        1.4075629614879215,
        1.3947510759776192,
        1.3867255495074056,
        1.378578216493027,
        1.3699412336892165,
        1.3579729767784874,
        1.347696165882729,
        1.3408955986982225,
        1.3338409542720084,
        1.3268615970844087,
        1.3210208757557176,
        1.31574552713745,
        1.311860394704698,
        1.3033702107727112,
        1.299840558001209,
        1.2980541679012831,
        1.2924769852395843,
        1.2932978691301986,
        1.2855251479307663,
        1.2836048205964796,
        1.277643125304013,
        1.2752394063378958,
        1.2722622650456068,
        1.269359782020111,
        1.2675893554985436,
        1.267790014724972,
        1.2599747825375769,
        1.2593722592536676,
        1.2573539901144621,
        1.257073564640041,
        1.2526195216241478,
        1.2504585578438752,
        1.248484161096592,
        1.2454190710759727,
        1.2457592010490814,
        1.2441445770426964,
        1.2428300503497987,
        1.2426775512291395,
        1.2422381490703136,
        1.240980114539581,
        1.240423222680535,
        1.240261029682828,
        1.237434440725182,
        1.2363874871646185,
        1.237489625852798,
        1.2344103462930562,
        1.2346683527542857,
        1.2324076495706482,
        1.2335007457357474,
        1.2319479718840205,
        1.2322800490235193,
        1.2300323652743317,
        1.229439461226242,
        1.2325331015553143,
        1.2278188034673692,
        1.2286203943219218,
        1.2268491477920116,
        1.2273684069894442,
        1.2282433842447782,
        1.2292615221287269,
        1.2299621354367034,
        1.22708849903827,
        1.227327414518744,
        1.2270725920209262,
        1.2252643952815616
    ],
    "val_accs": [
        0.171,
        0.2252,
        0.2988,
        0.3402,
        0.3654,
        0.3888,
        0.405,
        0.4169,
        0.4348,
        0.4416,
        0.4474,
        0.4538,
        0.4626,
        0.4739,
        0.4783,
        0.4815,
        0.4869,
        0.4929,
        0.4963,
        0.5008,
        0.5017,
        0.5088,
        0.5083,
        0.5142,
        0.5247,
        0.5242,
        0.5284,
        0.5251,
        0.5277,
        0.5313,
        0.5315,
        0.5348,
        0.5363,
        0.5389,
        0.5396,
        0.5401,
        0.5399,
        0.5415,
        0.5437,
        0.5472,
        0.5475,
        0.55,
        0.5508,
        0.552,
        0.5491,
        0.5515,
        0.5495,
        0.5524,
        0.5531,
        0.5539,
        0.556,
        0.557,
        0.554,
        0.5575,
        0.5562,
        0.5605,
        0.5573,
        0.5586,
        0.563,
        0.5592,
        0.5629,
        0.5629,
        0.5643,
        0.5637,
        0.5622,
        0.5629,
        0.561,
        0.5595,
        0.5646,
        0.5621,
        0.5629,
        0.5654,
        0.5639,
        0.5669,
        0.5643,
        0.5643,
        0.565,
        0.5628,
        0.5642,
        0.5634,
        0.5645,
        0.5651,
        0.5662,
        0.5664
    ],
    "hyperparameters": {
        "batch_size": 128,
        "learning_rate": 0.0005,
        "momentum": 0.9,
        "weight_decay": 0.0,
        "optimizer": "adam",
        "early_stopping": true,
        "patience": 10
    },
    "runtime_info": {
        "total_training_time": 253.60210514068604,
        "avg_epoch_time": 3.0190726802462624,
        "timestamp": "2025-04-13 14:12:07"
    }
}