{
    "model_name": "Adam_BatchNorm_GELU_standard",
    "features": [
        "GELU",
        "Adam",
        "BatchNorm"
    ],
    "accuracy": 0.4733,
    "precision": 0.4810260617620094,
    "recall": 0.4733,
    "f1_score": 0.468712472812083,
    "loss": 1.5232644382248073,
    "inference_time": 0.4912261962890625,
    "timestamp": "2025-04-13 12:54:17"
}