{
    "model_name": "Adam_GELU_standard",
    "features": [
        "GELU",
        "Adam"
    ],
    "epochs": 100,
    "best_epoch": 99,
    "best_val_acc": 0.5504,
    "training_time": 286.5917248725891,
    "train_losses": [
        2.871682122261725,
        2.343420362917421,
        2.303669385016034,
        2.2704570124012005,
        2.224351100260403,
        2.144197981961079,
        2.0787941285868046,
        2.0337346973899466,
        1.9939691222931635,
        1.9581711100794656,
        1.9275295616150598,
        1.90222675546065,
        1.8718982439921796,
        1.8501598691804826,
        1.8244497037402139,
        1.799154133549429,
        1.7728662662039294,
        1.7507407485006392,
        1.7276164006385633,
        1.7101304905215746,
        1.692070664373717,
        1.673280429729057,
        1.658249486351099,
        1.6390491722751042,
        1.6250644075438483,
        1.6106683811316787,
        1.594413338954382,
        1.584637692941202,
        1.5734411834540316,
        1.5608046285856156,
        1.55492710253299,
        1.5381521686495485,
        1.5254682516212361,
        1.5179217373035596,
        1.5085054355093799,
        1.4992967658184424,
        1.4832322972801129,
        1.4802971154359605,
        1.468144013890985,
        1.4670281442015751,
        1.449628106321739,
        1.4542855974580058,
        1.4388903537073565,
        1.4336845949728687,
        1.4217410161415618,
        1.4173100854675844,
        1.4131679479612316,
        1.4087985946116692,
        1.405804028017437,
        1.3969068057335645,
        1.3988124831313864,
        1.3878818100951116,
        1.3814621717585884,
        1.373184094954274,
        1.372619086619204,
        1.3586617593999204,
        1.3603764345169311,
        1.352898028895278,
        1.3527036404922927,
        1.3467153253318838,
        1.348082982269344,
        1.3420490848107542,
        1.3336898174079328,
        1.333048751652402,
        1.3281231316523905,
        1.3248583872775865,
        1.3229120963661247,
        1.3169900853721093,
        1.317646495104108,
        1.3149993743684008,
        1.3110931382386775,
        1.3065092830351885,
        1.3035271805243098,
        1.303807270217235,
        1.298175832002775,
        1.2938037808918548,
        1.2880007008265748,
        1.2937743971216358,
        1.2864764670674858,
        1.2810856044929548,
        1.2827906882453572,
        1.2841419558463743,
        1.2794547956962867,
        1.2747896894530262,
        1.2634118867876292,
        1.2734934595017255,
        1.2685118662934978,
        1.2695340323369388,
        1.2643228318407218,
        1.2644551872382646,
        1.2585291680818456,
        1.2596368558709157,
        1.2558212939815372,
        1.2565729387376152,
        1.2510284862974341,
        1.247415839336665,
        1.2467949247332735,
        1.2508806532207333,
        1.2402221331775178,
        1.2427748817320354
    ],
    "val_losses": [
        2.3049001874816195,
        2.3004603235074397,
        2.26581350230073,
        2.212189464174271,
        2.1099569498836424,
        2.0175878904007716,
        1.9516888181716037,
        1.898846148575758,
        1.8640283573937173,
        1.8326951756783862,
        1.8036221626364037,
        1.782074334691908,
        1.7594004403949912,
        1.7268850003016203,
        1.706870298546216,
        1.6822273000240955,
        1.6580176702950593,
        1.6343778387752,
        1.6086027880609748,
        1.604676148795728,
        1.5784291385394253,
        1.5636878095184679,
        1.550450968490709,
        1.537991875053884,
        1.5246407473200263,
        1.516108676185825,
        1.496491936476913,
        1.4907997530182175,
        1.470739439215267,
        1.4713821174665496,
        1.4590937329094897,
        1.4495951321635898,
        1.4405010800063671,
        1.430541630067098,
        1.4261266870606777,
        1.416787958648938,
        1.4055028056529704,
        1.4086409271116997,
        1.3968685574309732,
        1.3913545430619156,
        1.3799403600009548,
        1.3740481268109819,
        1.36948423080604,
        1.3678275395411486,
        1.3608622487763438,
        1.359184290100711,
        1.3519711250054136,
        1.3478872427444832,
        1.3453712928709187,
        1.3433438621450142,
        1.3402578239091256,
        1.3356632338298393,
        1.3324492650322732,
        1.328720338156,
        1.3250539577540266,
        1.3260217614755878,
        1.3221182621204348,
        1.3210702924167679,
        1.321497742231591,
        1.3198734527285754,
        1.3199397550296472,
        1.3162713250368654,
        1.3166467081809343,
        1.312545454498041,
        1.3103477929105185,
        1.3089403799070423,
        1.3108059044153058,
        1.3064995117670806,
        1.3059934774399309,
        1.3054954231005618,
        1.3010297139848137,
        1.3026134460531436,
        1.3010677600095568,
        1.302962233585171,
        1.2990226366426387,
        1.2998175564026277,
        1.2994817742907963,
        1.2999849462111128,
        1.3007326561225654,
        1.2980561014426142,
        1.2956464864714603,
        1.296053307421407,
        1.2920613657181814,
        1.290935036642688,
        1.2917547606413704,
        1.2916336199218288,
        1.2911468991418937,
        1.2892611753236947,
        1.2885145687147381,
        1.2912871082315416,
        1.2901739576806026,
        1.2904968249459923,
        1.2898583233898429,
        1.2872988541218544,
        1.28885169700966,
        1.28835077332357,
        1.285573306896359,
        1.2849292247368131,
        1.2829881131720966,
        1.2826878612342607
    ],
    "val_accs": [
        0.0955,
        0.0972,
        0.1481,
        0.1811,
        0.2156,
        0.2312,
        0.2487,
        0.2676,
        0.2816,
        0.2997,
        0.3099,
        0.321,
        0.3355,
        0.3537,
        0.3699,
        0.3764,
        0.3911,
        0.3991,
        0.4104,
        0.4114,
        0.4182,
        0.4246,
        0.4363,
        0.4335,
        0.4447,
        0.4489,
        0.4592,
        0.4597,
        0.4666,
        0.4713,
        0.4738,
        0.4814,
        0.4839,
        0.4885,
        0.4913,
        0.4938,
        0.5,
        0.5012,
        0.5028,
        0.5048,
        0.509,
        0.5123,
        0.5124,
        0.5173,
        0.5195,
        0.5147,
        0.523,
        0.5231,
        0.5268,
        0.5271,
        0.5271,
        0.528,
        0.5282,
        0.5308,
        0.5342,
        0.5309,
        0.5365,
        0.5347,
        0.5345,
        0.5325,
        0.5364,
        0.5363,
        0.5357,
        0.5371,
        0.5392,
        0.5361,
        0.5349,
        0.5353,
        0.5346,
        0.5366,
        0.537,
        0.5379,
        0.5409,
        0.5391,
        0.5437,
        0.5397,
        0.5438,
        0.5379,
        0.54,
        0.5439,
        0.54,
        0.5428,
        0.544,
        0.5479,
        0.5446,
        0.5467,
        0.5449,
        0.5479,
        0.5487,
        0.547,
        0.5476,
        0.5459,
        0.5463,
        0.5475,
        0.5456,
        0.5464,
        0.5465,
        0.5477,
        0.5504,
        0.5467
    ],
    "hyperparameters": {
        "batch_size": 128,
        "learning_rate": 0.0005,
        "momentum": 0.9,
        "weight_decay": 0.0001,
        "optimizer": "adam",
        "early_stopping": true,
        "patience": 10
    },
    "runtime_info": {
        "total_training_time": 286.5917248725891,
        "avg_epoch_time": 2.865917248725891,
        "timestamp": "2025-04-12 22:02:25"
    }
}