{
    "model_name": "Adam_GELU_standard",
    "features": [
        "GELU",
        "Adam"
    ],
    "epochs": 40,
    "best_epoch": 30,
    "best_val_acc": 0.4762,
    "training_time": 51.62198877334595,
    "train_losses": [
        2.2280407012796792,
        1.896864762187736,
        1.7977200448441502,
        1.741830385969864,
        1.712530973760195,
        1.6893126643214695,
        1.6752987618075312,
        1.6527906687418938,
        1.6447446501384362,
        1.6395267355410297,
        1.62605431889191,
        1.6243659978061133,
        1.612101963170641,
        1.6106336241654755,
        1.6104957349840343,
        1.611654251992246,
        1.6031242963563161,
        1.6014814959999024,
        1.60003734020265,
        1.5959518206591994,
        1.5900560697933694,
        1.5948848088275658,
        1.5906890945058194,
        1.584733474820647,
        1.5904023145340305,
        1.5806780670296876,
        1.5792090072064058,
        1.581831336251114,
        1.584637332465793,
        1.5797087349254553,
        1.5778678192027047,
        1.579730359418094,
        1.5903686782444681,
        1.5799504578090238,
        1.5761640099388947,
        1.575767581248804,
        1.575980030588117,
        1.5695227423486464,
        1.5783179692362994,
        1.5799652279658523
    ],
    "val_losses": [
        1.8569725089285316,
        1.6956665498426944,
        1.6274467990750487,
        1.59729865383277,
        1.5455656948712244,
        1.5566023969949125,
        1.5252684831837127,
        1.5098654730580914,
        1.5083743118347008,
        1.5200279121581024,
        1.514217794322913,
        1.484550108675602,
        1.4779347915286125,
        1.4896368709859034,
        1.488262208566337,
        1.4999284271032993,
        1.4976433599252401,
        1.4876017545108937,
        1.4784849814913692,
        1.490457966144843,
        1.4806027847952474,
        1.4842267634782826,
        1.4938523124683165,
        1.4793127129433907,
        1.4873543327600074,
        1.479921736093622,
        1.475348569073623,
        1.49233622641119,
        1.4799924286038948,
        1.469631200074771,
        1.474470592304528,
        1.4725528351010355,
        1.4856137626846302,
        1.4750187412563893,
        1.4841654851240178,
        1.4885917417143484,
        1.489061620966048,
        1.492169119965881,
        1.4913587123702825,
        1.5020678350224506
    ],
    "val_accs": [
        0.3125,
        0.3966,
        0.4223,
        0.433,
        0.4477,
        0.4496,
        0.4556,
        0.4498,
        0.4592,
        0.4427,
        0.4603,
        0.4664,
        0.4666,
        0.4583,
        0.4705,
        0.457,
        0.4638,
        0.4676,
        0.4702,
        0.4584,
        0.468,
        0.4634,
        0.4624,
        0.4731,
        0.4666,
        0.4693,
        0.4733,
        0.4561,
        0.4644,
        0.4762,
        0.4625,
        0.4757,
        0.4713,
        0.4691,
        0.4606,
        0.4581,
        0.4688,
        0.4602,
        0.4617,
        0.4522
    ],
    "hyperparameters": {
        "batch_size": 128,
        "learning_rate": 0.005,
        "momentum": 0.9,
        "weight_decay": 0.0001,
        "optimizer": "adam",
        "early_stopping": true,
        "patience": 10
    },
    "runtime_info": {
        "total_training_time": 51.62198877334595,
        "avg_epoch_time": 1.2905497193336486,
        "timestamp": "2025-04-12 21:17:10"
    }
}