{
    "model_name": "Adam_GELU_standard",
    "features": [
        "GELU",
        "Adam"
    ],
    "accuracy": 0.4725,
    "precision": 0.4833791371091934,
    "recall": 0.4725,
    "f1_score": 0.47062266641836603,
    "loss": 1.4688343683823961,
    "inference_time": 0.08066320419311523,
    "timestamp": "2025-04-12 21:17:10"
}