{
    "model_name": "Adam_GELU_standard",
    "features": [
        "GELU",
        "Adam"
    ],
    "epochs": 57,
    "best_epoch": 47,
    "best_val_acc": 0.5573,
    "training_time": 477.2461488246918,
    "train_losses": [
        2.221502826079424,
        1.793319783397072,
        1.6435891451810334,
        1.5523668911273678,
        1.4776024092620534,
        1.411060245377835,
        1.358291349992956,
        1.3096501721491773,
        1.2716553028727424,
        1.2275019332583759,
        1.198256716870902,
        1.1653670548504673,
        1.136129691955439,
        1.1090650063366514,
        1.081461894557122,
        1.067945811542119,
        1.0360787760267665,
        1.0178797581416985,
        1.0024425662456011,
        0.9802226874743458,
        0.9633519995041967,
        0.9504256509246518,
        0.9304468959651402,
        0.9150901863260712,
        0.897845664102251,
        0.8856618013098724,
        0.8750788283247236,
        0.8561447405793997,
        0.8468960800815961,
        0.8301992265486692,
        0.8208395758778227,
        0.8140157852992009,
        0.8056093834238701,
        0.7920900815687331,
        0.7862147052355798,
        0.7747233577328744,
        0.761786410508583,
        0.7601626679214861,
        0.7464333813559931,
        0.7411708234729412,
        0.7292013156112797,
        0.7236039304596764,
        0.7168633653635931,
        0.7082583669216003,
        0.7065624451382864,
        0.6943543811986193,
        0.6939860084792274,
        0.6842647523642921,
        0.6809051108534979,
        0.6720934190945661,
        0.6640951397788045,
        0.6607487968544876,
        0.6489111445114213,
        0.651244981438927,
        0.6424741370861413,
        0.632212368846226,
        0.6367575119733417
    ],
    "val_losses": [
        1.7993721009286998,
        1.6495544067077557,
        1.5733923459719419,
        1.510050315931644,
        1.455150359172704,
        1.4168045641603646,
        1.3898096079222377,
        1.3744432467194658,
        1.3611526722769873,
        1.339798249791052,
        1.3292292181788954,
        1.3181678394765917,
        1.3172907486433032,
        1.3104206478956588,
        1.3081881940949336,
        1.2965068312460482,
        1.2979809010571595,
        1.2979526109768826,
        1.2905928527590658,
        1.2859356147775962,
        1.287856753892578,
        1.2896236203762805,
        1.281560647878146,
        1.2900169577268512,
        1.2848783461664688,
        1.2871831525380097,
        1.2945632308398622,
        1.2920370356430646,
        1.2943131955707916,
        1.2989418138438844,
        1.3046342907781032,
        1.3054450142542449,
        1.3043709420172362,
        1.3065446796449387,
        1.3117680024400875,
        1.3156435110715108,
        1.3182686513014905,
        1.3221756036083772,
        1.3248413594409423,
        1.3287159413006389,
        1.323787022665681,
        1.3381996082485725,
        1.3427669976674614,
        1.3373480377469922,
        1.3385240082327288,
        1.3394407948679425,
        1.3430967843252912,
        1.3396365185699293,
        1.3443432472703967,
        1.3524372097729327,
        1.3523939118528596,
        1.3569241955424307,
        1.3558129684084401,
        1.3598236243152373,
        1.3730454723425032,
        1.3797675129307445,
        1.3750657672961224
    ],
    "val_accs": [
        0.3785,
        0.4281,
        0.454,
        0.4791,
        0.492,
        0.5049,
        0.5168,
        0.5166,
        0.5187,
        0.5267,
        0.5339,
        0.5391,
        0.5311,
        0.5353,
        0.54,
        0.5451,
        0.5417,
        0.5443,
        0.5478,
        0.5471,
        0.548,
        0.5481,
        0.5477,
        0.5486,
        0.5512,
        0.553,
        0.5509,
        0.5496,
        0.548,
        0.5535,
        0.5504,
        0.5549,
        0.5515,
        0.5523,
        0.5501,
        0.5476,
        0.5478,
        0.5496,
        0.5542,
        0.5498,
        0.5562,
        0.5502,
        0.5496,
        0.5532,
        0.552,
        0.5542,
        0.5573,
        0.5553,
        0.5567,
        0.5551,
        0.5529,
        0.5529,
        0.5547,
        0.5502,
        0.5501,
        0.5518,
        0.5507
    ],
    "hyperparameters": {
        "batch_size": 128,
        "learning_rate": 0.0005,
        "momentum": 0.9,
        "weight_decay": 0.0001,
        "optimizer": "adam",
        "early_stopping": true,
        "patience": 10
    },
    "runtime_info": {
        "total_training_time": 477.2461488246918,
        "avg_epoch_time": 8.372739453064767,
        "timestamp": "2025-04-13 13:56:00"
    }
}