{
    "model_name": "Adam_BatchNorm_GELU_standard",
    "features": [
        "GELU",
        "Adam",
        "BatchNorm"
    ],
    "epochs": 11,
    "best_epoch": 1,
    "best_val_acc": 0.1812,
    "training_time": 79.7043809890747,
    "train_losses": [
        2.3172817873704417,
        1.9325911934878308,
        1.834741938032405,
        1.7903667466399584,
        1.7501528484313145,
        1.7335292452774154,
        1.7299126790146866,
        1.7370137506996328,
        1.798961317239897,
        1.9098999826657204,
        2.108777186272612
    ],
    "val_losses": [
        2.214832335005483,
        2.2861848384186256,
        2.3015642544696586,
        2.3030228155080987,
        2.303413838357207,
        2.3049361784453333,
        2.3067240864618923,
        2.3085105832122683,
        2.3108542705879453,
        2.313551058795782,
        2.3159427619740813
    ],
    "val_accs": [
        0.1812,
        0.1055,
        0.0937,
        0.1055,
        0.1127,
        0.1095,
        0.1051,
        0.1028,
        0.1025,
        0.1025,
        0.1014
    ],
    "hyperparameters": {
        "batch_size": 128,
        "learning_rate": 0.0005,
        "momentum": 0.9,
        "weight_decay": 0.0001,
        "optimizer": "adam",
        "early_stopping": true,
        "patience": 10
    },
    "runtime_info": {
        "total_training_time": 79.7043809890747,
        "avg_epoch_time": 7.245852817188609,
        "timestamp": "2025-04-13 13:00:12"
    }
}