{
    "model_name": "lr0.0001_drop0.3_wd0.00001_h512_256",
    "features": [
        "GELU",
        "Adam"
    ],
    "epochs": 100,
    "best_epoch": 97,
    "best_val_acc": 0.5547,
    "training_time": 577.9256680011749,
    "train_losses": [
        2.746560182408619,
        2.270546602342678,
        2.0954670161338065,
        1.9820642743653751,
        1.9037454771816695,
        1.841090720489793,
        1.791399867653738,
        1.7476465383315543,
        1.7155052137746623,
        1.6800780935672572,
        1.6483288704277654,
        1.6266759758572291,
        1.6034601318570245,
        1.5765751362843339,
        1.5611074061726653,
        1.5363308815764296,
        1.5118555888851164,
        1.4971634003036185,
        1.478241314044242,
        1.4621618342850424,
        1.4396232679269405,
        1.4256654398063713,
        1.4120332795032513,
        1.3965703531338411,
        1.3847829791407988,
        1.3743005900662115,
        1.3542861678289144,
        1.348272853871408,
        1.3334292922095394,
        1.325195574895874,
        1.3076546517872902,
        1.2962196093680662,
        1.2881978323269199,
        1.2737783926354767,
        1.2700012172142945,
        1.2581194733661145,
        1.2416775416550927,
        1.2400270451661306,
        1.2283177365562352,
        1.2201090387158728,
        1.2129490693118083,
        1.2047904523814197,
        1.1929539583905204,
        1.1854186588435958,
        1.1783113930500952,
        1.1674239827699817,
        1.1631014294353184,
        1.1535935083937927,
        1.1489615073021533,
        1.14030266690326,
        1.1322894845633626,
        1.1247791105751248,
        1.122958757795986,
        1.1118263056379643,
        1.1044373430923602,
        1.0955213266649717,
        1.0899895377678965,
        1.085121074328414,
        1.0859289856045455,
        1.0777247886671761,
        1.0647924350404991,
        1.0634720516694174,
        1.0549757201035208,
        1.0530301192929312,
        1.0442511223302389,
        1.0404350280605932,
        1.036734325557735,
        1.0277011163473455,
        1.0302876950079531,
        1.0218913990945655,
        1.0126931108839237,
        1.009263079187051,
        1.0028022325404,
        0.9920788946015967,
        0.9920870137469625,
        0.985448388316103,
        0.978016219116975,
        0.9723251957093384,
        0.973781952285235,
        0.9707719924352722,
        0.9664458387645591,
        0.9582690070987875,
        0.9608498488522755,
        0.9504486158966668,
        0.9487608422346662,
        0.9405289066901826,
        0.935656123127716,
        0.9419120617487511,
        0.9293404602671304,
        0.9263698342479295,
        0.9230535287171038,
        0.9197460431318188,
        0.9179579464859494,
        0.9103498161144342,
        0.9134795226721333,
        0.9035594031600704,
        0.9015571430522481,
        0.8948172135434177,
        0.8912753037658676,
        0.8882689441821566
    ],
    "val_losses": [
        2.1556832614810215,
        2.0180512477695003,
        1.915932049538391,
        1.8318803606107343,
        1.7756144939627942,
        1.7303762757596068,
        1.7008871439795392,
        1.674111864691879,
        1.650254436526509,
        1.6263000305090343,
        1.6093857889339709,
        1.594910643388678,
        1.5790641579729077,
        1.562192694208791,
        1.549104657336599,
        1.532554180021309,
        1.5203163110137858,
        1.5081485075539958,
        1.498300993726151,
        1.4839946098613415,
        1.4723638454680388,
        1.4653215117626033,
        1.4515361116810186,
        1.4450564516871907,
        1.4365616851302685,
        1.4288020135016493,
        1.421876347700437,
        1.4126395417555733,
        1.409331837463423,
        1.4030168773374272,
        1.3946607943447227,
        1.3871420207655443,
        1.3810997393330793,
        1.3792091143559833,
        1.3716987166418058,
        1.363932500990679,
        1.3648098862636087,
        1.3600806522360829,
        1.355054509647853,
        1.3511436388368012,
        1.3473909143196237,
        1.3451293997486649,
        1.340678005974248,
        1.3362397254345622,
        1.3350623499391165,
        1.331376256642068,
        1.3315959564863569,
        1.3278758367808303,
        1.3236276616350442,
        1.3185447708943254,
        1.317954816137879,
        1.3187324156539186,
        1.3135728415823855,
        1.3121499998518957,
        1.3100700368610412,
        1.3096010633213724,
        1.3087911502170213,
        1.3081072841209298,
        1.3044494692432331,
        1.3023001182204497,
        1.2994198125900387,
        1.2959463894589907,
        1.2995300441811948,
        1.2951745273560185,
        1.2950367076139944,
        1.2938929761230917,
        1.2928331434212477,
        1.2958900476849078,
        1.2954905978422229,
        1.2929244744926938,
        1.2900908245981795,
        1.2877895046627488,
        1.2860797912043762,
        1.2895678431968889,
        1.288766671550149,
        1.2865903430577454,
        1.286361499578317,
        1.2835564371728134,
        1.2824475841814824,
        1.2863983625326836,
        1.2824740424244252,
        1.2839735704926927,
        1.2843232220749574,
        1.284186266111536,
        1.2814765409994038,
        1.2828535890857564,
        1.2849934992956655,
        1.2834721127499902,
        1.2840687380118685,
        1.2840209972752321,
        1.282453569172543,
        1.280521640290726,
        1.2811586380975082,
        1.2821955364884183,
        1.280875453638193,
        1.2802619957032042,
        1.2812570377841201,
        1.2809174549788491,
        1.2812986828589688,
        1.2825431929762514
    ],
    "val_accs": [
        0.2254,
        0.2932,
        0.3297,
        0.3598,
        0.3772,
        0.3925,
        0.4032,
        0.4145,
        0.4233,
        0.4319,
        0.4366,
        0.4411,
        0.4466,
        0.4544,
        0.4586,
        0.4646,
        0.4676,
        0.4715,
        0.4749,
        0.4804,
        0.4818,
        0.4848,
        0.4899,
        0.4922,
        0.493,
        0.4966,
        0.4978,
        0.5031,
        0.5044,
        0.5071,
        0.5072,
        0.5101,
        0.5088,
        0.5114,
        0.5143,
        0.5172,
        0.5195,
        0.5184,
        0.5211,
        0.5206,
        0.5222,
        0.5253,
        0.527,
        0.5289,
        0.5267,
        0.5306,
        0.5317,
        0.5327,
        0.5337,
        0.536,
        0.5352,
        0.5359,
        0.5386,
        0.5386,
        0.5369,
        0.5394,
        0.5413,
        0.5405,
        0.5409,
        0.5398,
        0.5415,
        0.5451,
        0.5413,
        0.544,
        0.5422,
        0.544,
        0.5431,
        0.5453,
        0.5429,
        0.5437,
        0.5453,
        0.5472,
        0.5465,
        0.5438,
        0.5467,
        0.5472,
        0.5488,
        0.5472,
        0.5504,
        0.5478,
        0.5486,
        0.5498,
        0.549,
        0.5496,
        0.5495,
        0.5495,
        0.5496,
        0.5515,
        0.5507,
        0.5517,
        0.5504,
        0.5516,
        0.5511,
        0.551,
        0.5495,
        0.552,
        0.5547,
        0.5541,
        0.5517,
        0.5498
    ],
    "hyperparameters": {
        "batch_size": 128,
        "learning_rate": 0.0001,
        "momentum": 0.9,
        "weight_decay": 1e-05,
        "optimizer": "adam",
        "early_stopping": true,
        "patience": 10
    },
    "runtime_info": {
        "total_training_time": 577.9256680011749,
        "avg_epoch_time": 5.779256680011749,
        "timestamp": "2025-04-16 15:28:34"
    }
}