{
    "model_name": "lr0.0001_drop0.3_wd0.00001_h512_256",
    "features": [
        "GELU",
        "Adam"
    ],
    "accuracy": 0.5462,
    "precision": 0.5476907492569493,
    "recall": 0.5462,
    "f1_score": 0.5429499718673334,
    "loss": 1.2695201379372645,
    "inference_time": 0.3672521114349365,
    "timestamp": "2025-04-16 15:28:34"
}