{
    "model_name": "Adam_GELU_standard",
    "features": [
        "GELU",
        "Adam"
    ],
    "epochs": 37,
    "best_epoch": 27,
    "best_val_acc": 0.44,
    "training_time": 29.095945835113525,
    "train_losses": [
        2.3197877049117035,
        1.9934411251007722,
        1.8836675396094937,
        1.828970131178575,
        1.8047683369623837,
        1.7898754897163105,
        1.7761954896934384,
        1.7683619384838736,
        1.758081295891891,
        1.7495966385536725,
        1.7455870908039626,
        1.7386212636895477,
        1.7353101491497993,
        1.7330492418716585,
        1.7295036855315866,
        1.7340074581451297,
        1.731197140450106,
        1.7236499324640617,
        1.725636177551968,
        1.72387438497533,
        1.7216722332017649,
        1.7172882479190037,
        1.7180397854255793,
        1.7219555197941785,
        1.7157091363587391,
        1.7212896180347128,
        1.7209491653745848,
        1.7132942272887022,
        1.7092050933362521,
        1.7132507234220908,
        1.714272669632395,
        1.7106036266065168,
        1.7163437306713423,
        1.7116768814412056,
        1.7090312665987857,
        1.7122746895917762,
        1.7056204832221813
    ],
    "val_losses": [
        2.0111553277422427,
        1.8042873581906926,
        1.7187631677829516,
        1.676736597120073,
        1.6463432904048787,
        1.6435922072335092,
        1.6241598200086589,
        1.6263678825775714,
        1.5938797995619942,
        1.5917938187002638,
        1.5844032461464075,
        1.5992135165707415,
        1.592499748761408,
        1.5769297350953386,
        1.5977768455397519,
        1.5782640980386007,
        1.5766514630917692,
        1.5863829515668484,
        1.5926011709013965,
        1.5834947263074166,
        1.5739984284839443,
        1.5773869533287295,
        1.578431684609267,
        1.5861718644886587,
        1.5658182316641172,
        1.598095043883174,
        1.5681673576730395,
        1.5701047161665602,
        1.576359595394305,
        1.5685546112112505,
        1.5641549688948886,
        1.5816177317614275,
        1.5765752466139136,
        1.5751672254518319,
        1.574763154482241,
        1.5757704556539585,
        1.5754837786951021
    ],
    "val_accs": [
        0.2639,
        0.3576,
        0.3725,
        0.3799,
        0.403,
        0.3971,
        0.4189,
        0.4174,
        0.4171,
        0.4323,
        0.4276,
        0.4269,
        0.4079,
        0.4265,
        0.4226,
        0.4322,
        0.4357,
        0.4315,
        0.427,
        0.4291,
        0.4315,
        0.4314,
        0.4335,
        0.4245,
        0.429,
        0.4302,
        0.44,
        0.4306,
        0.4346,
        0.4357,
        0.4362,
        0.4047,
        0.4291,
        0.4372,
        0.4365,
        0.4339,
        0.432
    ],
    "hyperparameters": {
        "batch_size": 128,
        "learning_rate": 0.005,
        "momentum": 0.9,
        "weight_decay": 0.0001,
        "optimizer": "adam",
        "early_stopping": true,
        "patience": 10
    },
    "runtime_info": {
        "total_training_time": 29.095945835113525,
        "avg_epoch_time": 0.7863769144625277,
        "timestamp": "2025-04-12 21:16:16"
    }
}