{
    "model_name": "Adam_GELU_standard",
    "features": [
        "GELU",
        "Adam"
    ],
    "accuracy": 0.4374,
    "precision": 0.45940694839152,
    "recall": 0.4374,
    "f1_score": 0.4240941040590329,
    "loss": 1.5644662143094734,
    "inference_time": 0.04714083671569824,
    "timestamp": "2025-04-12 21:16:16"
}