{
    "model_name": "Adam_GELU_standard",
    "features": [
        "GELU",
        "Adam"
    ],
    "epochs": 86,
    "best_epoch": 76,
    "best_val_acc": 0.5658,
    "training_time": 202.32738208770752,
    "train_losses": [
        2.725704168276514,
        2.2513635901642814,
        2.0911691342259373,
        1.9715357709443624,
        1.889125287279963,
        1.8387651165543826,
        1.7934619334320236,
        1.7555697593088095,
        1.714113826304965,
        1.6834135065882379,
        1.6607100150309437,
        1.6303639727914523,
        1.605071187201917,
        1.5840352576644807,
        1.5659074903440242,
        1.540221937358333,
        1.5246905175953909,
        1.5100283222746953,
        1.4888632859415878,
        1.4716058274671893,
        1.4594923880813653,
        1.4463517569170241,
        1.4367065248237623,
        1.4184066402912672,
        1.4126082003931693,
        1.3987700469049797,
        1.3895098502168424,
        1.3716711955530132,
        1.3685892248731308,
        1.357820236935825,
        1.351140782997197,
        1.342297224077716,
        1.3331338135730584,
        1.3295975704122072,
        1.3194897121585836,
        1.318351457902312,
        1.3022777419532856,
        1.3004077112351837,
        1.2960190142540091,
        1.289972132357525,
        1.2855625019294348,
        1.2832050636801213,
        1.2776765493869575,
        1.269060537600737,
        1.2677907980123857,
        1.259663576319248,
        1.253274019057006,
        1.2458254917785667,
        1.2480780449166762,
        1.245542014440079,
        1.2402763259847047,
        1.2350486961246774,
        1.2332724914018713,
        1.2310668139073406,
        1.2240274201192756,
        1.2218459646047275,
        1.2217589465989374,
        1.2206804825900721,
        1.2139791850836927,
        1.2073048199292118,
        1.2106722982796598,
        1.2100646483122066,
        1.2054707591472846,
        1.2077825284860695,
        1.2000417828349412,
        1.1939775772826142,
        1.1991940954636713,
        1.193046380663839,
        1.1917877409430444,
        1.1854642187964368,
        1.1865622155581308,
        1.1872044095481888,
        1.1823613853223087,
        1.1784609576697904,
        1.1781333179521611,
        1.1763706257750544,
        1.1789406539912417,
        1.1748928352301653,
        1.173233586817517,
        1.1749244529729266,
        1.1679419608725248,
        1.1688554723023215,
        1.1657011145594263,
        1.1660279794764126,
        1.1564486806468468,
        1.1581361653991904
    ],
    "val_losses": [
        2.249775143986812,
        2.1200704934427668,
        1.9410206119775892,
        1.8331507868659134,
        1.7572241813409604,
        1.7093228390739263,
        1.671486188467685,
        1.6392956864303743,
        1.6074725506501502,
        1.579175900757254,
        1.5562135597608298,
        1.5376488466781615,
        1.5151868580967842,
        1.4908432052062617,
        1.4749106028535206,
        1.4607071709850243,
        1.445358016196973,
        1.43169705548979,
        1.4124029292702887,
        1.4024690257181185,
        1.3879367393488602,
        1.380671382198838,
        1.3691197440429286,
        1.3618250095480788,
        1.3532778877710125,
        1.3452799368574098,
        1.3363330295911349,
        1.3247380517455132,
        1.3250549206147448,
        1.317950796305064,
        1.3088336400029232,
        1.3054000395194907,
        1.2980243634576993,
        1.2960431515175406,
        1.2931912165389077,
        1.289007351373643,
        1.2824010603993123,
        1.27913447440814,
        1.2767837498232153,
        1.2750321647002845,
        1.2719908937080346,
        1.2676665494661277,
        1.2666335630441607,
        1.2637065758861792,
        1.2630870032802908,
        1.2602679282214533,
        1.258713176739764,
        1.2557718879998818,
        1.2510600614991274,
        1.2502166362481029,
        1.2471259262542678,
        1.2498406998714484,
        1.244906689269911,
        1.2429208152254703,
        1.2434136448723478,
        1.2423931966888457,
        1.2416989453633025,
        1.2399512054889783,
        1.2407606157062552,
        1.2387144254197964,
        1.2375748061416825,
        1.23784295228753,
        1.2359810549702437,
        1.235517960614604,
        1.2362349314082708,
        1.2347406108101253,
        1.2350249238942466,
        1.233609623009522,
        1.2331097369909283,
        1.2326714546063757,
        1.2316470975523106,
        1.2307861309349821,
        1.2304254698971606,
        1.2287586671872923,
        1.2309207637282753,
        1.229909027268457,
        1.2289906188537858,
        1.2280138441719721,
        1.2273634110058502,
        1.2313679500681591,
        1.22846425639024,
        1.227915832109201,
        1.2285244746621145,
        1.2278636663326,
        1.2281174428660635,
        1.2250222398557733
    ],
    "val_accs": [
        0.1696,
        0.2427,
        0.3004,
        0.3503,
        0.3786,
        0.3953,
        0.4141,
        0.4256,
        0.4345,
        0.4426,
        0.447,
        0.4576,
        0.4647,
        0.472,
        0.4771,
        0.4817,
        0.4857,
        0.4884,
        0.4964,
        0.5003,
        0.5024,
        0.5075,
        0.5116,
        0.5145,
        0.5145,
        0.5188,
        0.5194,
        0.5252,
        0.5281,
        0.5285,
        0.5304,
        0.5321,
        0.5376,
        0.5372,
        0.5389,
        0.5445,
        0.5434,
        0.5453,
        0.5456,
        0.5426,
        0.5422,
        0.5436,
        0.5454,
        0.549,
        0.5511,
        0.5489,
        0.5524,
        0.5554,
        0.554,
        0.5564,
        0.5562,
        0.5554,
        0.5578,
        0.5578,
        0.5576,
        0.556,
        0.5578,
        0.5564,
        0.5588,
        0.5631,
        0.5603,
        0.559,
        0.5613,
        0.5609,
        0.5605,
        0.5609,
        0.5602,
        0.5603,
        0.5642,
        0.5625,
        0.5636,
        0.5642,
        0.5636,
        0.5623,
        0.5623,
        0.5658,
        0.5634,
        0.565,
        0.5639,
        0.5624,
        0.5622,
        0.5658,
        0.5637,
        0.5636,
        0.5628,
        0.5657
    ],
    "hyperparameters": {
        "batch_size": 128,
        "learning_rate": 0.0005,
        "momentum": 0.9,
        "weight_decay": 0.0001,
        "optimizer": "adam",
        "early_stopping": true,
        "patience": 10
    },
    "runtime_info": {
        "total_training_time": 202.32738208770752,
        "avg_epoch_time": 2.352643977764041,
        "timestamp": "2025-04-13 16:05:14"
    }
}