{
    "model_name": "lr0.0001_drop0.7_wd0.0001_h256_128",
    "features": [
        "GELU",
        "Adam"
    ],
    "epochs": 12,
    "best_epoch": 2,
    "best_val_acc": 0.1326,
    "training_time": 28.810437202453613,
    "train_losses": [
        5.466711781679245,
        4.053502479663576,
        3.3186384508089612,
        2.9094969663013037,
        2.6894941406908317,
        2.554649992529136,
        2.4799841061512753,
        2.422548976782229,
        2.3913795862471763,
        2.3619475371264067,
        2.3416659591760585,
        2.329934223524309
    ],
    "val_losses": [
        2.3934475992362185,
        2.306584239695281,
        2.290131136135143,
        2.2931832765710816,
        2.297977992187187,
        2.301895669845519,
        2.3044929602551156,
        2.3059301533417047,
        2.3065857177939697,
        2.30654510474919,
        2.306166837687435,
        2.305314449307821
    ],
    "val_accs": [
        0.1226,
        0.1326,
        0.1323,
        0.1203,
        0.1102,
        0.1009,
        0.096,
        0.0949,
        0.0949,
        0.0948,
        0.0952,
        0.0959
    ],
    "hyperparameters": {
        "batch_size": 128,
        "learning_rate": 0.0001,
        "momentum": 0.9,
        "weight_decay": 0.0001,
        "optimizer": "adam",
        "early_stopping": true,
        "patience": 10
    },
    "runtime_info": {
        "total_training_time": 28.810437202453613,
        "avg_epoch_time": 2.4008697668711343,
        "timestamp": "2025-04-16 16:55:29"
    }
}