{
    "model_name": "lr0.0001_drop0.7_wd0.0001_h256_128",
    "features": [
        "GELU",
        "Adam"
    ],
    "accuracy": 0.1318,
    "precision": 0.13677622925141006,
    "recall": 0.1318,
    "f1_score": 0.11592352663281429,
    "loss": 2.304502729875901,
    "inference_time": 0.14190912246704102,
    "timestamp": "2025-04-16 16:55:29"
}