{
    "model_name": "Adam_GELU_standard",
    "features": [
        "GELU",
        "Adam"
    ],
    "epochs": 73,
    "best_epoch": 63,
    "best_val_acc": 0.5793,
    "training_time": 353.29998421669006,
    "train_losses": [
        2.557278262469539,
        2.067004324529928,
        1.9069219902605776,
        1.8128599934240743,
        1.7450925368722605,
        1.6868354555109746,
        1.645168252334071,
        1.5957167112415063,
        1.5644779100774269,
        1.5383113559736314,
        1.500622113709441,
        1.4754578173951807,
        1.4505498983926652,
        1.4275855137202775,
        1.4084920066114508,
        1.3868447783598206,
        1.3661146754589504,
        1.3459694676229612,
        1.332894529463216,
        1.3165702913643782,
        1.293741545520169,
        1.2849387776956456,
        1.2747726647875124,
        1.2607523676512804,
        1.245473148170227,
        1.2301067481298458,
        1.2203928704636178,
        1.2130909050061562,
        1.2008594459423767,
        1.185191262407938,
        1.1721149065568879,
        1.1704814799900363,
        1.160729667387135,
        1.1474613972340448,
        1.1403647518610338,
        1.1362360627797474,
        1.1292306834298085,
        1.1212632096796553,
        1.1129755705016988,
        1.1095347464991308,
        1.1048542723859072,
        1.0896305272376516,
        1.0872169228184805,
        1.076700646880514,
        1.073966972018093,
        1.0712800997171892,
        1.0605804102177734,
        1.056267050500092,
        1.0475460834907724,
        1.048919475633802,
        1.039760821716571,
        1.0333105489629042,
        1.0313470845694968,
        1.0232194800506587,
        1.0207511142509995,
        1.010741315209157,
        1.0123587814366763,
        1.0152349079892387,
        1.0011140445179358,
        0.9961991841093643,
        0.9894175765044118,
        0.9860403903744337,
        0.9840580070219911,
        0.980984052065557,
        0.9715070328658655,
        0.9760568046394396,
        0.9827007497585477,
        0.9673181171764407,
        0.9610899612601413,
        0.9546751254294937,
        0.9611177328012009,
        0.9528766045793272,
        0.9497536361250888
    ],
    "val_losses": [
        2.134388736856141,
        1.8935497930378202,
        1.7696986400136259,
        1.6997335180063462,
        1.6416451711034221,
        1.5973655546860486,
        1.5560888020461465,
        1.5207957891487345,
        1.4953541614839077,
        1.4677509560502533,
        1.4490659484323762,
        1.420205985909696,
        1.4037760791437508,
        1.3899921404453066,
        1.3737588307466082,
        1.357300362693118,
        1.3504626770967088,
        1.3393604212933286,
        1.330424819945583,
        1.3213907434521102,
        1.3073102815040463,
        1.302917076969775,
        1.3001079620922733,
        1.2857409931748673,
        1.285815364539633,
        1.2712277008929258,
        1.2651523452206808,
        1.2655881278798915,
        1.263549639452708,
        1.2519503062254949,
        1.2506976273810595,
        1.2460265073833667,
        1.2454950693496045,
        1.2437553677868576,
        1.2360544609306672,
        1.2357086730073035,
        1.2310568817496095,
        1.228203367274291,
        1.227103851072369,
        1.225657516987687,
        1.2224425344177074,
        1.2203727018880164,
        1.2229555401687142,
        1.2218023452712432,
        1.2189194911712649,
        1.218299221966778,
        1.2118769239371279,
        1.2134848952723465,
        1.2161761062043959,
        1.2150258841494652,
        1.2161025793673457,
        1.2133679278552412,
        1.2117948584059606,
        1.2124627550960765,
        1.217162675505761,
        1.212261185777447,
        1.2100713116290316,
        1.2113552317790541,
        1.214595889464344,
        1.2161369377785285,
        1.2142802727354856,
        1.2107659890722724,
        1.2062722191492126,
        1.211922746226156,
        1.2127540592559378,
        1.2077447945422082,
        1.2110549326301752,
        1.2090929528788759,
        1.2103841586269959,
        1.210438079675357,
        1.2126395139485604,
        1.2101281616957524,
        1.2119693659944446
    ],
    "val_accs": [
        0.2535,
        0.3403,
        0.387,
        0.414,
        0.4361,
        0.4437,
        0.46,
        0.4711,
        0.4804,
        0.4901,
        0.499,
        0.5042,
        0.5104,
        0.5118,
        0.5156,
        0.5226,
        0.5292,
        0.532,
        0.5292,
        0.5323,
        0.5361,
        0.5374,
        0.5424,
        0.5471,
        0.5487,
        0.5526,
        0.554,
        0.5561,
        0.5531,
        0.5602,
        0.5569,
        0.5641,
        0.555,
        0.5619,
        0.5647,
        0.5647,
        0.5631,
        0.568,
        0.566,
        0.5689,
        0.5684,
        0.5705,
        0.5666,
        0.5691,
        0.5686,
        0.5649,
        0.5684,
        0.572,
        0.5668,
        0.5738,
        0.5675,
        0.5739,
        0.571,
        0.5692,
        0.5715,
        0.5717,
        0.5764,
        0.5742,
        0.5758,
        0.571,
        0.5735,
        0.576,
        0.5793,
        0.5776,
        0.5765,
        0.576,
        0.5771,
        0.5768,
        0.5785,
        0.5767,
        0.576,
        0.5776,
        0.5765
    ],
    "hyperparameters": {
        "batch_size": 128,
        "learning_rate": 0.0005,
        "momentum": 0.9,
        "weight_decay": 0.0001,
        "optimizer": "adam",
        "early_stopping": true,
        "patience": 10
    },
    "runtime_info": {
        "total_training_time": 353.29998421669006,
        "avg_epoch_time": 4.839725811187535,
        "timestamp": "2025-04-12 21:57:37"
    }
}