{
    "model_name": "Adam_GELU_standard",
    "features": [
        "GELU",
        "Adam"
    ],
    "accuracy": 0.5746,
    "precision": 0.5778929657429602,
    "recall": 0.5746,
    "f1_score": 0.5728400462429593,
    "loss": 1.2013366594927857,
    "inference_time": 0.2772691249847412,
    "timestamp": "2025-04-12 21:57:37"
}