{
    "model_name": "Adam_GELU_standard",
    "features": [
        "GELU",
        "Adam"
    ],
    "epochs": 65,
    "best_epoch": 55,
    "best_val_acc": 0.5777,
    "training_time": 291.27210116386414,
    "train_losses": [
        2.5742078921779896,
        2.0780292347166722,
        1.915366680290835,
        1.8247225002363678,
        1.761299593562561,
        1.7084460829301478,
        1.6570899849474676,
        1.6136889739683389,
        1.588053677937895,
        1.5453546068549637,
        1.514025933043597,
        1.4854782287203305,
        1.4618969133273492,
        1.4388916450039213,
        1.4120338734248612,
        1.3897778607364515,
        1.3719190773915135,
        1.3595924488929363,
        1.333270882306941,
        1.3150650499173164,
        1.3012620823882124,
        1.2896980798605158,
        1.2748203139615712,
        1.2581221486458345,
        1.2423111970709049,
        1.2353196995184164,
        1.2206440303084765,
        1.214279906025687,
        1.199917022755489,
        1.1969926157054827,
        1.1824698578537844,
        1.1700752378359203,
        1.1623674141655718,
        1.1566629942693287,
        1.1478782826660618,
        1.1305056752215044,
        1.13274448546196,
        1.1197063825776348,
        1.1165282156099663,
        1.1083208443590913,
        1.0986409079783,
        1.0864404987204546,
        1.0868768717580184,
        1.079554402454036,
        1.072154738900355,
        1.0693133080120503,
        1.061689366054586,
        1.0502759657136465,
        1.052372070322363,
        1.0429861683541009,
        1.0390616496665215,
        1.0279253549526512,
        1.0217869340719676,
        1.0262387778993036,
        1.0191636415513925,
        1.0130553336438097,
        1.016459171319843,
        1.0137335689823939,
        1.0011083227671471,
        0.9963945712017458,
        0.9978586041133365,
        0.991119170583772,
        0.9752673765871797,
        0.9778354410893153,
        0.9797948027260607
    ],
    "val_losses": [
        2.1306556347652945,
        1.889877172753921,
        1.7781942878800605,
        1.700852150796146,
        1.6591732402216093,
        1.6144475731787957,
        1.581773805155355,
        1.5385433968630096,
        1.523721386816326,
        1.4878662294024079,
        1.449974582073791,
        1.4314533852160447,
        1.4166275401664108,
        1.3969909265555673,
        1.3848838967178456,
        1.3614575529211683,
        1.3491596211650227,
        1.3376514703858293,
        1.327245812877717,
        1.3176010127956712,
        1.3063259468881687,
        1.2977637667408586,
        1.2921142385687174,
        1.2868026831389776,
        1.2801799039998465,
        1.2682647601192956,
        1.263209051153224,
        1.259466627470955,
        1.2535482487686256,
        1.2529869155474154,
        1.2421293227337773,
        1.237665115656768,
        1.2346698324369745,
        1.2314844485654795,
        1.2321662150064048,
        1.2272300563003125,
        1.2298587619660206,
        1.2257429809813791,
        1.2218540496613868,
        1.2188829094321825,
        1.218941589047035,
        1.2139124067376774,
        1.2152721622511518,
        1.2097423081824579,
        1.206735818927466,
        1.2063386560049347,
        1.2041742693575948,
        1.2026001831248383,
        1.199616587656935,
        1.2013568335858749,
        1.2020238157758236,
        1.2003380757158175,
        1.2040724597153474,
        1.199058142794736,
        1.1949794859360372,
        1.200155773527174,
        1.1983826123827523,
        1.2015363778790293,
        1.1982361515481237,
        1.2005888540292409,
        1.1995096375285752,
        1.1968007601815547,
        1.1994156831669833,
        1.195882852058924,
        1.1997278080518357
    ],
    "val_accs": [
        0.244,
        0.3371,
        0.3803,
        0.4088,
        0.4209,
        0.4421,
        0.4536,
        0.4714,
        0.4734,
        0.4864,
        0.4941,
        0.5014,
        0.5032,
        0.5146,
        0.5228,
        0.526,
        0.5286,
        0.5335,
        0.5348,
        0.5399,
        0.5437,
        0.5437,
        0.5491,
        0.5496,
        0.5504,
        0.5561,
        0.56,
        0.5597,
        0.5648,
        0.5631,
        0.5648,
        0.5679,
        0.568,
        0.5698,
        0.5653,
        0.5686,
        0.5672,
        0.5725,
        0.57,
        0.5691,
        0.5681,
        0.572,
        0.5729,
        0.571,
        0.5704,
        0.5701,
        0.5742,
        0.5729,
        0.5756,
        0.575,
        0.5731,
        0.5718,
        0.5733,
        0.5726,
        0.5777,
        0.5751,
        0.5749,
        0.5732,
        0.5741,
        0.5733,
        0.5737,
        0.5752,
        0.575,
        0.5745,
        0.5748
    ],
    "hyperparameters": {
        "batch_size": 128,
        "learning_rate": 0.0005,
        "momentum": 0.9,
        "weight_decay": 0.0001,
        "optimizer": "adam",
        "early_stopping": true,
        "patience": 10
    },
    "runtime_info": {
        "total_training_time": 291.27210116386414,
        "avg_epoch_time": 4.481109248674833,
        "timestamp": "2025-04-13 11:21:43"
    }
}