{
    "model_name": "Adam_GELU_standard",
    "features": [
        "GELU",
        "Adam"
    ],
    "accuracy": 0.5003,
    "precision": 0.49899389306066677,
    "recall": 0.5003,
    "f1_score": 0.499116358054225,
    "loss": 1.5133057885386498,
    "inference_time": 0.1434311866760254,
    "timestamp": "2025-04-13 00:38:00"
}