{
    "model_name": "Adam_GELU_standard",
    "features": [
        "GELU",
        "Adam"
    ],
    "epochs": 21,
    "best_epoch": 11,
    "best_val_acc": 0.5073,
    "training_time": 47.477813959121704,
    "train_losses": [
        2.0460224815115184,
        1.6235067934750322,
        1.4680061548808696,
        1.3494613474071058,
        1.2501382794149116,
        1.1649702002669287,
        1.0918920224341513,
        1.0269454341725406,
        0.9670608884551644,
        0.9144976989540766,
        0.865375989229998,
        0.8196796422634077,
        0.7777369128444692,
        0.7370225631198285,
        0.6978515380694738,
        0.6631982628159052,
        0.6288142710276556,
        0.5952725918669486,
        0.5667778223205145,
        0.5372280974782262,
        0.5073510550709496
    ],
    "val_losses": [
        1.7779163640665985,
        1.6402761686653045,
        1.562525400704675,
        1.5161833810261456,
        1.4822228608966854,
        1.4679511842743864,
        1.4678051103182308,
        1.4732435971079432,
        1.477690053959469,
        1.4947442306773258,
        1.5098700879675977,
        1.5358073321316563,
        1.5678922504286716,
        1.5996771658170605,
        1.6347979159314399,
        1.6691578593069474,
        1.7122812836554433,
        1.7500146757883082,
        1.8104412526255291,
        1.845177268197886,
        1.888914134841134
    ],
    "val_accs": [
        0.3715,
        0.421,
        0.4535,
        0.4693,
        0.4826,
        0.4895,
        0.4957,
        0.5004,
        0.4987,
        0.5053,
        0.5073,
        0.5007,
        0.5072,
        0.5017,
        0.5007,
        0.5019,
        0.5006,
        0.4977,
        0.5004,
        0.4944,
        0.494
    ],
    "hyperparameters": {
        "batch_size": 128,
        "learning_rate": 0.0005,
        "momentum": 0.9,
        "weight_decay": 0.0001,
        "optimizer": "adam",
        "early_stopping": true,
        "patience": 10
    },
    "runtime_info": {
        "total_training_time": 47.477813959121704,
        "avg_epoch_time": 2.2608482837677,
        "timestamp": "2025-04-13 00:38:00"
    }
}