{
    "model_name": "Adam_GELU_standard",
    "features": [
        "GELU",
        "Adam"
    ],
    "accuracy": 0.5107,
    "precision": 0.5271716186789085,
    "recall": 0.5107,
    "f1_score": 0.5140394957141887,
    "loss": 1.368673573645435,
    "inference_time": 0.1435849666595459,
    "timestamp": "2025-04-12 21:12:32"
}