{
    "model_name": "Adam_GELU_standard",
    "features": [
        "GELU",
        "Adam"
    ],
    "epochs": 26,
    "best_epoch": 16,
    "best_val_acc": 0.5227,
    "training_time": 62.804712772369385,
    "train_losses": [
        1.8937639308512968,
        1.6025635261754816,
        1.5071917997437818,
        1.4606906257819812,
        1.4147513026227965,
        1.3841336624857927,
        1.3631444139570443,
        1.341684841967837,
        1.3244773351654935,
        1.3020563952657267,
        1.293521861057219,
        1.2861071064379874,
        1.2776746680991238,
        1.2619130092665019,
        1.261834942381194,
        1.2469822832840882,
        1.245669234597651,
        1.2359325442766598,
        1.2419397700702741,
        1.224651062101218,
        1.2179230526323774,
        1.220496210667915,
        1.2105750075314017,
        1.2015025757547155,
        1.1932012509516086,
        1.1918575164168292
    ],
    "val_losses": [
        1.597516310732942,
        1.4931504727816278,
        1.44624924569281,
        1.4224872420214618,
        1.399099834503918,
        1.3884969799540126,
        1.3694244087045775,
        1.3821813504542773,
        1.3658694596395728,
        1.3641533385667584,
        1.362073904197013,
        1.3696545460322067,
        1.3659932929106537,
        1.3711950422569472,
        1.3697779778125139,
        1.369095266970093,
        1.3730842760417408,
        1.3683833378214372,
        1.377233904827336,
        1.3805690646016224,
        1.3816046765423318,
        1.38736109260243,
        1.3914100029919807,
        1.3791571370482945,
        1.3838936367547077,
        1.405947674489739
    ],
    "val_accs": [
        0.4359,
        0.4633,
        0.4808,
        0.4915,
        0.5024,
        0.5018,
        0.51,
        0.5065,
        0.5102,
        0.5133,
        0.5157,
        0.5143,
        0.5089,
        0.5113,
        0.5127,
        0.5227,
        0.5123,
        0.517,
        0.5156,
        0.516,
        0.5109,
        0.5117,
        0.5146,
        0.513,
        0.514,
        0.5022
    ],
    "hyperparameters": {
        "batch_size": 128,
        "learning_rate": 0.005,
        "momentum": 0.9,
        "weight_decay": 0.0001,
        "optimizer": "adam",
        "early_stopping": true,
        "patience": 10
    },
    "runtime_info": {
        "total_training_time": 62.804712772369385,
        "avg_epoch_time": 2.415565875860361,
        "timestamp": "2025-04-12 21:12:32"
    }
}