{
    "model_name": "Adam_BatchNorm_GELU_standard",
    "features": [
        "GELU",
        "Adam",
        "BatchNorm"
    ],
    "accuracy": 0.167,
    "precision": 0.18599892673294943,
    "recall": 0.167,
    "f1_score": 0.14792123436529356,
    "loss": 2.2320147201449587,
    "inference_time": 0.15244507789611816,
    "timestamp": "2025-04-12 19:20:34"
}