{
    "model_name": "Adam_BatchNorm_GELU_standard",
    "features": [
        "GELU",
        "Adam",
        "BatchNorm"
    ],
    "epochs": 11,
    "best_epoch": 1,
    "best_val_acc": 0.1647,
    "training_time": 28.81276226043701,
    "train_losses": [
        2.460000401721514,
        2.0814896493654187,
        1.950843668960241,
        1.884930427716006,
        1.858767756569997,
        1.8704922931533123,
        1.9531045799760118,
        2.072869939452277,
        2.2481075761549216,
        2.2863382339878733,
        2.282378566163289
    ],
    "val_losses": [
        2.235594526416081,
        2.2762796089851514,
        2.297250924413183,
        2.3052910340178925,
        2.304202086917527,
        2.3141305747698397,
        2.3151615697307673,
        2.312548419114226,
        2.31165282392903,
        2.312335499155307,
        2.3116982850718553
    ],
    "val_accs": [
        0.1647,
        0.1249,
        0.1057,
        0.1203,
        0.1219,
        0.1002,
        0.0781,
        0.0426,
        0.1022,
        0.1022,
        0.1022
    ],
    "hyperparameters": {
        "batch_size": 128,
        "learning_rate": 0.0005,
        "momentum": 0.9,
        "weight_decay": 0.0001,
        "optimizer": "adam",
        "early_stopping": true,
        "patience": 10
    },
    "runtime_info": {
        "total_training_time": 28.81276226043701,
        "avg_epoch_time": 2.619342023676092,
        "timestamp": "2025-04-12 19:20:34"
    }
}