{
    "model_name": "Adam_GELU_standard",
    "features": [
        "GELU",
        "Adam"
    ],
    "epochs": 79,
    "best_epoch": 69,
    "best_val_acc": 0.5828,
    "training_time": 378.4728400707245,
    "train_losses": [
        2.606414874637825,
        2.081040503261686,
        1.910476698503205,
        1.8263283610306353,
        1.7494946454623093,
        1.7025520338478923,
        1.6513832544099538,
        1.6121066744476296,
        1.575614503236083,
        1.5405499712649156,
        1.5072899457192932,
        1.4841942287152694,
        1.4528803792415272,
        1.4285935951609081,
        1.4042023778148616,
        1.3845200418255004,
        1.368369744270327,
        1.345011192334207,
        1.3319855014335036,
        1.3147471944856473,
        1.2968822488454443,
        1.279847439105805,
        1.2704110112009326,
        1.2577090693799826,
        1.241142239254737,
        1.2267262061915096,
        1.2193818923839272,
        1.2013944644489072,
        1.1977635674032292,
        1.190462280991847,
        1.1731654365374349,
        1.1716172085921222,
        1.1613057870817136,
        1.15004677992743,
        1.1419572626587826,
        1.1255156589409006,
        1.1243226224546292,
        1.1136849258431414,
        1.1119907586873674,
        1.1025129413689296,
        1.0957805939933065,
        1.0849568387888167,
        1.0721276232035672,
        1.072225557418839,
        1.0665057461251952,
        1.0655651649356275,
        1.056958456778124,
        1.0477565443532504,
        1.042879113299483,
        1.0488008310214618,
        1.0365524933295163,
        1.0344277144590048,
        1.0208809541466137,
        1.0179167489159429,
        1.0212800183637016,
        1.0163651394601727,
        1.0057199542281041,
        1.0092047900904033,
        0.9956024835885166,
        0.9929199320280571,
        0.9909869222838115,
        0.9855126430779221,
        0.980392604351786,
        0.9811932627845357,
        0.9736000988343777,
        0.9735860135145332,
        0.9730747842541874,
        0.9658254957400287,
        0.9661249114056384,
        0.9649063095033267,
        0.9586673999853159,
        0.9535027594027939,
        0.951566160780787,
        0.9419163056860915,
        0.9403413004577004,
        0.9453039513547433,
        0.9426640630455072,
        0.9326867787560619,
        0.9250851819983816
    ],
    "val_losses": [
        2.1429744060284706,
        1.8942622456736338,
        1.7675920907774165,
        1.6985076523453202,
        1.6462220947829111,
        1.607372413737949,
        1.5672598339310857,
        1.528562402436027,
        1.50350313867106,
        1.4632132618199158,
        1.4577056804747186,
        1.42936390009366,
        1.4120198756961133,
        1.3960327899511051,
        1.3784569135802627,
        1.3599576533063973,
        1.347052208559229,
        1.338239311060003,
        1.327215133707655,
        1.3213085126075566,
        1.309196451739734,
        1.3001600134831577,
        1.2917059994593223,
        1.2808303964049848,
        1.2816157302452462,
        1.2707078808399956,
        1.2670503415508738,
        1.2671875980554983,
        1.2565777619747316,
        1.2571227170558967,
        1.248456394959477,
        1.249332857056499,
        1.2418586433243861,
        1.239957273271579,
        1.2351017380629534,
        1.2314391737965205,
        1.2296777375441532,
        1.226474753644214,
        1.2241296181477817,
        1.2236910364964637,
        1.2208396225571259,
        1.2184760796884098,
        1.2131721168211893,
        1.213341404410902,
        1.2131749168569739,
        1.2140980379815494,
        1.209662779991642,
        1.2121951429546534,
        1.2115043279046174,
        1.2112506983357818,
        1.208949730327802,
        1.2086560964965436,
        1.207228586352111,
        1.2081902311027566,
        1.2094161880038563,
        1.209046023971324,
        1.2049477889100944,
        1.2079928146433416,
        1.2075040825352892,
        1.2104112914978056,
        1.2080259747590254,
        1.206290158135815,
        1.2073148170668508,
        1.206824328560831,
        1.2106926537840694,
        1.21253433354734,
        1.2126153719827377,
        1.2114734471020234,
        1.211121473798061,
        1.212760521398632,
        1.21354032665981,
        1.2147212395291511,
        1.2146703321880268,
        1.214173796672815,
        1.2143210046909203,
        1.2135987932628547,
        1.2147434002605566,
        1.2143302755065468,
        1.214842475728379
    ],
    "val_accs": [
        0.2549,
        0.3449,
        0.392,
        0.4137,
        0.4342,
        0.4458,
        0.4617,
        0.4766,
        0.4792,
        0.4878,
        0.4937,
        0.501,
        0.5125,
        0.5124,
        0.5226,
        0.5236,
        0.5246,
        0.5276,
        0.5328,
        0.5337,
        0.5425,
        0.5405,
        0.5475,
        0.5529,
        0.5514,
        0.5547,
        0.5576,
        0.5559,
        0.5549,
        0.5557,
        0.5571,
        0.5612,
        0.5606,
        0.5628,
        0.5642,
        0.5706,
        0.5654,
        0.5699,
        0.5701,
        0.5675,
        0.5694,
        0.5712,
        0.575,
        0.5726,
        0.574,
        0.5722,
        0.5778,
        0.5749,
        0.5746,
        0.5735,
        0.5767,
        0.5762,
        0.579,
        0.5776,
        0.577,
        0.5787,
        0.5785,
        0.5752,
        0.5791,
        0.5782,
        0.581,
        0.582,
        0.5795,
        0.5789,
        0.5779,
        0.5762,
        0.5772,
        0.5787,
        0.5828,
        0.5788,
        0.5796,
        0.5773,
        0.578,
        0.5778,
        0.5785,
        0.5768,
        0.5778,
        0.5769,
        0.5799
    ],
    "hyperparameters": {
        "batch_size": 128,
        "learning_rate": 0.0005,
        "momentum": 0.9,
        "weight_decay": 0.0001,
        "optimizer": "adam",
        "early_stopping": true,
        "patience": 10
    },
    "runtime_info": {
        "total_training_time": 378.4728400707245,
        "avg_epoch_time": 4.790795443933221,
        "timestamp": "2025-04-13 15:03:10"
    }
}