{
    "model_name": "Adam_GELU_standard",
    "features": [
        "GELU",
        "Adam"
    ],
    "epochs": 104,
    "best_epoch": 94,
    "best_val_acc": 0.5369,
    "training_time": 125.59692692756653,
    "train_losses": [
        3.0254881290858306,
        2.360570120213231,
        2.2767313050264333,
        2.2002714167388726,
        2.104978260316892,
        2.0282989877989634,
        1.9689106726368766,
        1.923168367832624,
        1.8780090880188045,
        1.8475514355962581,
        1.8076804825531605,
        1.7787363874898074,
        1.7564251212663433,
        1.7358752919682507,
        1.7103560058018705,
        1.6920587183961755,
        1.67508134219367,
        1.6595178105137893,
        1.641172541051287,
        1.6303744175876347,
        1.6164780856469703,
        1.6000971301733988,
        1.5874872758536425,
        1.5723804038516918,
        1.569684647752523,
        1.55764920367768,
        1.5528247628599336,
        1.5403113746703458,
        1.5353432711428803,
        1.5252715947931326,
        1.5141137504365092,
        1.5095677429022347,
        1.502288698847176,
        1.5028421010398711,
        1.5017005902182123,
        1.4946587535826004,
        1.4838161312859572,
        1.4771214095065623,
        1.4763224990288424,
        1.4685512196793962,
        1.4691983011080516,
        1.4651108461994122,
        1.458288834274135,
        1.4549981930261497,
        1.4521282662345971,
        1.446235600569905,
        1.4439921580492063,
        1.440868496001706,
        1.4349894492682018,
        1.438238600057689,
        1.4352391075517377,
        1.4308811790126748,
        1.4289960816462408,
        1.4249618122944125,
        1.424716861966246,
        1.4215017703412842,
        1.4219899838712795,
        1.4186133910226082,
        1.4193649626629112,
        1.4096760152044716,
        1.410746256007516,
        1.409586581275162,
        1.411172459049925,
        1.4078948593096126,
        1.4049701761591566,
        1.4019576236486027,
        1.4086986260321908,
        1.3960601272086557,
        1.3971527085337039,
        1.4049681315723956,
        1.4005056950725394,
        1.3909027082561507,
        1.391919108323426,
        1.3965495688513223,
        1.394066970848289,
        1.3943404646724107,
        1.385098585431421,
        1.3923802081898304,
        1.3861497930323499,
        1.3843194328061625,
        1.3875936896686454,
        1.3861338000073824,
        1.383814758740574,
        1.3868149994746486,
        1.3802446163671747,
        1.3831726578352337,
        1.38445274828857,
        1.3769848646475902,
        1.3729086878397536,
        1.38009488458608,
        1.3723617413338716,
        1.38100684736692,
        1.3785072119210602,
        1.3717928180846775,
        1.378094787975116,
        1.378665209650195,
        1.382145864435007,
        1.3697489051583112,
        1.374724290523742,
        1.3708047239077032,
        1.3694599640267218,
        1.3652815442166386,
        1.3690235047918042,
        1.3706092951989257
    ],
    "val_losses": [
        2.2790036666861844,
        2.27223854116051,
        2.214792412298762,
        2.0879277037013657,
        1.968936222119435,
        1.8895467971563227,
        1.8389684308823577,
        1.7891551779551254,
        1.7496421400595832,
        1.7178017838614437,
        1.6811564191410264,
        1.6508376706353032,
        1.6346584825585142,
        1.6126762049619925,
        1.589204321339559,
        1.5713528266285086,
        1.551531480726999,
        1.5372086968583172,
        1.5239006930102594,
        1.5111122766292635,
        1.4953700741176537,
        1.484407718329119,
        1.4748543310657798,
        1.4620795097251842,
        1.4565765565448314,
        1.4483148224738585,
        1.4419317346918707,
        1.4362494622927295,
        1.4275071932648278,
        1.4215185084089064,
        1.415057365829685,
        1.4101090886355152,
        1.4065765313936422,
        1.40277357447022,
        1.3974731794046575,
        1.3928549747718075,
        1.3863226063199916,
        1.3833011032705835,
        1.3823219378666929,
        1.3756844997907867,
        1.3707412469855056,
        1.371074946761702,
        1.3674749417413676,
        1.3671660840376965,
        1.365090510407112,
        1.3601324983615766,
        1.3594694036113417,
        1.3566379565326363,
        1.3549484853549536,
        1.3543461267643726,
        1.349460459176305,
        1.3482005399072505,
        1.3462338640845906,
        1.3436724553861052,
        1.3409243416202032,
        1.3398791786951323,
        1.3415549243745257,
        1.3389998683206108,
        1.3393649097209523,
        1.3355215123451827,
        1.3346158473997325,
        1.3329216560662747,
        1.3325800613458898,
        1.332328315971299,
        1.3318789769952781,
        1.3301460172625001,
        1.330510706477808,
        1.327383460804899,
        1.329370680516924,
        1.327837686019258,
        1.3256136723111898,
        1.3249206129384026,
        1.3228296098091,
        1.3231377977172059,
        1.3218541832560449,
        1.3221622418385905,
        1.3210348622860606,
        1.3223241468251483,
        1.3200445377629588,
        1.3193876274982523,
        1.319881787812095,
        1.3206904266758632,
        1.3211850374587681,
        1.31896573450475,
        1.3187496702592574,
        1.3195878680823885,
        1.3205995332246325,
        1.317806372631827,
        1.3167664913175503,
        1.3174398842220811,
        1.3156749421228449,
        1.3165999560426558,
        1.3144243561605513,
        1.3135205499553237,
        1.312149775920582,
        1.312719458237611,
        1.3130544042800663,
        1.310232973802895,
        1.3093558583032212,
        1.3093778134656742,
        1.3090122619763898,
        1.3090958999222693,
        1.3098117083133032,
        1.3079006057255989
    ],
    "val_accs": [
        0.1434,
        0.1436,
        0.1815,
        0.235,
        0.2879,
        0.3174,
        0.3382,
        0.3683,
        0.3826,
        0.3916,
        0.4077,
        0.419,
        0.4216,
        0.4325,
        0.4395,
        0.4456,
        0.4486,
        0.4559,
        0.4565,
        0.4578,
        0.4636,
        0.4681,
        0.4723,
        0.4744,
        0.4778,
        0.4797,
        0.4831,
        0.4859,
        0.4869,
        0.4903,
        0.4939,
        0.4941,
        0.4962,
        0.4971,
        0.4994,
        0.5029,
        0.5047,
        0.5038,
        0.5055,
        0.5086,
        0.5113,
        0.5129,
        0.5133,
        0.5127,
        0.5119,
        0.5171,
        0.5148,
        0.5174,
        0.5172,
        0.5152,
        0.5213,
        0.5217,
        0.5215,
        0.5234,
        0.5232,
        0.5244,
        0.5224,
        0.5229,
        0.5244,
        0.5252,
        0.5251,
        0.526,
        0.5251,
        0.5259,
        0.528,
        0.5246,
        0.5278,
        0.5258,
        0.5248,
        0.5279,
        0.5279,
        0.5299,
        0.5285,
        0.5295,
        0.5301,
        0.5309,
        0.5273,
        0.5279,
        0.5265,
        0.5266,
        0.5271,
        0.5301,
        0.5314,
        0.53,
        0.5311,
        0.5266,
        0.5308,
        0.5317,
        0.5307,
        0.5301,
        0.5313,
        0.5303,
        0.5342,
        0.5369,
        0.5346,
        0.5303,
        0.5346,
        0.5369,
        0.5352,
        0.5325,
        0.5369,
        0.534,
        0.5352,
        0.5343
    ],
    "hyperparameters": {
        "batch_size": 128,
        "learning_rate": 0.0005,
        "momentum": 0.9,
        "weight_decay": 0.0001,
        "optimizer": "adam",
        "early_stopping": true,
        "patience": 10
    },