{
    "model_name": "Adam_GELU_standard",
    "features": [
        "GELU",
        "Adam"
    ],
    "epochs": 47,
    "best_epoch": 37,
    "best_val_acc": 0.5776,
    "training_time": 391.1137239933014,
    "train_losses": [
        2.4564600302213244,
        1.9664104166693213,
        1.8186561536467778,
        1.7342979667738594,
        1.6733525183387608,
        1.610251335380577,
        1.5683835979858907,
        1.520466885182645,
        1.487695418157463,
        1.4549280498990163,
        1.4191896129211408,
        1.3956959539651732,
        1.3694876542368963,
        1.3524429846219268,
        1.326002743720451,
        1.3111347756808511,
        1.2871386344282134,
        1.274768111200716,
        1.2537256788036513,
        1.2420249654734004,
        1.2259992469723602,
        1.2088774655159433,
        1.2039734771806008,
        1.1820624327036686,
        1.1783520970071057,
        1.1697014663291532,
        1.152704348859229,
        1.1440085703572054,
        1.1299366854384583,
        1.1232906497082293,
        1.1186518845212985,
        1.111685708090069,
        1.09984696410374,
        1.0948040187984882,
        1.08832070146787,
        1.0803332232064797,
        1.0720693660215295,
        1.0670849579503099,
        1.0541353585721347,
        1.0469906279608665,
        1.048652115750774,
        1.0435956569468405,
        1.0295684710209922,
        1.0279426882890428,
        1.0162868155690248,
        1.0114621127765278,
        1.0149340316996613
    ],
    "val_losses": [
        1.9983322732439919,
        1.786193204552249,
        1.7014593316251359,
        1.6338444434075723,
        1.5748568365409497,
        1.5250771793923228,
        1.4873446576384932,
        1.4411353986804598,
        1.4250434569438104,
        1.4009855215310487,
        1.3671365657391696,
        1.3566310071305538,
        1.3446131551279767,
        1.3297424545869856,
        1.3135585437889843,
        1.3064006069504908,
        1.2911945779088367,
        1.2866863448942951,
        1.2774855617672627,
        1.2718310451044883,
        1.2676635221070651,
        1.2583075577644967,
        1.251204270185234,
        1.252921081248625,
        1.2476398890198515,
        1.2443203928332585,
        1.2416818472208986,
        1.238185885249934,
        1.2356107255509032,
        1.2314040897091298,
        1.2282797467462234,
        1.2240252990937295,
        1.2226980264683902,
        1.2215818022508842,
        1.2194830956784453,
        1.2196482966945252,
        1.2149174855186946,
        1.2117107231372752,
        1.2129398981675261,
        1.2131973736976551,
        1.2161176732719359,
        1.2127097899903676,
        1.2140799686838986,
        1.2091295487646248,
        1.2106419414010376,
        1.209328629078742,
        1.2106383650517771
    ],
    "val_accs": [
        0.3057,
        0.3739,
        0.4069,
        0.4323,
        0.4496,
        0.466,
        0.4784,
        0.4895,
        0.495,
        0.5089,
        0.5215,
        0.5246,
        0.5264,
        0.5325,
        0.5379,
        0.542,
        0.5461,
        0.5486,
        0.55,
        0.5551,
        0.5545,
        0.5574,
        0.56,
        0.5554,
        0.558,
        0.5615,
        0.562,
        0.5642,
        0.5654,
        0.5636,
        0.5651,
        0.5661,
        0.5689,
        0.5707,
        0.571,
        0.5729,
        0.5776,
        0.5771,
        0.5749,
        0.5758,
        0.5722,
        0.5725,
        0.5712,
        0.5704,
        0.5698,
        0.572,
        0.5705
    ],
    "hyperparameters": {
        "batch_size": 64,
        "learning_rate": 0.0005,
        "momentum": 0.9,
        "weight_decay": 0.0001,
        "optimizer": "adam",
        "early_stopping": true,
        "patience": 10
    },
    "runtime_info": {
        "total_training_time": 391.1137239933014,
        "avg_epoch_time": 8.321568595602157,
        "timestamp": "2025-04-13 13:53:48"
    }
}