{
    "model_name": "Adam_GELU_standard",
    "features": [
        "GELU",
        "Adam"
    ],
    "epochs": 56,
    "best_epoch": 46,
    "best_val_acc": 0.5738,
    "training_time": 265.4535219669342,
    "train_losses": [
        2.554597921269756,
        2.0663563929018505,
        1.9075568161345056,
        1.8105943986910253,
        1.745180450478226,
        1.6939597389762926,
        1.6429736762432852,
        1.6059303963673628,
        1.57324639270884,
        1.534302145729017,
        1.5019218204837612,
        1.4789687947025427,
        1.4523617406301672,
        1.4284570474103508,
        1.4104475190135033,
        1.380487642020174,
        1.3641232688739706,
        1.3461841363567864,
        1.3291648735531851,
        1.318506248305832,
        1.2972590087101485,
        1.2786570615354205,
        1.2658827649047972,
        1.2545999589829337,
        1.2401837256732362,
        1.2344686423220517,
        1.2195550551073782,
        1.2096425466060636,
        1.1977847880245716,
        1.1903869588463318,
        1.175577561213668,
        1.1671385380039054,
        1.1529326250581324,
        1.145309615083351,
        1.1356829213985749,
        1.1303731641001393,
        1.1242150785306617,
        1.1203482771208804,
        1.1097366466013716,
        1.098567234588224,
        1.0969813492032856,
        1.0862947052882514,
        1.0880940367153207,
        1.076269849948543,
        1.0700030484776653,
        1.0641776712624034,
        1.0587043373037777,
        1.0559020650368176,
        1.0479746245254615,
        1.0474621010829375,
        1.0355622116834993,
        1.027930441095781,
        1.0267312402283373,
        1.0163881962620704,
        1.0107525557329773,
        1.0090394334749968
    ],
    "val_losses": [
        2.1188906499047073,
        1.8643474338946397,
        1.7529584577322406,
        1.6895264705611268,
        1.639370028273873,
        1.6018054024657578,
        1.5586157728709529,
        1.5229530101850401,
        1.4980138695508716,
        1.469353725261704,
        1.44615847907555,
        1.4188494097401159,
        1.3985935983754683,
        1.3826570618533192,
        1.3734577700197956,
        1.36343078485166,
        1.3482479384268162,
        1.3361456575160577,
        1.3219004085743846,
        1.3157231959960531,
        1.3043805521599159,
        1.2964813302287264,
        1.2869777319887223,
        1.2807436525625713,
        1.278849352400019,
        1.2697959456720522,
        1.263543972007374,
        1.2590627236874887,
        1.2594245325775137,
        1.2487776529029346,
        1.2463483512583948,
        1.2403374358993404,
        1.2403430194960732,
        1.2367623359009943,
        1.2292520657807764,
        1.2326900483629812,
        1.226566238032607,
        1.223247792498346,
        1.219882219042212,
        1.2245637811502046,
        1.215232771679315,
        1.2153539628955154,
        1.2145617059786993,
        1.2143825644458306,
        1.2138787571399432,
        1.208718024371919,
        1.2064051691699627,
        1.20710752351442,
        1.2074255175047697,
        1.2046320861545925,
        1.2052669909152578,
        1.2069991453673021,
        1.2035266375889928,
        1.2074044403351896,
        1.2045348646596434,
        1.2079336533657616
    ],
    "val_accs": [
        0.2606,
        0.3556,
        0.3947,
        0.4191,
        0.4315,
        0.4454,
        0.4642,
        0.474,
        0.4809,
        0.4856,
        0.495,
        0.5024,
        0.5109,
        0.5155,
        0.5177,
        0.5204,
        0.5251,
        0.5281,
        0.5344,
        0.5364,
        0.5408,
        0.5443,
        0.5449,
        0.5511,
        0.5456,
        0.5501,
        0.5536,
        0.5522,
        0.5556,
        0.5607,
        0.564,
        0.5613,
        0.5636,
        0.5618,
        0.5665,
        0.5638,
        0.5688,
        0.57,
        0.571,
        0.5681,
        0.573,
        0.572,
        0.5735,
        0.5737,
        0.571,
        0.5738,
        0.5735,
        0.5736,
        0.5733,
        0.5737,
        0.5735,
        0.5707,
        0.5732,
        0.5689,
        0.5735,
        0.5701
    ],
    "hyperparameters": {
        "batch_size": 128,
        "learning_rate": 0.0005,
        "momentum": 0.9,
        "weight_decay": 0.0001,
        "optimizer": "adam",
        "early_stopping": true,
        "patience": 10
    },
    "runtime_info": {
        "total_training_time": 265.4535219669342,
        "avg_epoch_time": 4.740241463695254,
        "timestamp": "2025-04-13 10:30:30"
    }
}