{
    "model_name": "Adam_GELU_standard",
    "features": [
        "GELU",
        "Adam"
    ],
    "accuracy": 0.5567,
    "precision": 0.5558116766236048,
    "recall": 0.5567,
    "f1_score": 0.5539380235230789,
    "loss": 1.2299376876735213,
    "inference_time": 0.19588470458984375,
    "timestamp": "2025-04-13 16:24:50"
}