{
    "model_name": "Adam_GELU_standard",
    "features": [
        "GELU",
        "Adam"
    ],
    "epochs": 81,
    "best_epoch": 71,
    "best_val_acc": 0.5596,
    "training_time": 236.59545588493347,
    "train_losses": [
        2.7707203081489444,
        2.265178229717876,
        2.1225431863619377,
        2.0029845770891788,
        1.9131721470853718,
        1.851595511081546,
        1.8083501915702298,
        1.7602264564336678,
        1.7321558354392002,
        1.6941496607796591,
        1.665297565108764,
        1.640530244853718,
        1.6167035383482091,
        1.589309339565497,
        1.5729453323076752,
        1.5426641878641834,
        1.5293998273222684,
        1.5114717024649404,
        1.5012787394799778,
        1.4791846929804722,
        1.4690518173751057,
        1.4526406629960897,
        1.4461348556254487,
        1.4274011152688857,
        1.4163136408615054,
        1.410925544913257,
        1.3966059413174732,
        1.385691183400598,
        1.3768372731056626,
        1.3705173343929775,
        1.3546399954226045,
        1.3454112529365367,
        1.34098491424706,
        1.333798502761389,
        1.3324932557210893,
        1.319667177831691,
        1.3103403510647682,
        1.3058137067616558,
        1.3016691151646271,
        1.2966058170282955,
        1.2913874468342998,
        1.2834160527111182,
        1.2762921142365753,
        1.2722092600730794,
        1.268389945723161,
        1.26256138567871,
        1.2661430655439136,
        1.250961030383599,
        1.2514750198575468,
        1.2501511236983378,
        1.2394582881165557,
        1.2400713391184905,
        1.2378525735797234,
        1.234708883180074,
        1.2320801945983868,
        1.220659317759866,
        1.2255862764685417,
        1.221670024001737,
        1.2154169278755542,
        1.2184705077209972,
        1.2132741418178412,
        1.2089335226070517,
        1.2046919591478031,
        1.20719842873324,
        1.2018496445624383,
        1.1967770042154522,
        1.1959083803561983,
        1.1964696260913361,
        1.1925563806623476,
        1.1829966947224664,
        1.1842591124041333,
        1.1855024731071095,
        1.1820593500407865,
        1.1872755549019265,
        1.1772288950171752,
        1.1775343482657494,
        1.176730494302922,
        1.178194526091227,
        1.1700658387232505,
        1.1750601852272733,
        1.1705799886021215
    ],
    "val_losses": [
        2.2572340717467307,
        2.1471205127312176,
        1.9737969314653292,
        1.8492674788673136,
        1.7770933086707599,
        1.715177604345792,
        1.680980757170119,
        1.647406411206816,
        1.6228771592268492,
        1.584665694982128,
        1.5670726791036218,
        1.5379015808097343,
        1.5162291057950352,
        1.496216763055616,
        1.4810224015517381,
        1.4611567059123387,
        1.44447931152975,
        1.4345045224468718,
        1.4228903377879454,
        1.40631628081488,
        1.3991239453120046,
        1.3864813919975851,
        1.378942805203526,
        1.368422590555257,
        1.3605626218870808,
        1.3553515517238302,
        1.3472939378290119,
        1.3356389978803904,
        1.3320983205627337,
        1.3262253403709738,
        1.3159986286979293,
        1.3143987903825722,
        1.3061745470697372,
        1.3013856314569927,
        1.3004713644914163,
        1.2981218427689847,
        1.2929240547706953,
        1.289121819312951,
        1.2854330855355605,
        1.282230814581712,
        1.277636199436006,
        1.274423921065626,
        1.2718359277020745,
        1.2705804214285872,
        1.2680969760816705,
        1.2656473840558393,
        1.2617048557040096,
        1.2608632720419188,
        1.259466173009912,
        1.2584846550079793,
        1.2586933132716858,
        1.255898794843101,
        1.2532041807021161,
        1.2507309278110845,
        1.2502875609255857,
        1.250538501062019,
        1.2500223238601134,
        1.247341954610943,
        1.2467884743510889,
        1.246390158656934,
        1.245409187814879,
        1.2473927366066655,
        1.2438846322345225,
        1.2427068841459732,
        1.2429123995613078,
        1.241747660392191,
        1.2415750241293686,
        1.243107724173674,
        1.2410038705029887,
        1.240094627871346,
        1.238926327314412,
        1.2390672450222697,
        1.2380249114384743,
        1.2399584028957258,
        1.2419675136591088,
        1.2410341788741919,
        1.2411353412917232,
        1.2389159291002085,
        1.2357060433841296,
        1.2373554585763415,
        1.2367947991244874
    ],
    "val_accs": [
        0.1589,
        0.2358,
        0.3054,
        0.3525,
        0.3811,
        0.3954,
        0.41,
        0.4212,
        0.4335,
        0.4441,
        0.4471,
        0.4588,
        0.4659,
        0.4729,
        0.4792,
        0.485,
        0.489,
        0.4969,
        0.4946,
        0.5013,
        0.505,
        0.5068,
        0.5106,
        0.5135,
        0.5183,
        0.5207,
        0.5195,
        0.5274,
        0.529,
        0.5295,
        0.5335,
        0.5329,
        0.5349,
        0.5369,
        0.5405,
        0.5402,
        0.5372,
        0.5424,
        0.544,
        0.5429,
        0.5446,
        0.5455,
        0.5474,
        0.5449,
        0.5454,
        0.5496,
        0.5515,
        0.5504,
        0.5506,
        0.5524,
        0.5496,
        0.552,
        0.5531,
        0.5548,
        0.5561,
        0.5514,
        0.5535,
        0.5536,
        0.5522,
        0.5557,
        0.5551,
        0.5538,
        0.554,
        0.5535,
        0.5573,
        0.5562,
        0.5567,
        0.5561,
        0.5559,
        0.5577,
        0.5596,
        0.5575,
        0.5591,
        0.5581,
        0.5556,
        0.5552,
        0.5585,
        0.555,
        0.5577,
        0.5579,
        0.5575
    ],
    "hyperparameters": {
        "batch_size": 128,
        "learning_rate": 0.0005,
        "momentum": 0.9,
        "weight_decay": 0.0001,
        "optimizer": "adam",
        "early_stopping": true,
        "patience": 10
    },
    "runtime_info": {
        "total_training_time": 236.59545588493347,
        "avg_epoch_time": 2.920931554134981,
        "timestamp": "2025-04-13 16:24:50"
    }
}