{
    "model_name": "Adam_GELU_standard",
    "features": [
        "GELU",
        "Adam"
    ],
    "epochs": 97,
    "best_epoch": 87,
    "best_val_acc": 0.5344,
    "training_time": 116.70422196388245,
    "train_losses": [
        2.838278473915698,
        2.32803126252905,
        2.241637695669872,
        2.1436567959591213,
        2.0520891977383897,
        1.9923674269079894,
        1.940918509542553,
        1.8971831636967829,
        1.862972735482982,
        1.8304057721688698,
        1.8072305017828054,
        1.7804927190403375,
        1.7576524422894528,
        1.7351044143993448,
        1.7125395112071418,
        1.6936921510263876,
        1.6758422103961463,
        1.660007595777258,
        1.64432986495813,
        1.6291591303376407,
        1.6201709902562875,
        1.60416276320273,
        1.5884750754596713,
        1.5831741232129906,
        1.5752042180280912,
        1.5590530682519075,
        1.5577861351578985,
        1.5489151562320724,
        1.536983685438316,
        1.5245187377969383,
        1.5188347807278086,
        1.511636980257207,
        1.5097269706667311,
        1.4992142001028212,
        1.4926731662865111,
        1.4997354188846472,
        1.4869375595722918,
        1.4794878920862082,
        1.4753442256675027,
        1.4737266999540617,
        1.4682820589836545,
        1.4637795651151482,
        1.4583625480550428,
        1.45289587683547,
        1.4496539854994435,
        1.4490617059819557,
        1.442643697189361,
        1.4394756855761608,
        1.443695452116951,
        1.4316167194266665,
        1.4367550292724327,
        1.4339127101588436,
        1.4308493201329828,
        1.4252270738201136,
        1.4306123867247496,
        1.4231774543403761,
        1.422470993309416,
        1.421567269053504,
        1.4204204567117569,
        1.417332386128773,
        1.4146069309518536,
        1.4105236242836998,
        1.4086396526229024,
        1.4109001001427883,
        1.4013984426015385,
        1.4006286700040236,
        1.3864513184090481,
        1.3997256443293904,
        1.3991272770191014,
        1.393954165255653,
        1.397678258356513,
        1.3913089792407731,
        1.397030219754166,
        1.3864891718221084,
        1.387446172828979,
        1.394473092878235,
        1.39167013651935,
        1.3830599322311141,
        1.3840928538449193,
        1.3840004244898474,
        1.3825389077125103,
        1.3785714609893038,
        1.3780170884070193,
        1.3806715466818413,
        1.3848002792020633,
        1.3830825463844554,
        1.380581998782099,
        1.377468465198562,
        1.3732776484980438,
        1.3736334380415722,
        1.379653931332731,
        1.3751864120689818,
        1.3757721454789917,
        1.3650799579492539,
        1.3722545096392773,
        1.3764350407748207,
        1.3669820326336712
    ],
    "val_losses": [
        2.2796757691132203,
        2.2563290110460783,
        2.1413058097179283,
        2.016320205591056,
        1.9204814890303452,
        1.8590867042653338,
        1.8067402937985935,
        1.774010821132068,
        1.7366514956312908,
        1.7086331938290906,
        1.6832737602034444,
        1.6613458624883883,
        1.6370488649664792,
        1.6166737634940216,
        1.5997778629126673,
        1.577198019354315,
        1.5590896909353,
        1.542452052910346,
        1.5289069193104028,
        1.5169110828401764,
        1.5046782905663305,
        1.4933659265182826,
        1.4765987589647094,
        1.4715647616587575,
        1.4612180985960357,
        1.4526361424089254,
        1.4458888079140444,
        1.4359933218196086,
        1.4299365959155774,
        1.4218860505306616,
        1.412848197398762,
        1.4086215362491343,
        1.4038239738688851,
        1.3998738479015356,
        1.394193218592148,
        1.3911477489973674,
        1.3845165147624197,
        1.38110785980599,
        1.3792686009036181,
        1.3749260946441528,
        1.3713169971272128,
        1.3690925250600834,
        1.3660123275270761,
        1.360034878499171,
        1.3581609093678138,
        1.3578590072211152,
        1.3552654686647365,
        1.3531622817085052,
        1.3526400763074085,
        1.348571069554191,
        1.34681901144806,
        1.3458062502438857,
        1.342879724774161,
        1.3405205973377543,
        1.3398516512820018,
        1.337796649323733,
        1.3356468963014534,
        1.334853478046603,
        1.3336525425167605,
        1.3324450804421477,
        1.330746887631759,
        1.330246122159048,
        1.3302021788023273,
        1.329033886234489,
        1.3258474927543729,
        1.3242331453561502,
        1.3228141970657867,
        1.3232054204015393,
        1.3219708236397312,
        1.320771780090055,
        1.3204977496215557,
        1.3206705207925038,
        1.3205282445252229,
        1.318859052847679,
        1.3167333764434732,
        1.3184355436136346,
        1.3154680849087828,
        1.3137049003497414,
        1.313762032643086,
        1.3149701141411927,
        1.3135829889372983,
        1.3119721814819987,
        1.3125192475434406,
        1.3132035963298592,
        1.312368259351696,
        1.3134737160181271,
        1.311377090524492,
        1.310999694528852,
        1.3094479518740803,
        1.3082733986819908,
        1.3087577674067001,
        1.3093157335205976,
        1.3115844724952181,
        1.3074376118686244,
        1.3081615620992624,
        1.3069094036303066,
        1.306265090645815
    ],
    "val_accs": [
        0.1396,
        0.1537,
        0.2225,
        0.2687,
        0.3067,
        0.3346,
        0.3544,
        0.3693,
        0.3859,
        0.3948,
        0.4051,
        0.4142,
        0.4219,
        0.4307,
        0.4368,
        0.4445,
        0.447,
        0.4547,
        0.4599,
        0.4637,
        0.4639,
        0.4684,
        0.4735,
        0.4783,
        0.4816,
        0.482,
        0.4865,
        0.489,
        0.4903,
        0.4955,
        0.4979,
        0.4968,
        0.5016,
        0.5014,
        0.5042,
        0.5043,
        0.5078,
        0.5101,
        0.5097,
        0.5099,
        0.512,
        0.512,
        0.5126,
        0.514,
        0.519,
        0.5177,
        0.5182,
        0.5216,
        0.5221,
        0.5205,
        0.5221,
        0.5227,
        0.5233,
        0.5249,
        0.5262,
        0.53,
        0.5252,
        0.5255,
        0.5273,
        0.5286,
        0.5291,
        0.5301,
        0.5287,
        0.5249,
        0.528,
        0.5297,
        0.5277,
        0.5301,
        0.5312,
        0.5276,
        0.5285,
        0.5275,
        0.5294,
        0.5302,
        0.531,
        0.5294,
        0.5288,
        0.5292,
        0.5324,
        0.5295,
        0.5315,
        0.5289,
        0.5303,
        0.5312,
        0.5296,
        0.5343,
        0.5344,
        0.5342,
        0.5312,
        0.5324,
        0.5315,
        0.5287,
        0.5307,
        0.5307,
        0.5302,
        0.5344,
        0.5326
    ],
    "hyperparameters": {
        "batch_size": 128,
        "learning_rate": 0.0005,
        "momentum": 0.9,
        "weight_decay": 0.0001,
        "optimizer": "adam",
        "early_stopping": true,
        "patience": 10
    },
    "runtime_info": {
        "total_training_time": 116.70422196388245,
        "avg_epoch_time": 1.2031363089060045,
        "timestamp": "2025-04-13 14:56:49"
    }
}