{
    "model_name": "Adam_GELU_standard",
    "features": [
        "GELU",
        "Adam"
    ],
    "epochs": 144,
    "best_epoch": 134,
    "best_val_acc": 0.5574,
    "training_time": 377.64346385002136,
    "train_losses": [
        2.8317424098666404,
        2.345398723405964,
        2.309274561593309,
        2.2886527453577887,
        2.250468123566152,
        2.1895081199175883,
        2.127942925628647,
        2.086073554670679,
        2.0471222466841437,
        2.0008975970084975,
        1.9708879883661123,
        1.9396205974272935,
        1.9003291466728047,
        1.8706189180561061,
        1.8421327925001023,
        1.8145791432642562,
        1.7953927975703674,
        1.7656613632756497,
        1.752019854674051,
        1.7354175966898715,
        1.714642823610769,
        1.692708007530668,
        1.6787218483769601,
        1.6599390731597659,
        1.645630094878808,
        1.6265880963783956,
        1.6203827564097333,
        1.6109182887942253,
        1.589213110244949,
        1.5817276196209509,
        1.5727958765222099,
        1.5567978199958354,
        1.5470489726799805,
        1.5339831767527148,
        1.5254694782030855,
        1.5148934865245587,
        1.5042845845700705,
        1.4967346151435215,
        1.4889930502724813,
        1.4809048897345076,
        1.4688687373696379,
        1.4669557987898587,
        1.4553141586888674,
        1.4507100951473217,
        1.4392542715291143,
        1.4353707395722841,
        1.4246146717163088,
        1.417658755658643,
        1.4174063334029223,
        1.407619762366036,
        1.4062796283623895,
        1.3983308056838015,
        1.3879138444995036,
        1.382411174445033,
        1.3805665448970763,
        1.3772437104231368,
        1.3695316712175862,
        1.3671040178019023,
        1.3663442139750663,
        1.3600778104494184,
        1.3605639915297758,
        1.3521197327140129,
        1.3470315672709667,
        1.3376675677990328,
        1.3393255026565956,
        1.3318790277104868,
        1.338906935751314,
        1.3275668468210058,
        1.323316903007809,
        1.3222934758000462,
        1.3219356554977908,
        1.3139466256998171,
        1.311439204130897,
        1.306226389214782,
        1.3036348012266374,
        1.3077522397400037,
        1.300873607001525,
        1.2903060385098823,
        1.2895541540152302,
        1.2882822587623652,
        1.2891963315866153,
        1.2834526780941293,
        1.2901062472129625,
        1.2780754359433955,
        1.2796327494689606,
        1.2728283666086846,
        1.2718712964501069,
        1.2749877861076704,
        1.2759559754806953,
        1.2705594134177292,
        1.273352546688325,
        1.262355135029514,
        1.2600860496723967,
        1.2540766050760401,
        1.2559847441631666,
        1.2509060391041211,
        1.2553014345017734,
        1.2530113689696758,
        1.2512004050878798,
        1.2491450828070216,
        1.249150120719236,
        1.2549584517261114,
        1.247127646172815,
        1.2458920692252218,
        1.240761954847209,
        1.2399339019566782,
        1.243380030442369,
        1.240739395603047,
        1.232408702600883,
        1.2393514952683418,
        1.2303187368727373,
        1.2301075958449936,
        1.227706908327468,
        1.2241237019201543,
        1.2279751326840669,
        1.2192460854918319,
        1.2232513780023733,
        1.2228966021721324,
        1.221605607247935,
        1.2213758439154259,
        1.2182939333787453,
        1.2175765533506164,
        1.2166954040925806,
        1.2149228328737884,
        1.2187065008330127,
        1.2093214279327738,
        1.2154637102680965,
        1.2099840203010497,
        1.2064521361190987,
        1.2108743985483796,
        1.2135877514719842,
        1.2028666082752155,
        1.2057342407093938,
        1.2070376546684547,
        1.20661434368968,
        1.200259413284107,
        1.2026466841431245,
        1.2077640216288115,
        1.2038882269982565,
        1.2007525438963857,
        1.1979770633662685,
        1.200795291602654,
        1.2023103748396158,
        1.1923200045850488
    ],