{
    "model_name": "Adam_GELU_standard",
    "features": [
        "GELU",
        "Adam"
    ],
    "epochs": 77,
    "best_epoch": 67,
    "best_val_acc": 0.5644,
    "training_time": 173.1171350479126,
    "train_losses": [
        2.741133222022353,
        2.2543009569029997,
        2.1114406630104297,
        1.984158813608753,
        1.9132845665860836,
        1.851257855929799,
        1.8065998918564543,
        1.7692652486463563,
        1.7296327265649896,
        1.6994036188458603,
        1.6682609111046522,
        1.6420900500302344,
        1.6196978061002323,
        1.6020681705421829,
        1.5728738864358003,
        1.55291066118682,
        1.5408645600148552,
        1.5198693566763797,
        1.503593437754904,
        1.4893187461084518,
        1.4696620903321913,
        1.461299453023608,
        1.4491739054997006,
        1.4282951864017113,
        1.4171277259881359,
        1.4080650871133469,
        1.3979246567241825,
        1.3875058259800805,
        1.379480231531411,
        1.3654496853376445,
        1.3568477683690683,
        1.3452693417704586,
        1.3462978995377601,
        1.3344978253833835,
        1.3309108930342322,
        1.3167452276475344,
        1.314513744516322,
        1.3098410770647853,
        1.3013105361564898,
        1.2962071045165764,
        1.2874156859707289,
        1.2772888287226865,
        1.2777347359486433,
        1.2663457647053054,
        1.2714058271378454,
        1.2660493824561272,
        1.2632673036806141,
        1.2587784098698453,
        1.2504483489614309,
        1.2590369579089233,
        1.2431247757920827,
        1.2444460457768836,
        1.2390370078010973,
        1.2316061349917713,
        1.2278874198149303,
        1.225579376081755,
        1.231545933734309,
        1.219157921752023,
        1.2175377618427057,
        1.2139189414000906,
        1.2088160249774336,
        1.2121784504687774,
        1.207750596294963,
        1.2049533049205272,
        1.2039819318474259,
        1.1955786267386999,
        1.1972981135597693,
        1.1969119458154809,
        1.1973583002421488,
        1.1833088977363047,
        1.1852878575928638,
        1.183677882017594,
        1.1876068704504577,
        1.1811085590204364,
        1.1800984758775201,
        1.1781061392213856,
        1.1736369960819057
    ],
    "val_losses": [
        2.2617573321432634,
        2.1514595577129576,
        1.9573868830783314,
        1.8408125778789501,
        1.77248404404971,
        1.7278516005416793,
        1.6922808051442662,
        1.6590567940871674,
        1.6246524369879365,
        1.595832447284771,
        1.5690861171535337,
        1.5486437330777978,
        1.5265617172771844,
        1.5048279379174616,
        1.4836551809623557,
        1.4682994703713885,
        1.4513589796975241,
        1.4365824707525996,
        1.4233687086509443,
        1.4087112045049726,
        1.3979420007939782,
        1.3856028750688187,
        1.3743737919678853,
        1.3658327590305115,
        1.3554519186171101,
        1.3487288617309658,
        1.3410382751549563,
        1.3343261638982837,
        1.3266884012888938,
        1.3191085532480675,
        1.3155154907422482,
        1.3091859690943306,
        1.302863128309757,
        1.2958930168502658,
        1.292148120080884,
        1.2868940016977322,
        1.2848530084374545,
        1.2810890845289966,
        1.2768104155900237,
        1.2725418312544439,
        1.2686045570779725,
        1.2679723269473633,
        1.2679990884400894,
        1.2619465555317533,
        1.2612191534024957,
        1.2566441528471548,
        1.2567351846098491,
        1.2540459264088435,
        1.2513395848441489,
        1.2515811799854797,
        1.2487022985495204,
        1.2454824446929578,
        1.2440022961702584,
        1.2426522387238401,
        1.2457684486818656,
        1.2437097834847541,
        1.2423730337360448,
        1.2400610936414953,
        1.238593058883942,
        1.238426135587021,
        1.2344811966328242,
        1.2351827642628528,
        1.2344802198914469,
        1.2326814882808608,
        1.2321840760153893,
        1.2322797349637578,
        1.231330730574272,
        1.2335548613109746,
        1.2337525723566602,
        1.2322468866064726,
        1.2294631243624012,
        1.2297221843910626,
        1.2317490390105985,
        1.229743475154051,
        1.229765924955624,
        1.2319017296106665,
        1.2290738157931391
    ],
    "val_accs": [
        0.1532,
        0.2207,
        0.2967,
        0.3514,
        0.3729,
        0.3903,
        0.4053,
        0.4174,
        0.4286,
        0.4396,
        0.4419,
        0.4535,
        0.4589,
        0.4667,
        0.473,
        0.4806,
        0.4839,
        0.4934,
        0.496,
        0.503,
        0.5045,
        0.507,
        0.514,
        0.515,
        0.5162,
        0.5215,
        0.5242,
        0.5272,
        0.5251,
        0.5307,
        0.5338,
        0.5355,
        0.5366,
        0.5391,
        0.5386,
        0.5412,
        0.5393,
        0.5428,
        0.5444,
        0.5481,
        0.5476,
        0.5465,
        0.5467,
        0.549,
        0.5503,
        0.552,
        0.5535,
        0.5502,
        0.5543,
        0.5544,
        0.5533,
        0.5559,
        0.5528,
        0.555,
        0.5546,
        0.5591,
        0.5567,
        0.5573,
        0.5598,
        0.5592,
        0.5602,
        0.5573,
        0.5614,
        0.5635,
        0.5614,
        0.5623,
        0.5644,
        0.5624,
        0.5602,
        0.5586,
        0.5599,
        0.5607,
        0.5583,
        0.5588,
        0.5597,
        0.5568,
        0.5607
    ],
    "hyperparameters": {
        "batch_size": 128,
        "learning_rate": 0.0005,
        "momentum": 0.9,
        "weight_decay": 0.0001,
        "optimizer": "adam",
        "early_stopping": true,
        "patience": 10
    },
    "runtime_info": {
        "total_training_time": 173.1171350479126,
        "avg_epoch_time": 2.248274481141722,
        "timestamp": "2025-04-13 15:11:30"
    }
}