{
    "model_name": "Adam_GELU_standard",
    "features": [
        "GELU",
        "Adam"
    ],
    "epochs": 14,
    "best_epoch": 4,
    "best_val_acc": 0.5155,
    "training_time": 61.94327211380005,
    "train_losses": [
        1.7567806919819176,
        1.3038748254498953,
        1.061759759984343,
        0.8703533417737618,
        0.698212307821434,
        0.5471261929996322,
        0.42248043104216165,
        0.3145342781209441,
        0.22691276654968268,
        0.16116452855096153,
        0.11340238718457239,
        0.08219175110106107,
        0.06217806556138506,
        0.05340748951362456
    ],
    "val_losses": [
        1.5352938367060656,
        1.4389541690505627,
        1.4297143269126025,
        1.4721413183722936,
        1.5507586150210755,
        1.6494187154890645,
        1.7727456595871,
        1.9243872454311546,
        2.101459930287405,
        2.251504893055132,
        2.412545289998938,
        2.5760270456650605,
        2.7446352508737495,
        2.8639346416091085
    ],
    "val_accs": [
        0.4641,
        0.4984,
        0.5036,
        0.5155,
        0.5065,
        0.5057,
        0.5079,
        0.5031,
        0.4996,
        0.4976,
        0.4988,
        0.4953,
        0.4972,
        0.4933
    ],
    "hyperparameters": {
        "batch_size": 128,
        "learning_rate": 0.001,
        "momentum": 0.9,
        "weight_decay": 0.0001,
        "optimizer": "adam",
        "early_stopping": true,
        "patience": 10
    },
    "runtime_info": {
        "total_training_time": 61.94327211380005,
        "avg_epoch_time": 4.424519436700003,
        "timestamp": "2025-04-13 19:10:33"
    }
}