{
    "model_name": "Adam_GELU_standard",
    "features": [
        "GELU",
        "Adam"
    ],
    "epochs": 49,
    "best_epoch": 39,
    "best_val_acc": 0.5588,
    "training_time": 119.22343897819519,
    "train_losses": [
        2.4950329146880974,
        2.0635583111565228,
        1.903115090347991,
        1.8035431035013831,
        1.7378036247766662,
        1.6795328294307867,
        1.6389277941522422,
        1.5983078672936055,
        1.5685633784152044,
        1.5344708987113156,
        1.5013394070781858,
        1.478153888638957,
        1.449267932022852,
        1.4349950487775358,
        1.4169155593431983,
        1.397784830685486,
        1.3798592469088633,
        1.3736741872080995,
        1.3577382866009995,
        1.3471055587605234,
        1.3388462241643622,
        1.3312517492234182,
        1.3153830809562672,
        1.3075412854494197,
        1.3029290679575771,
        1.2900220015468529,
        1.287641596776666,
        1.2794436344708227,
        1.2758849905138592,
        1.2784205523016012,
        1.2646210562627818,
        1.2555050531789351,
        1.2536474158223763,
        1.2436429899256136,
        1.2427181787061004,
        1.2398788829107692,
        1.2444045764806575,
        1.2329240645765311,
        1.2311599956336,
        1.2248274183050623,
        1.2192751328923905,
        1.2199572201371838,
        1.218913294352365,
        1.2173332872227205,
        1.2070591395366603,
        1.2160907072356473,
        1.2104082436822028,
        1.2083452166680015,
        1.2022184198279493
    ],
    "val_losses": [
        2.1588467957077153,
        1.8680803419581786,
        1.7505968981966606,
        1.6796567517487737,
        1.6127008664942397,
        1.5635627460155155,
        1.5240211840337543,
        1.4922583388466095,
        1.4578124077496473,
        1.4370643360930033,
        1.4105552784883761,
        1.393407747471568,
        1.3730062814060568,
        1.3609519906923535,
        1.3483080654470845,
        1.3349441259399601,
        1.3251855496672509,
        1.3167808818566686,
        1.309314512078527,
        1.303533961053968,
        1.2967296494012535,
        1.2911536999064095,
        1.2853523111028493,
        1.281196916517808,
        1.2747947044928956,
        1.2754418837223571,
        1.2682957991768242,
        1.263565406168256,
        1.2614590298908337,
        1.2571110667959333,
        1.2627392776003856,
        1.2559439667997714,
        1.255267963885323,
        1.2517797181334962,
        1.2515114226303135,
        1.2507568046828033,
        1.2543669525202088,
        1.2508889835281265,
        1.248537508079226,
        1.246548747404363,
        1.2488704136158313,
        1.2516796409656592,
        1.2544899836597807,
        1.2491998093475518,
        1.2495520548557832,
        1.2495072594295296,
        1.2506667981999027,
        1.2506040600339194,
        1.2519852329364762
    ],
    "val_accs": [
        0.2342,
        0.3314,
        0.3845,
        0.4062,
        0.4258,
        0.4493,
        0.4574,
        0.474,
        0.4778,
        0.4892,
        0.4984,
        0.5031,
        0.5151,
        0.5157,
        0.5254,
        0.5319,
        0.5299,
        0.5335,
        0.5342,
        0.5397,
        0.543,
        0.5432,
        0.5428,
        0.5456,
        0.548,
        0.5463,
        0.5498,
        0.5564,
        0.5527,
        0.5553,
        0.5494,
        0.5543,
        0.5568,
        0.5544,
        0.5578,
        0.5536,
        0.5547,
        0.5585,
        0.5588,
        0.553,
        0.5534,
        0.5535,
        0.5512,
        0.5561,
        0.5515,
        0.5535,
        0.5548,
        0.5503,
        0.5538
    ],
    "hyperparameters": {
        "batch_size": 128,
        "learning_rate": 0.001,
        "momentum": 0.9,
        "weight_decay": 0.001,
        "optimizer": "adam",
        "early_stopping": true,
        "patience": 10
    },
    "runtime_info": {
        "total_training_time": 119.22343897819519,
        "avg_epoch_time": 2.4331314077182693,
        "timestamp": "2025-04-12 20:27:05"
    }
}