{
    "model_name": "Adam_GELU_standard",
    "features": [
        "GELU",
        "Adam"
    ],
    "accuracy": 0.5512,
    "precision": 0.5555965890014987,
    "recall": 0.5512,
    "f1_score": 0.5485985178758764,
    "loss": 1.2427119049078574,
    "inference_time": 0.14568018913269043,
    "timestamp": "2025-04-12 20:15:33"
}