{
    "model_name": "Adam_GELU_standard",
    "features": [
        "GELU",
        "Adam"
    ],
    "epochs": 78,
    "best_epoch": 68,
    "best_val_acc": 0.5658,
    "training_time": 189.96796107292175,
    "train_losses": [
        2.4860201509337765,
        2.0652847379005235,
        1.9022150165365288,
        1.807739561710646,
        1.7411622480229294,
        1.689971641506743,
        1.6419237614060442,
        1.5985913804972447,
        1.5661598944752246,
        1.5362662450825741,
        1.511870781024699,
        1.4850526785518685,
        1.4529632126612189,
        1.4427494199946878,
        1.426392203066001,
        1.4057975557514706,
        1.388807563863813,
        1.3745408223584288,
        1.362403901786839,
        1.3516607707463943,
        1.3347841691521714,
        1.3249314585094585,
        1.319071185395962,
        1.3096470300060747,
        1.305729649312569,
        1.2980990051516332,
        1.2905811492466104,
        1.2799796376788108,
        1.2783671752071195,
        1.2719009001763326,
        1.2649854160063518,
        1.2626490818636724,
        1.2545343911618703,
        1.248077161522085,
        1.247676046185435,
        1.2418400110939742,
        1.238302295829212,
        1.2344226488813577,
        1.2301833798505242,
        1.226284755499085,
        1.225426237412773,
        1.2233154869661031,
        1.2235478085723206,
        1.2182729417235982,
        1.2063007255380946,
        1.2036273828909665,
        1.2024142748118851,
        1.2034017570045408,
        1.2011574758154222,
        1.194828203427514,
        1.19307681162894,
        1.199175518817527,
        1.1948112224952772,
        1.193747140046433,
        1.1854508697144281,
        1.182815749593399,
        1.187594973392591,
        1.18058272185869,
        1.1846549818928132,
        1.1849255846348856,
        1.1764339121494085,
        1.1856660237331391,
        1.1829111669110108,
        1.1764164342890693,
        1.172025657267141,
        1.1728340277766753,
        1.1757432992438177,
        1.172611016932647,
        1.1714185012322607,
        1.1680586015052337,
        1.1618770455619372,
        1.165742842458683,
        1.1617095369212767,
        1.1663579361687004,
        1.1736970740393124,
        1.1660962798900951,
        1.1549806730350063,
        1.1621398458336714
    ],
    "val_losses": [
        2.159077756708075,
        1.8738899636557478,
        1.7516452506177553,
        1.6763427945176617,
        1.6188606862140442,
        1.5691805504635246,
        1.5285732564671344,
        1.5021507028628953,
        1.4638042072681738,
        1.4389624093624922,
        1.4193522282188924,
        1.3917049436635767,
        1.3797486883063517,
        1.3654062548421415,
        1.3527381802122338,
        1.342053146730303,
        1.3248662054238685,
        1.319075203361145,
        1.3133729901150861,
        1.3066126384576295,
        1.2966004259990707,
        1.2923638811079026,
        1.2863541407838197,
        1.2804069334213029,
        1.2783940240825702,
        1.2736011144462358,
        1.271740020271075,
        1.2686277550238618,
        1.265728992111196,
        1.261833637341125,
        1.2580746342605316,
        1.2532360807349794,
        1.2509040744308924,
        1.2511952098528085,
        1.2483060815876363,
        1.2481990902589344,
        1.2474974220039714,
        1.2490232936452106,
        1.2451063693142275,
        1.2455826027544867,
        1.2459409881512071,
        1.24190675876805,
        1.2431580708546444,
        1.2408947106546915,
        1.2394544076524219,
        1.2434765716349703,
        1.2425246497841995,
        1.2407994051451896,
        1.2391762356820155,
        1.2381273499978096,
        1.2424255701022113,
        1.2372105777754896,
        1.2397094880083088,
        1.241320037806333,
        1.2369527147861539,
        1.2339121386904492,
        1.2363150056660133,
        1.2348816614778626,
        1.2353521994730208,
        1.2374578150050668,
        1.2382928955709174,
        1.233459207050344,
        1.2349691348411533,
        1.234385893601582,
        1.2374404580883513,
        1.2345742347309052,
        1.235024445787548,
        1.236950921661907,
        1.2382164449709976,
        1.2378859548989358,
        1.2366964318278877,
        1.2390333586522315,
        1.2366502423711416,
        1.235565497611552,
        1.2374521085310104,
        1.2382835737721714,
        1.238243455151457,
        1.2361181477776788
    ],
    "val_accs": [
        0.2348,
        0.3341,
        0.3832,
        0.4093,
        0.4282,
        0.444,
        0.4546,
        0.4667,
        0.479,
        0.4867,
        0.4931,
        0.504,
        0.5113,
        0.5161,
        0.5195,
        0.5227,
        0.5285,
        0.5287,
        0.5337,
        0.5331,
        0.5366,
        0.5374,
        0.5401,
        0.5448,
        0.5446,
        0.548,
        0.5477,
        0.5463,
        0.5479,
        0.5494,
        0.5537,
        0.5544,
        0.5552,
        0.5558,
        0.5547,
        0.5565,
        0.5549,
        0.5565,
        0.5558,
        0.5584,
        0.559,
        0.557,
        0.5599,
        0.5589,
        0.5567,
        0.5597,
        0.5558,
        0.5587,
        0.5609,
        0.5606,
        0.5589,
        0.5593,
        0.5619,
        0.5613,
        0.5606,
        0.5634,
        0.562,
        0.5607,
        0.5636,
        0.5611,
        0.5597,
        0.5629,
        0.5582,
        0.5629,
        0.5619,
        0.5614,
        0.5643,
        0.5658,
        0.5657,
        0.5634,
        0.5593,
        0.559,
        0.5614,
        0.5618,
        0.559,
        0.5612,
        0.5625,
        0.5634
    ],
    "hyperparameters": {
        "batch_size": 128,
        "learning_rate": 0.001,
        "momentum": 0.9,
        "weight_decay": 0.0001,
        "optimizer": "adam",
        "early_stopping": true,
        "patience": 10
    },
    "runtime_info": {
        "total_training_time": 189.96796107292175,
        "avg_epoch_time": 2.435486680422074,
        "timestamp": "2025-04-12 20:15:33"
    }
}