{
    "model_name": "Adam_GELU_standard",
    "features": [
        "GELU",
        "Adam"
    ],
    "accuracy": 0.5359,
    "precision": 0.5333649712205745,
    "recall": 0.5359,
    "f1_score": 0.5330275749081866,
    "loss": 1.293697167807239,
    "inference_time": 0.1598987579345703,
    "timestamp": "2025-04-13 17:14:37"
}