{
    "model_name": "Adam_GELU_standard",
    "features": [
        "GELU",
        "Adam"
    ],
    "epochs": 64,
    "best_epoch": 54,
    "best_val_acc": 0.5433,
    "training_time": 339.0713677406311,
    "train_losses": [
        2.586472792292501,
        2.303617297914693,
        2.201958956265317,
        2.03254162408203,
        1.9464413033435375,
        1.8889042492619526,
        1.8406784565386667,
        1.7913370780998283,
        1.753523091160431,
        1.7166424658644304,
        1.6889998343891701,
        1.6607244905347849,
        1.6338626313704403,
        1.6157549612879172,
        1.5930049936362098,
        1.5670926367618738,
        1.555871140892496,
        1.5397614661928143,
        1.524545717572929,
        1.5115288352433578,
        1.4977697040525362,
        1.4797755917642337,
        1.470937640422154,
        1.4611513930153646,
        1.4487916647191432,
        1.44259895987493,
        1.434885730348255,
        1.4220851904606473,
        1.4118755182505975,
        1.402583246737115,
        1.4020383555980884,
        1.390577362725967,
        1.3884277722595646,
        1.3839135403182918,
        1.372344266420526,
        1.370582421551322,
        1.364765156826101,
        1.3565082739880925,
        1.351748406201789,
        1.3527100208708194,
        1.341854770734333,
        1.3375118740890564,
        1.3304749936691693,
        1.3329158083130679,
        1.326647334018512,
        1.3256771896367057,
        1.3206450002621228,
        1.3167758870557273,
        1.3153814520664,
        1.3124327479279736,
        1.3112436812153934,
        1.3140691906676591,
        1.3047482065286533,
        1.2880873460837126,
        1.2991078757305734,
        1.291085549520773,
        1.2908668391427898,
        1.2857198477997063,
        1.2881562970609088,
        1.2797604123028774,
        1.2726666210485993,
        1.2723656793112428,
        1.2752903020565365,
        1.2750913896376888
    ],
    "val_losses": [
        2.304956962402974,
        2.2482275141379637,
        1.989578668608387,
        1.8788763962173405,
        1.800495718849817,
        1.7575509167446492,
        1.715881650820143,
        1.6732930757039064,
        1.6325156204899152,
        1.5970366921303465,
        1.569877357534413,
        1.5347419961706759,
        1.5237110106465586,
        1.4995293320169076,
        1.4808284583094198,
        1.4643095091209404,
        1.456842306589757,
        1.4397396835397682,
        1.4255149218151602,
        1.4177010170998174,
        1.4105610795688355,
        1.4010845966781307,
        1.3902715081022397,
        1.391790609507391,
        1.3759649174132684,
        1.371088310706432,
        1.3662872519809124,
        1.360222273324265,
        1.3506902860212955,
        1.3523985745426674,
        1.3425822255059607,
        1.3391095049246093,
        1.3332674329780132,
        1.3327228454192295,
        1.3305138397127825,
        1.3310759729343036,
        1.3258061084771093,
        1.3231833563853066,
        1.3251612283238674,
        1.3192146276457413,
        1.318367129515879,
        1.3161833159298606,
        1.3133550546877317,
        1.314244674752965,
        1.3136006700873493,
        1.3164284851767294,
        1.3127726077103057,
        1.3140774920304379,
        1.314473706447525,
        1.306457198303547,
        1.3079833866942487,
        1.3070721235363776,
        1.302845075801814,
        1.3035368797209477,
        1.3066168241785274,
        1.3083132428136004,
        1.3086677377955267,
        1.3077874468951785,
        1.3050260568012546,
        1.3056287613044801,
        1.2994622562931646,
        1.2991856030136093,
        1.3025697797920621,
        1.30671037054057
    ],
    "val_accs": [
        0.1038,
        0.1513,
        0.2586,
        0.2903,
        0.3203,
        0.3507,
        0.3571,
        0.3945,
        0.4094,
        0.417,
        0.4305,
        0.4388,
        0.4452,
        0.4612,
        0.4634,
        0.472,
        0.4772,
        0.4848,
        0.4875,
        0.4913,
        0.4925,
        0.4968,
        0.503,
        0.5016,
        0.5068,
        0.5137,
        0.5094,
        0.5186,
        0.518,
        0.5195,
        0.5237,
        0.5245,
        0.5246,
        0.5286,
        0.5314,
        0.5307,
        0.5291,
        0.5296,
        0.5335,
        0.537,
        0.5328,
        0.5364,
        0.5346,
        0.5358,
        0.534,
        0.5373,
        0.5381,
        0.536,
        0.534,
        0.54,
        0.5361,
        0.5384,
        0.5415,
        0.5433,
        0.5412,
        0.541,
        0.542,
        0.5383,
        0.5399,
        0.5404,
        0.5407,
        0.5413,
        0.5404,
        0.5425
    ],
    "hyperparameters": {
        "batch_size": 32,
        "learning_rate": 0.0005,
        "momentum": 0.9,
        "weight_decay": 0.0001,
        "optimizer": "adam",
        "early_stopping": true,
        "patience": 10
    },
    "runtime_info": {
        "total_training_time": 339.0713677406311,
        "avg_epoch_time": 5.297990120947361,
        "timestamp": "2025-04-13 17:14:36"
    }
}