{
    "model_name": "Adam_GELU_standard",
    "features": [
        "GELU",
        "Adam"
    ],
    "epochs": 97,
    "best_epoch": 87,
    "best_val_acc": 0.583,
    "training_time": 733.937793970108,
    "train_losses": [
        2.576488415570719,
        2.0724067591941684,
        1.9030626729365703,
        1.8124510331648815,
        1.7480039121759552,
        1.6887878187462904,
        1.6443449301516169,
        1.6000586229215108,
        1.5689664149209632,
        1.5353727990102872,
        1.5055422403755239,
        1.4801716545722055,
        1.4560969049740107,
        1.4300337148556792,
        1.4124626962342153,
        1.3918679204960314,
        1.372939330698356,
        1.3523497302318834,
        1.335187485163994,
        1.3200253296560178,
        1.2962348371552221,
        1.28682563621629,
        1.2690693632253858,
        1.2594467157611366,
        1.2513155769161228,
        1.2346968156161786,
        1.221972098647953,
        1.2080682134106593,
        1.1984268191946752,
        1.1959417381339907,
        1.1829563794389044,
        1.1717512825050034,
        1.1618390960568863,
        1.1529593267704068,
        1.1422584845268238,
        1.1316692383495626,
        1.128172750500588,
        1.1214448625936226,
        1.1165140358642256,
        1.105659712882654,
        1.0996125045346403,
        1.0891218189024268,
        1.0899166396701936,
        1.0858017803257833,
        1.0782682242706279,
        1.0690755751819427,
        1.0633864038879324,
        1.0560570117086705,
        1.0496720127015318,
        1.0426093044741764,
        1.0401220033606284,
        1.0338795121168511,
        1.0294567637361614,
        1.023178485684566,
        1.0165301118221166,
        1.022509775775675,
        1.012646349414303,
        1.0138531883920527,
        1.00333187252295,
        0.9949991930321466,
        0.9934382042119344,
        0.9915359721003021,
        0.9968958318648344,
        0.9844464392810778,
        0.9772267072422806,
        0.980540911480417,
        0.965407411595302,
        0.9728646330284916,
        0.9658756181145353,
        0.9544128353320481,
        0.9575137005344456,
        0.950597516901697,
        0.9484981969828096,
        0.9471486732855702,
        0.9522462351389113,
        0.9440886484998628,
        0.943457328982521,
        0.9358480611386757,
        0.935709853224741,
        0.9301865145627947,
        0.930043511962899,
        0.9345612392582235,
        0.9281006290946348,
        0.9314212282937858,
        0.9178858751625926,
        0.922182348455386,
        0.9149617110726331,
        0.9104247342125473,
        0.9118249220484027,
        0.9083872224104211,
        0.9088133325903781,
        0.9026975622621383,
        0.8994557587492834,
        0.9006695969906562,
        0.8999265355329661,
        0.8943727733596253,
        0.8954930809088542
    ],
    "val_losses": [
        2.1430067869873137,
        1.8881976898372432,
        1.7700213499537913,
        1.6922383986984233,
        1.641626536323188,
        1.6070929479913272,
        1.5730021640561795,
        1.5237683251656449,
        1.5017820619970306,
        1.4751140001342984,
        1.452721843216894,
        1.4250545914772887,
        1.4172398166368954,
        1.3916086557628826,
        1.377714585196054,
        1.3629201398081008,
        1.3497459857572933,
        1.341216613024104,
        1.3279868009138605,
        1.3202753733119494,
        1.3103880542776716,
        1.300052752119989,
        1.2983638134880562,
        1.2888931831707182,
        1.285497704605068,
        1.27445103609519,
        1.2680956273743327,
        1.264453234539176,
        1.2615872408759692,
        1.2599752095821886,
        1.2590630953530542,
        1.2491629744187265,
        1.2486519708115233,
        1.2443322581601843,
        1.2401978466462904,
        1.2396306490527726,
        1.2365502635944645,
        1.2339268190924972,
        1.23583400766778,
        1.2273722270774372,
        1.229068553185481,
        1.2297792903809202,
        1.2257470090725477,
        1.2255086952115093,
        1.2151642887847471,
        1.219940892313718,
        1.2218554538169895,
        1.2160781401988052,
        1.2132629802175396,
        1.2179226531591756,
        1.2131811998362276,
        1.215069297804406,
        1.2096947071417379,
        1.2122263696144226,
        1.2100545182121296,
        1.210853012856807,
        1.2105251918009676,
        1.2114788636859135,
        1.207848579158124,
        1.2086487161958899,
        1.206731812486559,
        1.2052019151777276,
        1.2070489420516155,
        1.2039245708140047,
        1.2058281178940213,
        1.2049716790289486,
        1.2046805741435487,
        1.2036905056216083,
        1.2030551846377269,
        1.2053826524469444,
        1.2021934303646786,
        1.2017831076870746,
        1.2069552447590297,
        1.203328619385475,
        1.2019341880775591,
        1.204790848269706,
        1.201347476563282,
        1.2023775972178758,
        1.2055821133812588,
        1.204564334463876,
        1.2052327170161157,
        1.2048605275624464,
        1.208366549237735,
        1.2068972780770175,
        1.2077151109694404,
        1.2088409439858536,
        1.2084143513126073,
        1.2101701625835655,
        1.207985270811026,
        1.2094219969647386,
        1.2118171469538248,
        1.2151529884594192,
        1.213782492141164,
        1.2162986349931675,
        1.213921883000514,
        1.2169400694360455,
        1.2144115786079719
    ],
    "val_accs": [
        0.2437,
        0.3412,
        0.3846,
        0.4129,
        0.43,
        0.4443,
        0.4507,
        0.4647,
        0.4753,
        0.4844,
        0.4895,
        0.4998,
        0.5024,
        0.5149,
        0.5157,
        0.519,
        0.5264,
        0.5275,
        0.5326,
        0.5366,
        0.5376,
        0.543,
        0.5437,
        0.5454,
        0.5485,
        0.547,
        0.5532,
        0.5568,
        0.5572,
        0.5582,
        0.558,
        0.5617,
        0.5588,
        0.5614,
        0.5637,
        0.563,
        0.5669,
        0.5645,
        0.5655,
        0.5655,
        0.562,
        0.5658,
        0.5688,
        0.5673,
        0.5697,
        0.5664,
        0.5663,
        0.5727,
        0.5716,
        0.5705,
        0.5732,
        0.5721,
        0.5731,
        0.571,
        0.5725,
        0.5739,
        0.5761,
        0.5743,
        0.5771,
        0.5779,
        0.5756,
        0.5738,
        0.5734,
        0.5788,
        0.576,
        0.5742,
        0.5768,
        0.5777,
        0.5803,
        0.5746,
        0.5797,
        0.5803,
        0.5781,
        0.5797,
        0.5773,
        0.5757,
        0.5802,
        0.5805,
        0.5818,
        0.5799,
        0.5799,
        0.5777,
        0.5784,
        0.5788,
        0.5808,
        0.5776,
        0.583,
        0.5789,
        0.582,
        0.5825,
        0.5805,
        0.5778,
        0.5787,
        0.5782,
        0.58,
        0.5785,
        0.5788
    ],
    "hyperparameters": {
        "batch_size": 128,
        "learning_rate": 0.0005,
        "momentum": 0.9,
        "weight_decay": 0.0001,
        "optimizer": "adam",
        "early_stopping": true,
        "patience": 10
    },
    "runtime_info": {
        "total_training_time": 733.937793970108,
        "avg_epoch_time": 7.566369010001114,
        "timestamp": "2025-04-13 13:48:00"
    }
}