{
    "model_name": "Adam_GELU_standard",
    "features": [
        "GELU",
        "Adam"
    ],
    "epochs": 83,
    "best_epoch": 73,
    "best_val_acc": 0.5808,
    "training_time": 525.6603021621704,
    "train_losses": [
        2.5803478991863726,
        2.0789715472204064,
        1.9130878755994427,
        1.8253051033576793,
        1.7520116130060164,
        1.6998010502003422,
        1.6580396657964422,
        1.6148987846376235,
        1.5841897749968339,
        1.552556021714798,
        1.5161647609862958,
        1.4789997109645987,
        1.466331151131506,
        1.4407271912493176,
        1.4086671639505077,
        1.396646346001023,
        1.3720667138679745,
        1.351879896295351,
        1.3416482866201265,
        1.321953867203097,
        1.305898246888376,
        1.2863509000671023,
        1.2724729151670469,
        1.2613809463036172,
        1.2508758054360667,
        1.2383088917353973,
        1.2255480857210133,
        1.2113596829685223,
        1.201003236740877,
        1.190645197413259,
        1.175929364948395,
        1.1684953381118282,
        1.1670747935357173,
        1.1617521769378292,
        1.1466003908974693,
        1.1383820686968265,
        1.1251994399718916,
        1.1215241001693037,
        1.1141887778748183,
        1.1165601439660435,
        1.1009256897907302,
        1.0938968677844094,
        1.0925056936709792,
        1.079986657317577,
        1.067618922895969,
        1.066552694726407,
        1.0601948937376495,
        1.0572863068075873,
        1.0481883814745565,
        1.0467075879097631,
        1.040404751580323,
        1.032192345063242,
        1.031140160130017,
        1.0280146994449926,
        1.024524064841928,
        1.0192371910791043,
        1.021376276533098,
        1.0024979144695343,
        0.9999382848468635,
        0.9948824661201126,
        0.9975422994164745,
        0.9945733827057861,
        0.989386534205651,
        0.9823703359688987,
        0.9779409871653508,
        0.9725762258249969,
        0.9726295535819461,
        0.9784446413487089,
        0.9654169970461177,
        0.9614575628160252,
        0.9611261593593039,
        0.9573086916330762,
        0.9590649872226773,
        0.9428340995391377,
        0.9464967223186511,
        0.9465094207707468,
        0.9382029718196471,
        0.9355867955299296,
        0.9254378056095198,
        0.9270304837861058,
        0.9255670980829516,
        0.9248926878123452,
        0.9229896815576013
    ],
    "val_losses": [
        2.144771295380052,
        1.8852955425000057,
        1.7767305657565535,
        1.7088555664545688,
        1.6549770224069915,
        1.6171024092725947,
        1.5748670078185,
        1.5430598827423583,
        1.5142945686840148,
        1.4961274155097322,
        1.4607357871462996,
        1.4289344888958235,
        1.415626065246524,
        1.3968455937342716,
        1.3831489364989467,
        1.371450500790913,
        1.3576073820610193,
        1.3441089281866152,
        1.3336410354302186,
        1.3203666757221286,
        1.3148330063299845,
        1.3071634015873064,
        1.292881260450272,
        1.2936297734433744,
        1.2825313686498856,
        1.2723240999482237,
        1.2725915017065652,
        1.2659612243510516,
        1.2608044573988655,
        1.2554006389828165,
        1.2515101877676928,
        1.2540207762862812,
        1.246408599570753,
        1.2477090262607156,
        1.2408473178128356,
        1.2411663499102945,
        1.2370450825170192,
        1.2364815961128197,
        1.2318682398273058,
        1.2261876648383907,
        1.222114400677375,
        1.2266671627383356,
        1.2260412451684137,
        1.2222798419087313,
        1.2198177105357815,
        1.218128247549109,
        1.2135839404136417,
        1.2157300239898716,
        1.2153809430143767,
        1.2136808418858482,
        1.2122337345592227,
        1.2127570585624363,
        1.2164573239426524,
        1.2104984246975554,
        1.2122278827873492,
        1.208145338263164,
        1.210075715677272,
        1.2083361727056705,
        1.2094387486397729,
        1.208370570587194,
        1.2089799563040897,
        1.2073127341498258,
        1.2091940794787217,
        1.2082046245695726,
        1.2078929530185174,
        1.2094043030481665,
        1.21062307508636,
        1.2093140868009702,
        1.206458453996474,
        1.2073570221033798,
        1.207226940358684,
        1.2066809144358217,
        1.2035756958749142,
        1.2073718812447387,
        1.211928611461168,
        1.2091033975636358,
        1.207412835195427,
        1.2107086819670874,
        1.208913940481607,
        1.2105330920171558,
        1.211388789150436,
        1.2082822512134075,
        1.212576922466142
    ],
    "val_accs": [
        0.2401,
        0.3585,
        0.3877,
        0.4134,
        0.4269,
        0.4374,
        0.4439,
        0.4601,
        0.4658,
        0.4759,
        0.4879,
        0.4973,
        0.4994,
        0.5083,
        0.5122,
        0.5181,
        0.5256,
        0.5267,
        0.5332,
        0.5354,
        0.5397,
        0.5379,
        0.5472,
        0.5471,
        0.5515,
        0.554,
        0.5516,
        0.5541,
        0.5576,
        0.5572,
        0.5572,
        0.5574,
        0.56,
        0.5599,
        0.5641,
        0.5614,
        0.5618,
        0.5628,
        0.5636,
        0.5663,
        0.5692,
        0.5687,
        0.5656,
        0.5709,
        0.5704,
        0.5709,
        0.5732,
        0.5694,
        0.5691,
        0.5687,
        0.5717,
        0.5702,
        0.5695,
        0.5727,
        0.5742,
        0.5736,
        0.5757,
        0.5761,
        0.5759,
        0.5753,
        0.5769,
        0.5749,
        0.5756,
        0.5737,
        0.576,
        0.576,
        0.5754,
        0.5757,
        0.5803,
        0.578,
        0.5777,
        0.5786,
        0.5808,
        0.5797,
        0.5787,
        0.5784,
        0.5772,
        0.5753,
        0.5784,
        0.5794,
        0.577,
        0.5787,
        0.5785
    ],
    "hyperparameters": {
        "batch_size": 128,
        "learning_rate": 0.0005,
        "momentum": 0.9,
        "weight_decay": 0.0001,
        "optimizer": "adam",
        "early_stopping": true,
        "patience": 10
    },
    "runtime_info": {
        "total_training_time": 525.6603021621704,
        "avg_epoch_time": 6.33325665255627,
        "timestamp": "2025-04-16 12:51:53"
    }
}