{
    "model_name": "Adam_GELU_standard",
    "features": [
        "GELU",
        "Adam"
    ],
    "epochs": 66,
    "best_epoch": 56,
    "best_val_acc": 0.5642,
    "training_time": 166.6287829875946,
    "train_losses": [
        2.4075747817751125,
        1.9713662211404277,
        1.8078834010275016,
        1.7193692846579907,
        1.6538057248445683,
        1.5993363789341404,
        1.5550287711743356,
        1.510433705615063,
        1.471560918289894,
        1.4403467797888567,
        1.4139414815652318,
        1.3867854882751962,
        1.3593818077284365,
        1.3351997226736658,
        1.319806700610287,
        1.2997343370738939,
        1.2824211247124668,
        1.2606343390669559,
        1.247934801459503,
        1.2314807930781975,
        1.2182514490506837,
        1.2097329308957243,
        1.1973595925067273,
        1.1869098488187941,
        1.1734909774095166,
        1.1638579570876832,
        1.1454050930348718,
        1.1426480753726582,
        1.1320768693101015,
        1.1266635049958718,
        1.1175121821107792,
        1.105908353269188,
        1.105995726374297,
        1.0914867153193262,
        1.0882019084304977,
        1.0756461135636486,
        1.0760373925320577,
        1.0687461920117374,
        1.0566676647776214,
        1.0518419740087257,
        1.0420998952965057,
        1.0385330041359029,
        1.0396118299529407,
        1.0329844294447064,
        1.0241273935565038,
        1.0230210008703287,
        1.0181584505036831,
        1.006083807440341,
        1.0106061412512726,
        1.0087968726512955,
        0.9976911174658876,
        0.9987843395642954,
        0.9856477145887288,
        0.9855109258799952,
        0.9864202668192644,
        0.9823325870558002,
        0.9702072671725143,
        0.9748431316733418,
        0.9687730269879431,
        0.961336594598996,
        0.9562255004312077,
        0.9563205944348352,
        0.9571046598701632,
        0.9512022551380107,
        0.951113872786388,
        0.9402484040412343
    ],
    "val_losses": [
        2.0255756375113556,
        1.77657951763463,
        1.6723396548001124,
        1.6133369412397842,
        1.5692162490608101,
        1.5312024362536454,
        1.5029915593801235,
        1.475025604267335,
        1.4420837603610743,
        1.423800968029042,
        1.4060349555857026,
        1.3863974138924884,
        1.3730850070166438,
        1.359842863335287,
        1.3480197416630897,
        1.3427837434272438,
        1.3337591777774744,
        1.3253130415137653,
        1.3202088131644463,
        1.3098669823705211,
        1.3039669816110906,
        1.3029718726893385,
        1.2950029762369129,
        1.2957358965510364,
        1.2909915352021764,
        1.2870757962305936,
        1.2819348895443334,
        1.27864658795989,
        1.2774834947286196,
        1.2728010435714483,
        1.2744087018570691,
        1.2711827143447976,
        1.271934205775913,
        1.27019599441822,
        1.2660525969588807,
        1.2645048541114001,
        1.2642565730950228,
        1.2622248169176016,
        1.2636138940642083,
        1.26488383558009,
        1.2660889689498602,
        1.2608870259171239,
        1.2633828585637292,
        1.264235485295014,
        1.262980692572345,
        1.2634118659597977,
        1.2669484211711712,
        1.2680853280213429,
        1.2660877715635437,
        1.268188669728601,
        1.2651847284217448,
        1.2632559233065361,
        1.2653754478360923,
        1.2695934926321422,
        1.2688932967971407,
        1.270300304775835,
        1.2708843559800544,
        1.2679228057713356,
        1.2702566105317286,
        1.2720008796181965,
        1.2768698178970062,
        1.2747197018806082,
        1.2815803577950755,
        1.2835157909496537,
        1.280751510473683,
        1.2816172501409182
    ],
    "val_accs": [
        0.2897,
        0.3761,
        0.4085,
        0.428,
        0.4447,
        0.4597,
        0.4711,
        0.4785,
        0.4892,
        0.4981,
        0.501,
        0.5112,
        0.5141,
        0.5198,
        0.5275,
        0.5269,
        0.5288,
        0.5317,
        0.533,
        0.5379,
        0.5411,
        0.5388,
        0.545,
        0.5405,
        0.5436,
        0.5466,
        0.5488,
        0.5536,
        0.5539,
        0.559,
        0.5598,
        0.5572,
        0.5556,
        0.5566,
        0.5581,
        0.5581,
        0.5602,
        0.5601,
        0.5575,
        0.5591,
        0.558,
        0.562,
        0.5609,
        0.5603,
        0.5632,
        0.5614,
        0.5627,
        0.5621,
        0.5621,
        0.5637,
        0.562,
        0.56,
        0.5608,
        0.5592,
        0.5616,
        0.5642,
        0.5607,
        0.5618,
        0.5605,
        0.5569,
        0.5602,
        0.5583,
        0.5592,
        0.5583,
        0.5602,
        0.5598
    ],
    "hyperparameters": {
        "batch_size": 128,
        "learning_rate": 0.0005,
        "momentum": 0.9,
        "weight_decay": 0.0001,
        "optimizer": "adam",
        "early_stopping": true,
        "patience": 10
    },
    "runtime_info": {
        "total_training_time": 166.6287829875946,
        "avg_epoch_time": 2.52467853011507,
        "timestamp": "2025-04-13 00:40:48"
    }
}