{
    "model_name": "Adam_GELU_standard",
    "features": [
        "GELU",
        "Adam"
    ],
    "accuracy": 0.5512,
    "precision": 0.55144086793598,
    "recall": 0.5512,
    "f1_score": 0.548365229551574,
    "loss": 1.2756532770739815,
    "inference_time": 0.4050791263580322,
    "timestamp": "2025-04-13 13:19:11"
}