{
    "model_name": "Adam_GELU_standard",
    "features": [
        "GELU",
        "Adam"
    ],
    "epochs": 36,
    "best_epoch": 26,
    "best_val_acc": 0.5585,
    "training_time": 232.9332721233368,
    "train_losses": [
        2.230702210766082,
        1.7939165783692796,
        1.6509420055960276,
        1.5560633403553872,
        1.4776090667786081,
        1.409025222580242,
        1.3596430028077444,
        1.3140586072672384,
        1.2746519287338987,
        1.235901246411925,
        1.2057573268434956,
        1.167904433586282,
        1.1430031983017712,
        1.1106856324498644,
        1.0837702618672291,
        1.064060057461302,
        1.0386702207171972,
        1.0192337974682644,
        0.9966187113147876,
        0.9855398549273456,
        0.9614584439115341,
        0.9450739220723832,
        0.9338025934118847,
        0.9154183378865591,
        0.9025284215733025,
        0.8864415359199774,
        0.8792435438516444,
        0.8613186148679657,
        0.8528012354020228,
        0.8448303028974751,
        0.8234778121381752,
        0.8180100074036012,
        0.7994584672592963,
        0.7966752543273197,
        0.7803406085672492,
        0.7715273401320044
    ],
    "val_losses": [
        1.7865033681410107,
        1.6365907794514916,
        1.5582456539138514,
        1.503296383510914,
        1.4614296034925125,
        1.4146930094784351,
        1.3903215225677514,
        1.3679233550772698,
        1.3505345730706246,
        1.3400310158639048,
        1.3247507576891913,
        1.310413031855756,
        1.3075848029434296,
        1.306442267052775,
        1.2958506993673837,
        1.298926582740774,
        1.293348038802794,
        1.29253808836314,
        1.2903578213270928,
        1.2902795986785918,
        1.2888399207006669,
        1.28678529377223,
        1.2927153221811054,
        1.2861164564529854,
        1.2885327909167352,
        1.2892994635009591,
        1.2897167809918868,
        1.300397199473378,
        1.2933922984937927,
        1.3021312733652353,
        1.3032241877356865,
        1.2997504758250975,
        1.3048709932709743,
        1.3101837212150795,
        1.3130417293734058,
        1.3237210766990803
    ],
    "val_accs": [
        0.3785,
        0.4359,
        0.4626,
        0.4791,
        0.4962,
        0.5098,
        0.5183,
        0.52,
        0.5318,
        0.5293,
        0.5356,
        0.5403,
        0.5437,
        0.5416,
        0.5466,
        0.5429,
        0.547,
        0.5492,
        0.55,
        0.55,
        0.5522,
        0.5524,
        0.5487,
        0.5505,
        0.5554,
        0.5585,
        0.5563,
        0.5545,
        0.5554,
        0.5525,
        0.5502,
        0.554,
        0.551,
        0.5518,
        0.5527,
        0.5525
    ],
    "hyperparameters": {
        "batch_size": 128,
        "learning_rate": 0.0005,
        "momentum": 0.9,
        "weight_decay": 0.0001,
        "optimizer": "adam",
        "early_stopping": true,
        "patience": 10
    },
    "runtime_info": {
        "total_training_time": 232.9332721233368,
        "avg_epoch_time": 6.470368670092689,
        "timestamp": "2025-04-13 13:19:11"
    }
}