{
    "model_name": "Adam_GELU_standard",
    "features": [
        "GELU",
        "Adam"
    ],
    "epochs": 81,
    "best_epoch": 71,
    "best_val_acc": 0.5685,
    "training_time": 192.14683604240417,
    "train_losses": [
        2.7353252677387587,
        2.2554842672094013,
        2.0987623380912876,
        1.9868784263546506,
        1.9112863286361108,
        1.849219860554271,
        1.8059125984803517,
        1.7622717466974562,
        1.7284443578681412,
        1.693619654177886,
        1.665948500883433,
        1.639119451990251,
        1.6094360269291548,
        1.585367548054077,
        1.5670316504419652,
        1.5465188962671856,
        1.5345989948630872,
        1.5128928372627373,
        1.4988542351234906,
        1.4836609020982783,
        1.4668051453569635,
        1.4611689732116688,
        1.4405167990273007,
        1.429216472558158,
        1.4214001726270489,
        1.4057112225402388,
        1.3974094666712107,
        1.381829596761697,
        1.3811162600771594,
        1.3642179526188891,
        1.353732667682532,
        1.3514650946926814,
        1.347807532110705,
        1.3401965344796067,
        1.3312941420140034,
        1.3190372258435552,
        1.3178450829942892,
        1.3089578686099297,
        1.3051489228955715,
        1.2949682560993245,
        1.2969133304762241,
        1.2822789516098785,
        1.2809878910631038,
        1.27693706149397,
        1.2767868144881118,
        1.2680798252967433,
        1.2646187680603784,
        1.261573058386414,
        1.260794642412554,
        1.2498318004350686,
        1.2443696833182558,
        1.2483394641612056,
        1.2379156446382933,
        1.2343144320017347,
        1.2329927960469076,
        1.2322640775288654,
        1.2279274410125534,
        1.2200126212735538,
        1.2154862486208649,
        1.2160848297752263,
        1.2204616647011326,
        1.2129043795246275,
        1.2068556485474868,
        1.2107690634462238,
        1.199727299936315,
        1.201337890242348,
        1.192970481985776,
        1.1960713208617508,
        1.195356693059875,
        1.193384244562708,
        1.1868680816559107,
        1.1820514107352962,
        1.1796370842546373,
        1.1847920133030745,
        1.178827717716694,
        1.1822344006121883,
        1.1777390944900639,
        1.1642934637508593,
        1.1807301382902728,
        1.1701963759224439,
        1.1681489421694045
    ],
    "val_losses": [
        2.254200418453322,
        2.1335202392581762,
        1.9419416380558163,
        1.8448239239593593,
        1.7803760721712647,
        1.7261472983497816,
        1.6794906795845101,
        1.6456372375266983,
        1.610322402019877,
        1.5803607011192362,
        1.5628812691739629,
        1.5327014905924248,
        1.5112793925641828,
        1.4930295309004584,
        1.4753369202554019,
        1.4633198717702718,
        1.4484154281405284,
        1.4345957945036272,
        1.4192639515417647,
        1.4081951378938666,
        1.397336332236104,
        1.3848039211253058,
        1.374777975111423,
        1.3615776116477605,
        1.3555728881116145,
        1.3473169670361473,
        1.3393128038936808,
        1.3323890691549662,
        1.322945130673313,
        1.3198521763107438,
        1.3137390586491835,
        1.3081031287432965,
        1.305938215957757,
        1.3007266296059878,
        1.2985212655185803,
        1.2919633928466123,
        1.2854767250183798,
        1.2848364868341542,
        1.2783699383045168,
        1.2750023213269335,
        1.2725569140139272,
        1.269640307986016,
        1.2651032373698738,
        1.2636233814317832,
        1.2615109747790418,
        1.2606183554838457,
        1.2587845070359738,
        1.2541495695162976,
        1.2520599512844988,
        1.2485430822367038,
        1.2466094877158393,
        1.2462584067949523,
        1.244199387016221,
        1.2453036442787022,
        1.243711243019166,
        1.2417005905263463,
        1.2385231327227837,
        1.239377744043996,
        1.2390521418520974,
        1.2387256744803763,
        1.2390127662444348,
        1.237361764829422,
        1.2370505208751565,
        1.23321236708559,
        1.2362480561412696,
        1.2336846184568444,
        1.2333266014848538,
        1.2315031121603899,
        1.2298728663362934,
        1.2300822986770286,
        1.2306387118256679,
        1.2310251009821036,
        1.230411817236966,
        1.230411065831066,
        1.2299741391961776,
        1.2308566276529997,
        1.2287415032068107,
        1.229737556812287,
        1.2290142341561738,
        1.2287109220351817,
        1.2269924982622153
    ],
    "val_accs": [
        0.1448,
        0.2304,
        0.3065,
        0.3478,
        0.374,
        0.3958,
        0.4098,
        0.4234,
        0.4403,
        0.4428,
        0.4509,
        0.4593,
        0.4662,
        0.4729,
        0.4787,
        0.4839,
        0.4909,
        0.495,
        0.4965,
        0.5024,
        0.5077,
        0.5119,
        0.5163,
        0.5219,
        0.5206,
        0.5251,
        0.5272,
        0.5312,
        0.5343,
        0.5346,
        0.5386,
        0.5389,
        0.5382,
        0.542,
        0.542,
        0.5439,
        0.5471,
        0.5433,
        0.5491,
        0.5504,
        0.5501,
        0.551,
        0.5516,
        0.5562,
        0.5557,
        0.5564,
        0.5578,
        0.5603,
        0.5608,
        0.5603,
        0.5585,
        0.5586,
        0.5576,
        0.5546,
        0.5594,
        0.5598,
        0.5614,
        0.5598,
        0.5598,
        0.5579,
        0.5595,
        0.5631,
        0.5639,
        0.566,
        0.5627,
        0.5643,
        0.5648,
        0.5664,
        0.5675,
        0.5651,
        0.5685,
        0.567,
        0.5673,
        0.5674,
        0.5679,
        0.5684,
        0.5667,
        0.5662,
        0.5657,
        0.5638,
        0.5654
    ],
    "hyperparameters": {
        "batch_size": 128,
        "learning_rate": 0.0005,
        "momentum": 0.9,
        "weight_decay": 0.001,
        "optimizer": "adam",
        "early_stopping": true,
        "patience": 10
    },
    "runtime_info": {
        "total_training_time": 192.14683604240417,
        "avg_epoch_time": 2.3721831610173356,
        "timestamp": "2025-04-13 00:37:11"
    }
}