{
    "model_name": "Adam_BatchNorm_GELU_standard",
    "features": [
        "GELU",
        "Adam",
        "BatchNorm"
    ],
    "epochs": 11,
    "best_epoch": 1,
    "best_val_acc": 0.1372,
    "training_time": 29.264107942581177,
    "train_losses": [
        2.299300988576387,
        1.927127707832323,
        1.865194537561487,
        1.9505152935349677,
        2.1510789665653687,
        2.2663097980067386,
        2.2767233027890335,
        2.2856320169490787,
        2.2764915074170893,
        2.2745888634807283,
        2.2829848641770902
    ],
    "val_losses": [
        2.2484083052739594,
        2.306637515160109,
        2.302419223249763,
        2.308596138681779,
        2.3131878565627084,
        2.3144089487500348,
        2.312845115081515,
        2.3120613270666674,
        2.3122271473101152,
        2.3135270497749474,
        2.314199384736753
    ],
    "val_accs": [
        0.1372,
        0.0915,
        0.1117,
        0.0644,
        0.1014,
        0.1014,
        0.1014,
        0.1014,
        0.1014,
        0.1014,
        0.1022
    ],
    "hyperparameters": {
        "batch_size": 128,
        "learning_rate": 0.001,
        "momentum": 0.9,
        "weight_decay": 0.0001,
        "optimizer": "adam",
        "early_stopping": true,
        "patience": 10
    },
    "runtime_info": {
        "total_training_time": 29.264107942581177,
        "avg_epoch_time": 2.6603734493255615,
        "timestamp": "2025-04-12 19:23:53"
    }
}