{
    "model_name": "Adam_BatchNorm_GELU_standard",
    "features": [
        "GELU",
        "Adam",
        "BatchNorm"
    ],
    "accuracy": 0.1429,
    "precision": 0.14227433020630875,
    "recall": 0.1429,
    "f1_score": 0.1321081105357589,
    "loss": 2.243023283341922,
    "inference_time": 0.14595794677734375,
    "timestamp": "2025-04-12 19:23:53"
}