{
    "model_name": "Adam_GELU_standard",
    "features": [
        "GELU",
        "Adam"
    ],
    "accuracy": 0.5516,
    "precision": 0.5505336755821151,
    "recall": 0.5516,
    "f1_score": 0.5496385029917612,
    "loss": 1.2981054537763144,
    "inference_time": 0.3549349308013916,
    "timestamp": "2025-04-13 14:51:31"
}