{
    "model_name": "Adam_GELU_standard",
    "features": [
        "GELU",
        "Adam"
    ],
    "epochs": 36,
    "best_epoch": 26,
    "best_val_acc": 0.5557,
    "training_time": 234.32547402381897,
    "train_losses": [
        2.1472531954868646,
        1.7230109804222988,
        1.5793049636200482,
        1.4650349750241791,
        1.393829075096004,
        1.3300345534776536,
        1.2721005565130363,
        1.2267713580742887,
        1.1792696113034364,
        1.1492451224426194,
        1.1064615681645857,
        1.0714500643658735,
        1.0546596190167792,
        1.0251887025303552,
        0.9988287784946883,
        0.9794658186994886,
        0.9564052685765816,
        0.935753282490285,
        0.9188349273606161,
        0.8916527376157264,
        0.880340884454313,
        0.8659824249010213,
        0.8412541366933081,
        0.8412423370043052,
        0.8187954387616625,
        0.8075523993319055,
        0.7998316088049056,
        0.7815190095465179,
        0.7756238441357908,
        0.7627396645092558,
        0.7518541381689506,
        0.7411038554919785,
        0.7395418178247094,
        0.7246343324054314,
        0.7108701675226817,
        0.7126462491636784
    ],
    "val_losses": [
        1.7397634683172867,
        1.5979679328851226,
        1.4978643077470053,
        1.439732079665243,
        1.3997022096778318,
        1.3652137037566434,
        1.3453169424303997,
        1.336977551819656,
        1.3167891397737577,
        1.3128383324169584,
        1.3071676142103945,
        1.2941601938146305,
        1.2895347870603997,
        1.2936948258238903,
        1.290083564958794,
        1.2821746381505947,
        1.2822023979395105,
        1.2852088065112803,
        1.2876584910473674,
        1.2894865285933041,
        1.2820010217102409,
        1.2909400948591687,
        1.2918647762994737,
        1.2980442330042534,
        1.3064025943012791,
        1.3054771273386558,
        1.3124092755978005,
        1.3169320399407884,
        1.3141754017365548,
        1.329619876215772,
        1.321252491301521,
        1.328354545696943,
        1.3372766947151304,
        1.3396659165483602,
        1.344503125028999,
        1.3481919134205758
    ],
    "val_accs": [
        0.3902,
        0.4472,
        0.4767,
        0.4988,
        0.5121,
        0.5226,
        0.5248,
        0.5287,
        0.5341,
        0.5389,
        0.5369,
        0.5437,
        0.545,
        0.5416,
        0.5412,
        0.5434,
        0.5479,
        0.5477,
        0.5516,
        0.549,
        0.5521,
        0.5556,
        0.5526,
        0.5507,
        0.5543,
        0.5557,
        0.5495,
        0.5505,
        0.5535,
        0.5502,
        0.5512,
        0.5506,
        0.548,
        0.5523,
        0.5482,
        0.5491
    ],
    "hyperparameters": {
        "batch_size": 64,
        "learning_rate": 0.0005,
        "momentum": 0.9,
        "weight_decay": 0.0001,
        "optimizer": "adam",
        "early_stopping": true,
        "patience": 10
    },
    "runtime_info": {
        "total_training_time": 234.32547402381897,
        "avg_epoch_time": 6.509040945106083,
        "timestamp": "2025-04-13 14:51:31"
    }
}