{
    "model_name": "Adam_BatchNorm_GELU_standard",
    "features": [
        "GELU",
        "Adam",
        "BatchNorm"
    ],
    "epochs": 11,
    "best_epoch": 1,
    "best_val_acc": 0.122,
    "training_time": 40.33613109588623,
    "train_losses": [
        2.1363674677062945,
        1.9139742308971261,
        2.1727027128829817,
        2.322099688039263,
        2.316868463165562,
        2.3150993603918333,
        2.310565546191296,
        2.3116396022588646,
        2.3097771379819605,
        2.3079479509388783,
        2.3072234352299255
    ],
    "val_losses": [
        2.288106160835497,
        2.309023817962529,
        2.3112369079126873,
        2.3051039433679894,
        2.303945242651749,
        2.3036772682675184,
        2.3034460405509534,
        2.303694514277295,
        2.3039346873954325,
        2.3038013156796033,
        2.3038867895889874
    ],
    "val_accs": [
        0.122,
        0.0803,
        0.1022,
        0.0977,
        0.0977,
        0.0977,
        0.0977,
        0.1014,
        0.1025,
        0.1014,
        0.1014
    ],
    "hyperparameters": {
        "batch_size": 32,
        "learning_rate": 0.001,
        "momentum": 0.9,
        "weight_decay": 0.0001,
        "optimizer": "adam",
        "early_stopping": true,
        "patience": 10
    },
    "runtime_info": {
        "total_training_time": 40.33613109588623,
        "avg_epoch_time": 3.66692100871693,
        "timestamp": "2025-04-12 19:22:47"
    }
}