{
    "model_name": "Adam_GELU_standard",
    "features": [
        "GELU",
        "Adam"
    ],
    "epochs": 62,
    "best_epoch": 52,
    "best_val_acc": 0.577,
    "training_time": 294.6026420593262,
    "train_losses": [
        2.5699980019141657,
        2.062062759877497,
        1.9097340016302962,
        1.8136197311904627,
        1.7386866947152775,
        1.692468978363254,
        1.6443838960019743,
        1.600460846742258,
        1.572204051162835,
        1.5388918242945016,
        1.5029848300053892,
        1.4735786928180623,
        1.4540998398767817,
        1.429994664082009,
        1.4046197422579314,
        1.3810130971587273,
        1.3681293197955047,
        1.3533960539538374,
        1.3350127791333593,
        1.319649156804258,
        1.3022135658356442,
        1.2904706900441785,
        1.2754021098895862,
        1.2638374029253931,
        1.2469039690023533,
        1.2325085611634101,
        1.2213025874764325,
        1.2134547836395237,
        1.20625593054434,
        1.1925537769083456,
        1.1858134292546672,
        1.1710927583618012,
        1.1595097188399728,
        1.155388756505605,
        1.1429760675404301,
        1.1447759406235727,
        1.1308439770441108,
        1.127230645882051,
        1.1111594107617102,
        1.1061512557608335,
        1.1046427774370287,
        1.0988577402002007,
        1.08504635780329,
        1.0835026357185986,
        1.07528667970502,
        1.0700831562875202,
        1.060770789434693,
        1.0636666441029232,
        1.0491977514949193,
        1.0452783470956915,
        1.044558448113913,
        1.0383427936497345,
        1.0278226639311674,
        1.0237680313631803,
        1.030982959484071,
        1.016961493504603,
        1.0082336386113029,
        1.0132051705940126,
        1.0072671569645961,
        0.9952248198128042,
        0.9957667377401069,
        0.9882834066434155
    ],
    "val_losses": [
        2.1290662758944254,
        1.8906496764258856,
        1.760091464534978,
        1.6948251385573512,
        1.644034002017287,
        1.604426746231622,
        1.5675369350898265,
        1.5271727123820467,
        1.509529833795857,
        1.4826169294190814,
        1.4534413199045282,
        1.4284188861439995,
        1.4061762139281875,
        1.3937687662605143,
        1.3794463790182756,
        1.365198318184776,
        1.3523444001484586,
        1.338713002707043,
        1.3377497700556593,
        1.3240480187917254,
        1.3106211318661698,
        1.3038443643757045,
        1.2953162967153702,
        1.285656093147682,
        1.2795409975841139,
        1.2805527991049614,
        1.272603801767942,
        1.2691786600210668,
        1.262875837439692,
        1.2526717752642915,
        1.2516072868163763,
        1.2494861369708832,
        1.2407423949993877,
        1.2421835532111853,
        1.2346639633917875,
        1.2354988105549867,
        1.2318188090722972,
        1.22836749081387,
        1.2228289280633082,
        1.2260729653884794,
        1.2244783359643792,
        1.2251315578133695,
        1.2195154607238476,
        1.2193071153352777,
        1.2132468967273518,
        1.212892843553398,
        1.211799498580259,
        1.21207187674352,
        1.2110145556417693,
        1.209266353375423,
        1.2142471702998858,
        1.2082193463577382,
        1.2085571933423083,
        1.2038026978724958,
        1.2058268695107792,
        1.2065290080956754,
        1.206764924913338,
        1.2047109255721429,
        1.207806103915686,
        1.207805513008187,
        1.2121923199296931,
        1.2078596203322813
    ],
    "val_accs": [
        0.2476,
        0.3434,
        0.3907,
        0.4228,
        0.4346,
        0.4501,
        0.4558,
        0.4686,
        0.4742,
        0.4846,
        0.4893,
        0.4963,
        0.5066,
        0.5056,
        0.5108,
        0.5192,
        0.5198,
        0.527,
        0.5262,
        0.5331,
        0.5336,
        0.536,
        0.5415,
        0.5452,
        0.5467,
        0.5483,
        0.5493,
        0.5505,
        0.5573,
        0.555,
        0.5552,
        0.5563,
        0.5592,
        0.5588,
        0.5645,
        0.5663,
        0.5652,
        0.5715,
        0.5698,
        0.5687,
        0.5668,
        0.5686,
        0.5683,
        0.5673,
        0.5699,
        0.5717,
        0.5707,
        0.5719,
        0.5737,
        0.5753,
        0.5718,
        0.577,
        0.5727,
        0.5746,
        0.5735,
        0.5727,
        0.5761,
        0.5761,
        0.5725,
        0.575,
        0.5708,
        0.5744
    ],
    "hyperparameters": {
        "batch_size": 128,
        "learning_rate": 0.0005,
        "momentum": 0.9,
        "weight_decay": 0.0001,
        "optimizer": "adam",
        "early_stopping": true,
        "patience": 10
    },
    "runtime_info": {
        "total_training_time": 294.6026420593262,
        "avg_epoch_time": 4.751655517085906,
        "timestamp": "2025-04-13 19:03:47"
    }
}