{
    "model_name": "Adam_GELU_standard",
    "features": [
        "GELU",
        "Adam"
    ],
    "epochs": 19,
    "best_epoch": 9,
    "best_val_acc": 0.4999,
    "training_time": 45.555877923965454,
    "train_losses": [
        2.0462361024770184,
        1.6080953305989671,
        1.4522223791504874,
        1.3340066838214357,
        1.237727810869574,
        1.152653832130785,
        1.0831445572591907,
        1.0193154264865023,
        0.9615416790690565,
        0.9098603906885974,
        0.8609835911599945,
        0.8157658643177448,
        0.7746141198467565,
        0.7349025838827072,
        0.6970126892967395,
        0.6624995231461878,
        0.6275526845809681,
        0.5946653445870574,
        0.5645519468880099
    ],
    "val_losses": [
        1.7711426687011285,
        1.643322431905851,
        1.5620182508328304,
        1.510013279850885,
        1.4801648823429259,
        1.4663010920412776,
        1.4670648966005562,
        1.4747520324023222,
        1.4840240434639935,
        1.5082067127244947,
        1.5260314828129449,
        1.5498695320240166,
        1.5829881712336087,
        1.6185204651568605,
        1.6512171198713614,
        1.6887024420316743,
        1.7303604420581977,
        1.7699301794255224,
        1.806434237328481
    ],
    "val_accs": [
        0.3748,
        0.4278,
        0.4577,
        0.4747,
        0.4844,
        0.4911,
        0.4917,
        0.4946,
        0.4999,
        0.4963,
        0.4998,
        0.499,
        0.4973,
        0.4926,
        0.4958,
        0.4952,
        0.4903,
        0.4906,
        0.4931
    ],
    "hyperparameters": {
        "batch_size": 128,
        "learning_rate": 0.0005,
        "momentum": 0.9,
        "weight_decay": 0.0001,
        "optimizer": "adam",
        "early_stopping": true,
        "patience": 10
    },
    "runtime_info": {
        "total_training_time": 45.555877923965454,
        "avg_epoch_time": 2.397677785471866,
        "timestamp": "2025-04-13 06:49:38"
    }
}