{
    "model_name": "Adam_GELU_standard",
    "features": [
        "GELU",
        "Adam"
    ],
    "epochs": 112,
    "best_epoch": 102,
    "best_val_acc": 0.5742,
    "training_time": 252.00947308540344,
    "train_losses": [
        2.715294544521076,
        2.257659627206052,
        2.1095112889482683,
        1.9790581003687437,
        1.9064349708361459,
        1.8470274823879074,
        1.800770422609689,
        1.7606047230474835,
        1.7251781528638417,
        1.689678492725985,
        1.661216405275712,
        1.6335483324611557,
        1.6103298422722097,
        1.5873283766684947,
        1.5649403189814328,
        1.5456005805849224,
        1.5292096190936706,
        1.5105651372635052,
        1.4998836585523054,
        1.4794594685485074,
        1.4618364174940182,
        1.4537216363200935,
        1.4389120235084507,
        1.4203789312149702,
        1.410117102069658,
        1.396180672939136,
        1.3870330286458261,
        1.37787508190177,
        1.373480444812205,
        1.35788529504709,
        1.354562152538159,
        1.3411341183414736,
        1.336685940691899,
        1.3298715282586182,
        1.3209487187943003,
        1.3139066520954226,
        1.308944103096947,
        1.3013410729311543,
        1.2951303549968212,
        1.2951390579687654,
        1.282515507436162,
        1.2824260200926294,
        1.276537827792519,
        1.2683814920649226,
        1.2637148515351873,
        1.258217589010364,
        1.25973932209287,
        1.256784328309693,
        1.2451189437141685,
        1.2500661579391306,
        1.241411990113335,
        1.2315661800477302,
        1.2317560726408125,
        1.2272505566901901,
        1.225605545050398,
        1.221676269766014,
        1.2110227782721545,
        1.2140606237354687,
        1.2147759063080696,
        1.2147254918242842,
        1.2070949010202432,
        1.20478519759261,
        1.2070938153650312,
        1.2004650118415419,
        1.1890856939945698,
        1.1963073099704067,
        1.1905044565086427,
        1.1903378249102277,
        1.1826940970359778,
        1.1844042728421755,
        1.1809137327470036,
        1.1830220158202214,
        1.1759234973793415,
        1.176815520157322,
        1.1712540487190117,
        1.1754428746522252,
        1.166186523193928,
        1.1726631385546327,
        1.1639156989386839,
        1.1671335269247978,
        1.1629543043868447,
        1.152446577948041,
        1.1556023486900728,
        1.1593433419603218,
        1.159261822718489,
        1.156192505783992,
        1.1572173695615848,
        1.148332946876812,
        1.1494827620743502,
        1.1498926632179183,
        1.148313556869463,
        1.1448773858000665,
        1.1416417752653947,
        1.1420557821320532,
        1.1521876722624436,
        1.1368015750680383,
        1.1414290933374638,
        1.1405211236456867,
        1.1399078946564833,
        1.1430208282972762,
        1.140058325018125,
        1.1359253538194252,
        1.1324173724161422,
        1.1364470336673138,
        1.1289368368724437,
        1.1433368447923178,
        1.1296329455866647,
        1.1296625143172265,
        1.1329527889903799,
        1.1327493561311088,
        1.1297699645488364,
        1.1237704351454612
    ],
    "val_losses": [
        2.2636810519817185,
        2.156417676288989,
        1.9477454712747269,
        1.8406290850265647,
        1.7717996482116989,
        1.7215166123208605,
        1.6771095764583075,
        1.6424363721787052,
        1.619603734922878,
        1.5951220509942547,
        1.5684168031437082,
        1.5354595408846132,
        1.5166042445439905,
        1.5002093024389747,
        1.481469957597664,
        1.4564935536416366,
        1.444142972971291,
        1.4313815592185595,
        1.419352338630016,
        1.4065086551037693,
        1.3901725238377238,
        1.3797594884168514,
        1.3695979357806023,
        1.3574235727388664,
        1.3516024628282441,
        1.3412824962271848,
        1.3369594577269608,
        1.3247477018141258,
        1.3211225792047538,
        1.3138381297294057,
        1.3099973117265205,
        1.3028695399846175,
        1.300132055592624,
        1.2947831690217928,
        1.290598752717947,
        1.2858093317645336,
        1.2816158742885881,
        1.2811454916826461,
        1.2745657585757644,
        1.2740472972816708,
        1.2684367460141344,
        1.2663826095051876,
        1.2648604138377262,
        1.2630485243862044,
        1.2592421273496635,
        1.2591138694617214,
        1.2549671430950216,
        1.2542099939528035,
        1.252956516729881,
        1.2523167670605106,
        1.2504750921933778,
        1.247789359401041,
        1.2482696891623608,
        1.244266863871447,
        1.2444341202451086,
        1.2436059509602688,
        1.2386502117335734,
        1.2401325218940795,
        1.2377074026934791,
        1.2377595520421325,
        1.2367853034274825,
        1.2340726375143796,
        1.2366659590241023,
        1.234974575965001,
        1.2325438016578998,
        1.2325748787766002,
        1.231897544944849,
        1.229925836967837,
        1.2321262091638614,
        1.232254206235363,
        1.2313116284282073,
        1.2293920954434288,
        1.231331125986905,
        1.230903339511443,
        1.22847885971935,
        1.2295483170165216,
        1.2285717012099555,
        1.2268419944932456,
        1.2267240574910665,
        1.2272902251215685,
        1.225483843351616,
        1.2261021799864578,
        1.2273676293077587,
        1.226101776774482,
        1.2254952559735484,
        1.2239845628675698,
        1.2264630330652464,
        1.2284765106877935,
        1.2267779470331444,
        1.2252360842508765,
        1.2236028438638975,
        1.2261991620663986,
        1.2263216015464848,
        1.2225492802340023,
        1.223660619234698,
        1.2278961635670065,
        1.225233845543882,
        1.2254562995452791,
        1.2266173320719047,
        1.224598765348446,
        1.225195661195577,
        1.2236278052775014,
        1.223952543570829,
        1.2231484634325311,
        1.224046913012203,
        1.224632645090131,
        1.22677941630724,
        1.2238665231286796,
        1.2269260330838085,
        1.2239033207646066,
        1.2246200750272092,
        1.2245443313654587
    ],