{
    "model_name": "Adam_GELU_standard",
    "features": [
        "GELU",
        "Adam"
    ],
    "epochs": 39,
    "best_epoch": 29,
    "best_val_acc": 0.4853,
    "training_time": 93.75050115585327,
    "train_losses": [
        2.1098071826055547,
        1.8073970642123058,
        1.7277560670835774,
        1.6762311548158715,
        1.6444215600380727,
        1.620707669782056,
        1.5988842875791576,
        1.5877255843658322,
        1.5802442256593685,
        1.564351914642799,
        1.5596550418141912,
        1.5597990485833748,
        1.5434436069261386,
        1.533229661872872,
        1.5225310587552832,
        1.5327492696428335,
        1.5205873065414612,
        1.5195128434735439,
        1.5139933815369797,
        1.515338687918804,
        1.5140946437902367,
        1.5040486996766096,
        1.5025888509828702,
        1.4935806036521804,
        1.499743021916447,
        1.4961996435694227,
        1.499130852259376,
        1.4949312667967334,
        1.4862867135370705,
        1.4915092481008336,
        1.4883958292831778,
        1.484484828403589,
        1.481109588186803,
        1.4830499081157513,
        1.4809164225248754,
        1.4803917325711127,
        1.4751872897546598,
        1.46842634704838,
        1.4730732332747816
    ],
    "val_losses": [
        1.7585973848264973,
        1.6255629138929137,
        1.5815050760368783,
        1.5565148104586646,
        1.5247991521115354,
        1.5103526085046197,
        1.4963737858935253,
        1.477202330424149,
        1.475982086885901,
        1.4813378915956716,
        1.4670174661881614,
        1.4659838942282482,
        1.4709463932488165,
        1.4533606707916187,
        1.4695999949763758,
        1.472606448224953,
        1.4533655117962452,
        1.4682731243351046,
        1.4590000170248718,
        1.4747650749068753,
        1.4545728860056035,
        1.446964112828618,
        1.4635349027878348,
        1.4613248480527266,
        1.4497845925094317,
        1.4751896406050826,
        1.4670421168438348,
        1.4630005118066438,
        1.447663451705654,
        1.4553934569315106,
        1.4749998362521892,
        1.450076054217132,
        1.4514641543146791,
        1.4642078781344612,
        1.4678124332072202,
        1.4507710788204604,
        1.4366896557840334,
        1.4650641488295313,
        1.451660697707879
    ],
    "val_accs": [
        0.3672,
        0.4248,
        0.4389,
        0.4598,
        0.4531,
        0.4624,
        0.4681,
        0.4798,
        0.4714,
        0.4689,
        0.4726,
        0.4747,
        0.4744,
        0.4809,
        0.4671,
        0.4622,
        0.4794,
        0.47,
        0.4759,
        0.478,
        0.4812,
        0.4815,
        0.4769,
        0.4753,
        0.4796,
        0.4717,
        0.4725,
        0.4777,
        0.4853,
        0.4782,
        0.4721,
        0.4813,
        0.4798,
        0.4817,
        0.4769,
        0.4812,
        0.4811,
        0.4753,
        0.4841
    ],
    "hyperparameters": {
        "batch_size": 128,
        "learning_rate": 0.005,
        "momentum": 0.9,
        "weight_decay": 0.0001,
        "optimizer": "adam",
        "early_stopping": true,
        "patience": 10
    },
    "runtime_info": {
        "total_training_time": 93.75050115585327,
        "avg_epoch_time": 2.4038590039962378,
        "timestamp": "2025-04-12 21:18:45"
    }
}