{
    "model_name": "Adam_GELU_standard",
    "features": [
        "GELU",
        "Adam"
    ],
    "accuracy": 0.5549,
    "precision": 0.5538311499962599,
    "recall": 0.5549,
    "f1_score": 0.5524351627377042,
    "loss": 1.251871030291981,
    "inference_time": 0.18209505081176758,
    "timestamp": "2025-04-13 10:17:55"
}