{
    "model_name": "Adam_GELU_standard",
    "features": [
        "GELU",
        "Adam"
    ],
    "epochs": 70,
    "best_epoch": 60,
    "best_val_acc": 0.5668,
    "training_time": 201.37778282165527,
    "train_losses": [
        2.4215634056407715,
        1.9936833504080314,
        1.8249862463811317,
        1.7339128479790582,
        1.6638704713464199,
        1.6069397904280562,
        1.5609969076789934,
        1.515525947094365,
        1.4780772837107392,
        1.44836173293697,
        1.4185288181984537,
        1.389015682784922,
        1.3697909752870958,
        1.3431918213535834,
        1.323357385557521,
        1.3058519250135494,
        1.2829035722275612,
        1.2666704087712026,
        1.252170195190248,
        1.240927862771433,
        1.2239465578042654,
        1.2086989236857069,
        1.1954892835464168,
        1.1835606746075766,
        1.1723671869924575,
        1.1599039888850438,
        1.1523397167479505,
        1.1429759834845283,
        1.1381370346835549,
        1.1255529424887478,
        1.117941898326414,
        1.1051907858669463,
        1.095935029243108,
        1.0944596993947655,
        1.0823622913555702,
        1.0774650976499025,
        1.0699645520592576,
        1.0659592240343678,
        1.0596278834376798,
        1.0541932455035679,
        1.0496100310159837,
        1.0425174096938417,
        1.0395552317601002,
        1.0289453269452653,
        1.0246876789097141,
        1.0245152835151021,
        1.0211381160130948,
        1.007985411472152,
        1.008635044016636,
        1.0019580554633947,
        0.9953045406654643,
        0.9952552755964427,
        0.9931440163860223,
        0.9919052268164893,
        0.9818736059070975,
        0.9769177205227113,
        0.9706589194822347,
        0.9718871691240338,
        0.9700859680670793,
        0.9646652560105086,
        0.9602461950875315,
        0.953252207460676,
        0.9535788217636064,
        0.9526371779554017,
        0.9451262839652208,
        0.9455574297095548,
        0.9435245704231437,
        0.9357829020528258,
        0.9418698686199302,
        0.9403669042056525
    ],
    "val_losses": [
        2.0374147880092557,
        1.7929080101729247,
        1.6896608913644566,
        1.625351834515337,
        1.5809200591364991,
        1.543545290736601,
        1.5083397237845242,
        1.476517604790274,
        1.4446998699750744,
        1.4216422841209972,
        1.4029273272328469,
        1.3874858467297195,
        1.3718328630872292,
        1.3588424812442457,
        1.3456520542242127,
        1.335049082356368,
        1.322629274281878,
        1.31546935609754,
        1.3115004954404568,
        1.302910998310992,
        1.2977635132756131,
        1.2907939134809991,
        1.2828006777925238,
        1.27703943467233,
        1.2751691301562937,
        1.2729925719714,
        1.2688427155161734,
        1.2656008703251937,
        1.2643731729526593,
        1.2635477777773638,
        1.2598536150200048,
        1.2553723063292521,
        1.253822399480674,
        1.2546572558830167,
        1.252097122358729,
        1.2524892595688613,
        1.2530680649851722,
        1.251247183341673,
        1.2499925034140655,
        1.2501618988733094,
        1.2487666595287583,
        1.2529376234351557,
        1.2472155099006432,
        1.248481155040875,
        1.2491601822466174,
        1.2493178114763803,
        1.2467685420709078,
        1.2501300079570214,
        1.2523686545214903,
        1.2504719029141045,
        1.2483501044360221,
        1.2500695583933294,
        1.2494939171698565,
        1.247936181275394,
        1.2485472715770816,
        1.250754315164,
        1.2509748385159971,
        1.250861115926613,
        1.2503555191870677,
        1.2518949122564587,
        1.2546021232713318,
        1.256880697682771,
        1.2564021456905794,
        1.2565109616790566,
        1.260247559416778,
        1.2572548538844315,
        1.258002901546334,
        1.262835338390948,
        1.2630570188828996,
        1.2661224937823556
    ],
    "val_accs": [
        0.2859,
        0.3767,
        0.4128,
        0.4323,
        0.4446,
        0.4576,
        0.4704,
        0.4813,
        0.4932,
        0.4998,
        0.5067,
        0.5123,
        0.5181,
        0.5166,
        0.5232,
        0.5269,
        0.5342,
        0.5334,
        0.5354,
        0.5419,
        0.5417,
        0.5433,
        0.5465,
        0.5487,
        0.5489,
        0.5479,
        0.5521,
        0.5494,
        0.5504,
        0.5503,
        0.5513,
        0.5523,
        0.5559,
        0.5537,
        0.5563,
        0.5559,
        0.5575,
        0.5547,
        0.5586,
        0.5597,
        0.5608,
        0.5592,
        0.5569,
        0.559,
        0.5604,
        0.5616,
        0.558,
        0.5589,
        0.5585,
        0.5602,
        0.5629,
        0.559,
        0.5606,
        0.5605,
        0.5617,
        0.5635,
        0.5625,
        0.5637,
        0.5652,
        0.5668,
        0.5642,
        0.5631,
        0.5644,
        0.5625,
        0.5621,
        0.5654,
        0.5649,
        0.5637,
        0.5634,
        0.56
    ],
    "hyperparameters": {
        "batch_size": 128,
        "learning_rate": 0.0005,
        "momentum": 0.9,
        "weight_decay": 0.0001,
        "optimizer": "adam",
        "early_stopping": true,
        "patience": 10
    },
    "runtime_info": {
        "total_training_time": 201.37778282165527,
        "avg_epoch_time": 2.8768254688807895,
        "timestamp": "2025-04-13 10:17:55"
    }
}