{
    "model_name": "Adam_GELU_standard",
    "features": [
        "GELU",
        "Adam"
    ],
    "epochs": 65,
    "best_epoch": 55,
    "best_val_acc": 0.5772,
    "training_time": 318.24801301956177,
    "train_losses": [
        2.6053341283288294,
        2.07766278854537,
        1.9220840767386733,
        1.815403273637164,
        1.7499386636059102,
        1.6943351553943546,
        1.6451300606861579,
        1.611783756153281,
        1.579637328659101,
        1.5400569980915153,
        1.5042870080528423,
        1.4851547255800912,
        1.456377720565183,
        1.4296642918662446,
        1.4089210732307165,
        1.393495258033542,
        1.3664537297534403,
        1.3561826655054956,
        1.3333572718945255,
        1.3166437938062914,
        1.3000016951718538,
        1.2872316843698088,
        1.272822435931384,
        1.2572064035978778,
        1.2446095785809812,
        1.2340148904788286,
        1.2218294167147876,
        1.2203961464610384,
        1.203234642707969,
        1.1908562214339982,
        1.1825736206468653,
        1.1767038277629895,
        1.1563995118283077,
        1.1554099817752064,
        1.1455669592960063,
        1.1363390472712804,
        1.1284309536879988,
        1.1238240326399522,
        1.112677827728123,
        1.1110098178742351,
        1.0968090766189755,
        1.0913529780873539,
        1.0812898197223573,
        1.0845406611964423,
        1.0743673464427894,
        1.0663246157557456,
        1.0687012382117569,
        1.057922076835088,
        1.0567511024339655,
        1.0495938797798947,
        1.0374101513714251,
        1.032737174524253,
        1.0300342245642413,
        1.0266558584778687,
        1.018741122397519,
        1.015341873024701,
        1.0168596658601223,
        1.0121209496476815,
        1.0012021569400211,
        1.007339599675554,
        0.9952225000591912,
        0.9943946585936181,
        0.9882723226903708,
        0.9836716347563315,
        0.9804069380463758
    ],
    "val_losses": [
        2.141409010351533,
        1.8724857282971608,
        1.7699722737529782,
        1.6898820558922591,
        1.6378024800938205,
        1.587300561175566,
        1.5580673696103584,
        1.5258734405685548,
        1.4983791571955505,
        1.4648428038827657,
        1.4441694454180796,
        1.4255218169787904,
        1.40289798692925,
        1.3827568871095177,
        1.3694457890819454,
        1.3598796908404875,
        1.3457865775477156,
        1.3305022908493682,
        1.3265534084374835,
        1.3157443579382326,
        1.3059260448649126,
        1.2941114997174725,
        1.2856687162576905,
        1.277216764340163,
        1.2723829258917652,
        1.2687073557416986,
        1.261249794299221,
        1.2580472257780981,
        1.2587000357196858,
        1.2442704496676051,
        1.2458689882341998,
        1.241030542598662,
        1.2394447314547619,
        1.2319528530051833,
        1.2315712859217187,
        1.2266039068238057,
        1.2202832003611062,
        1.2192087251413493,
        1.2184491602602152,
        1.2183377526323387,
        1.2150019750773944,
        1.216265444515033,
        1.2134127887882644,
        1.2109572405853803,
        1.210376918626767,
        1.2054095696286349,
        1.2079014194938271,
        1.2033512401969597,
        1.2011301089210753,
        1.2048264710026528,
        1.202360465221991,
        1.203948871046323,
        1.204037777742842,
        1.2023419997177902,
        1.2028513994075911,
        1.2040020117887622,
        1.2038335748503084,
        1.202834926408477,
        1.2023914989480857,
        1.200822496940391,
        1.2008303350105547,
        1.2004802771902336,
        1.2053874608894017,
        1.2039228902466024,
        1.2002407934613908
    ],
    "val_accs": [
        0.2484,
        0.348,
        0.3884,
        0.4188,
        0.43,
        0.4513,
        0.4629,
        0.4703,
        0.4786,
        0.4897,
        0.4995,
        0.5054,
        0.5085,
        0.5167,
        0.5209,
        0.5239,
        0.5278,
        0.5373,
        0.533,
        0.5375,
        0.5395,
        0.5439,
        0.5452,
        0.5514,
        0.552,
        0.5486,
        0.5544,
        0.5566,
        0.5518,
        0.5606,
        0.5591,
        0.5602,
        0.5592,
        0.5636,
        0.5635,
        0.5653,
        0.5694,
        0.5696,
        0.5698,
        0.5668,
        0.5716,
        0.5684,
        0.5687,
        0.5671,
        0.5714,
        0.5699,
        0.5734,
        0.5738,
        0.5751,
        0.5707,
        0.5742,
        0.5766,
        0.5739,
        0.5743,
        0.5772,
        0.5748,
        0.571,
        0.5736,
        0.5771,
        0.574,
        0.5763,
        0.5745,
        0.5725,
        0.5731,
        0.5767
    ],
    "hyperparameters": {
        "batch_size": 128,
        "learning_rate": 0.0005,
        "momentum": 0.9,
        "weight_decay": 0.0001,
        "optimizer": "adam",
        "early_stopping": true,
        "patience": 10
    },
    "runtime_info": {
        "total_training_time": 318.24801301956177,
        "avg_epoch_time": 4.896123277224027,
        "timestamp": "2025-04-13 11:33:22"
    }
}