{
    "model_name": "Adam_GELU_standard",
    "features": [
        "GELU",
        "Adam"
    ],
    "accuracy": 0.5732,
    "precision": 0.5781965292934221,
    "recall": 0.5732,
    "f1_score": 0.5716933887707533,
    "loss": 1.2003659068157715,
    "inference_time": 0.2909677028656006,
    "timestamp": "2025-04-13 11:33:23"
}