{
    "model_name": "Adam_GELU_standard",
    "features": [
        "GELU",
        "Adam"
    ],
    "epochs": 75,
    "best_epoch": 65,
    "best_val_acc": 0.5654,
    "training_time": 168.7053780555725,
    "train_losses": [
        2.756819963084022,
        2.246632687275357,
        2.1056742301731344,
        1.9945471347853523,
        1.914516573129913,
        1.849514883578429,
        1.8023228062605907,
        1.7632883896307694,
        1.7258705781846537,
        1.6974279124183578,
        1.6669011875148696,
        1.640779869376884,
        1.6130589677832683,
        1.5871417528535325,
        1.5708402363894627,
        1.5440907015838743,
        1.5300520660815886,
        1.5044150786157604,
        1.4945256042568522,
        1.4802142828631453,
        1.4603895527504962,
        1.4466481071970234,
        1.4317124655577298,
        1.4197760277285847,
        1.4075226573152688,
        1.4003942571132049,
        1.393374132732666,
        1.3852892247190014,
        1.3727863713419408,
        1.3628559983025734,
        1.3523717581075698,
        1.3493201980612475,
        1.33777359985131,
        1.3306871000928164,
        1.317656861246454,
        1.3193354703412337,
        1.3064870782600158,
        1.306624412677975,
        1.299950751802931,
        1.2928750621224807,
        1.2921207004516526,
        1.287941756761949,
        1.2756889150929063,
        1.2747105710274467,
        1.273860172971634,
        1.2623640745752238,
        1.2546134100946853,
        1.2559311977668661,
        1.2591761246303244,
        1.2473795394767306,
        1.245556614906121,
        1.2377684652424275,
        1.2354314786780922,
        1.2357747069589582,
        1.2329886675929413,
        1.225746597943578,
        1.221521820381061,
        1.2170526515169926,
        1.2223703080498367,
        1.2189737921657908,
        1.2106401553794721,
        1.2147098563381284,
        1.2090461582608423,
        1.2018343429561216,
        1.2019437614332023,
        1.198118653174155,
        1.1976742734596153,
        1.192058819263139,
        1.1890314990522548,
        1.1882574347024804,
        1.1935744199341967,
        1.1854190679663814,
        1.1793483708154966,
        1.1810470763664753,
        1.177612892692917
    ],
    "val_losses": [
        2.250709978751548,
        2.1172068435364872,
        1.9583626814811306,
        1.852893310676967,
        1.779195240948306,
        1.726349290669281,
        1.6823794853124432,
        1.6522687248359165,
        1.6204692984588656,
        1.5855256504346305,
        1.5638208627930843,
        1.5348272475087317,
        1.514607287329861,
        1.4904072718816397,
        1.4751904111806147,
        1.4547477147932224,
        1.4452665754230205,
        1.4239353335400493,
        1.414546575456324,
        1.4061825410201683,
        1.3904388219586445,
        1.3795752746868066,
        1.3665871652218562,
        1.3578358643121653,
        1.3508044626988143,
        1.3443063034080276,
        1.3398310049214834,
        1.3315244359606317,
        1.3246488159201688,
        1.3198581381036856,
        1.3154016453644986,
        1.308184201407133,
        1.3029801260785834,
        1.298940617308563,
        1.294585524265169,
        1.290313752951531,
        1.2889983966268475,
        1.2832363852822621,
        1.281579180081185,
        1.2776762882713582,
        1.2752305881221713,
        1.271584511096998,
        1.2708137133354078,
        1.2652565612986642,
        1.2628514919151586,
        1.263399124409435,
        1.2576272972944753,
        1.2591613353537319,
        1.255499541388702,
        1.2528631121095342,
        1.2499554740813494,
        1.2498843273241182,
        1.2478707736673027,
        1.2479011768724935,
        1.247055754159579,
        1.2446850974444204,
        1.2449008781721416,
        1.2425557056484642,
        1.2402842179171127,
        1.239753154233759,
        1.2378167667210158,
        1.236450515773164,
        1.2367937075407285,
        1.2363229421221924,
        1.2354574582341378,
        1.235727585269062,
        1.2347908328866082,
        1.2353558340708197,
        1.234345097886017,
        1.2331600658766158,
        1.2332610740364927,
        1.2307070728552405,
        1.2284303143195023,
        1.2294071252701746,
        1.229035200372046
    ],
    "val_accs": [
        0.1695,
        0.2392,
        0.3027,
        0.3436,
        0.3749,
        0.3941,
        0.4105,
        0.4207,
        0.4296,
        0.4422,
        0.4466,
        0.4608,
        0.4657,
        0.471,
        0.4758,
        0.4821,
        0.4902,
        0.4937,
        0.4982,
        0.5017,
        0.5084,
        0.51,
        0.517,
        0.5181,
        0.5218,
        0.519,
        0.5225,
        0.5269,
        0.5293,
        0.5307,
        0.5335,
        0.5372,
        0.5416,
        0.538,
        0.5417,
        0.5422,
        0.5394,
        0.5453,
        0.5441,
        0.5458,
        0.5453,
        0.5488,
        0.5507,
        0.5541,
        0.5527,
        0.5493,
        0.5544,
        0.5556,
        0.5576,
        0.5593,
        0.5604,
        0.5561,
        0.5572,
        0.5596,
        0.5569,
        0.5613,
        0.5604,
        0.5611,
        0.5609,
        0.5609,
        0.5631,
        0.5632,
        0.5607,
        0.5598,
        0.5654,
        0.5622,
        0.5627,
        0.5611,
        0.563,
        0.5634,
        0.5628,
        0.5638,
        0.5649,
        0.562,
        0.5652
    ],
    "hyperparameters": {
        "batch_size": 128,
        "learning_rate": 0.0005,
        "momentum": 0.9,
        "weight_decay": 0.0,
        "optimizer": "adam",
        "early_stopping": true,
        "patience": 10
    },
    "runtime_info": {
        "total_training_time": 168.7053780555725,
        "avg_epoch_time": 2.249405040740967,
        "timestamp": "2025-04-13 15:59:08"
    }
}