{
    "model_name": "lr0.0005_drop0.3_wd0.0001_h512_256",
    "features": [
        "GELU",
        "Adam"
    ],
    "epochs": 35,
    "best_epoch": 25,
    "best_val_acc": 0.5519,
    "training_time": 167.12915682792664,
    "train_losses": [
        2.2145858107796816,
        1.7903145999378638,
        1.6512770103752292,
        1.5553854390806248,
        1.4821274493397243,
        1.4205510473037444,
        1.3647192784236557,
        1.3133339493993321,
        1.2735234109006348,
        1.235625611079738,
        1.2031853535401944,
        1.165774826266314,
        1.1404888515543532,
        1.1112624644254048,
        1.0842259496086863,
        1.0683841863997512,
        1.0348008843971996,
        1.019258133733241,
        0.9989606263709752,
        0.9829408802381822,
        0.9690832376181769,
        0.9493209980955216,
        0.9340861352280703,
        0.9152119225478332,
        0.9032977761322973,
        0.8869755189904369,
        0.8726487184110295,
        0.8637130399476876,
        0.8530321226139829,
        0.841043204871786,
        0.8274133471742946,
        0.8127465270274619,
        0.8029811629660107,
        0.7915468595424369,
        0.7883101098364638
    ],
    "val_losses": [
        1.7968601200717595,
        1.6440798427166345,
        1.5633154996014262,
        1.5027341176837097,
        1.4547673714712759,
        1.4230440364389652,
        1.393693797044436,
        1.373750310710714,
        1.3478869924890482,
        1.3418567292669086,
        1.3289609248523766,
        1.313711819294094,
        1.3074937603852583,
        1.304814181866844,
        1.3031958308018157,
        1.2948587475883115,
        1.2915201769175049,
        1.286781869798911,
        1.2893427116744123,
        1.2879750018903957,
        1.289241514634452,
        1.2877625586648618,
        1.2944117992586008,
        1.286842593986445,
        1.287251396943481,
        1.2895841573273075,
        1.2914573854699118,
        1.2924158363391713,
        1.2943719990012932,
        1.2971188698087985,
        1.2997357693492047,
        1.3030439008608639,
        1.3022561747657884,
        1.3089624369490973,
        1.3050329133383234
    ],
    "val_accs": [
        0.3752,
        0.4223,
        0.4523,
        0.4721,
        0.4873,
        0.4965,
        0.5086,
        0.5144,
        0.5236,
        0.5262,
        0.5251,
        0.531,
        0.5348,
        0.5334,
        0.535,
        0.54,
        0.5421,
        0.545,
        0.5433,
        0.5456,
        0.5443,
        0.5481,
        0.5445,
        0.5482,
        0.5519,
        0.5497,
        0.5461,
        0.5462,
        0.5485,
        0.5461,
        0.5485,
        0.5458,
        0.5494,
        0.5483,
        0.5482
    ],
    "hyperparameters": {
        "batch_size": 128,
        "learning_rate": 0.0005,
        "momentum": 0.9,
        "weight_decay": 0.0001,
        "optimizer": "adam",
        "early_stopping": true,
        "patience": 10
    },
    "runtime_info": {
        "total_training_time": 167.12915682792664,
        "avg_epoch_time": 4.77511876651219,
        "timestamp": "2025-04-16 17:07:54"
    }
}