{
    "model_name": "lr0.0005_drop0.3_wd0.0001_h512_256",
    "features": [
        "GELU",
        "Adam"
    ],
    "accuracy": 0.5494,
    "precision": 0.5508018160445133,
    "recall": 0.5494,
    "f1_score": 0.5476271034893397,
    "loss": 1.2764068763603047,
    "inference_time": 0.2849268913269043,
    "timestamp": "2025-04-16 17:07:54"
}