{
    "model_name": "Adam_GELU_none",
    "features": [
        "GELU",
        "Adam"
    ],
    "epochs": 70,
    "best_epoch": 60,
    "best_val_acc": 0.5813,
    "training_time": 346.6547031402588,
    "train_losses": [
        2.612421893834134,
        2.0790576393420674,
        1.9190515725536765,
        1.828754258238456,
        1.758808616567138,
        1.7070892542466127,
        1.6628240371095961,
        1.6238548871879412,
        1.5908084514067422,
        1.5441620703738872,
        1.515321057934409,
        1.4857392073552624,
        1.4614137051997154,
        1.43582146328548,
        1.4134930447153227,
        1.3938091588978119,
        1.3786766647714948,
        1.3599441438391482,
        1.341011399348242,
        1.320389654330525,
        1.3056334756332362,
        1.2916286726700321,
        1.2758501290788788,
        1.2638111864641934,
        1.2483703878136976,
        1.2389938572435655,
        1.226325004185425,
        1.215387236202299,
        1.2079952277015882,
        1.1935890616095135,
        1.1829758638108632,
        1.1716529483798426,
        1.162723908252976,
        1.1564817289867264,
        1.1504857149401366,
        1.1423530145286793,
        1.1347492413963245,
        1.1228195681528017,
        1.121937930290749,
        1.112855034177312,
        1.0997227690402052,
        1.0912516571239599,
        1.086472475061767,
        1.0825702753791635,
        1.073839369987892,
        1.0763781090047038,
        1.0631981043816028,
        1.0622901721883997,
        1.0572070129510729,
        1.053836925702536,
        1.0380421258126524,
        1.0400207781656403,
        1.0309035323852354,
        1.0300048632675896,
        1.0262591679842077,
        1.018594351347453,
        1.020814539160607,
        1.009473991766851,
        1.0107461003051468,
        0.9989888728240788,
        0.997573383018377,
        0.9888808192139481,
        0.9904875536608478,
        0.982942368363,
        0.9852269213814357,
        0.9747268709567694,
        0.9775551780018842,
        0.9645775069662192,
        0.9669900551003957,
        0.9570936174835347
    ],
    "val_losses": [
        2.1346923606204715,
        1.9041331556022343,
        1.7683930361581925,
        1.7079641268075543,
        1.6559414148680895,
        1.6049505804559925,
        1.5709393635461386,
        1.5406793559516008,
        1.504336464176169,
        1.4789046974144673,
        1.4571204648688538,
        1.4332469881249603,
        1.4133611562588473,
        1.391906977864988,
        1.3773068435157998,
        1.3621332042951533,
        1.3586345175930026,
        1.344483577756277,
        1.3358093110060376,
        1.3231290497479933,
        1.3103622569188365,
        1.3080267140386654,
        1.2969960217849386,
        1.2904366724786078,
        1.2835743722362807,
        1.2786797156727499,
        1.276194472262888,
        1.2670682185983095,
        1.2657367990736292,
        1.260828347213191,
        1.25502271872538,
        1.2516493496460488,
        1.2478000462516345,
        1.2480106189009352,
        1.2424841851301025,
        1.2381543634790313,
        1.2386055462068788,
        1.2319198331003134,
        1.232189173198232,
        1.227517211689036,
        1.2250851158615674,
        1.2258696068692219,
        1.2227325271999923,
        1.2242358572581764,
        1.2197676680335614,
        1.2169220125434035,
        1.2168187813614975,
        1.2134579878342735,
        1.213622995617448,
        1.2115642347020432,
        1.2104612687181842,
        1.212529619653884,
        1.2089659080883097,
        1.20699219319783,
        1.2097002488511177,
        1.206705104111844,
        1.2046936820869456,
        1.2095055337776228,
        1.2091371300225844,
        1.2069526772851649,
        1.2078779771068338,
        1.2071737216961915,
        1.207915549197173,
        1.2079040059771566,
        1.2062323554276122,
        1.208269009986446,
        1.2074262497695782,
        1.2083523353230035,
        1.2078213509246998,
        1.2060620562577073
    ],
    "val_accs": [
        0.236,
        0.3286,
        0.3814,
        0.4076,
        0.4255,
        0.4419,
        0.4538,
        0.4665,
        0.4804,
        0.4876,
        0.4919,
        0.5007,
        0.5051,
        0.5126,
        0.5187,
        0.5207,
        0.5225,
        0.5308,
        0.5321,
        0.5364,
        0.54,
        0.5394,
        0.5429,
        0.5494,
        0.5524,
        0.5531,
        0.5521,
        0.5541,
        0.5575,
        0.5574,
        0.559,
        0.5642,
        0.5656,
        0.5651,
        0.566,
        0.5642,
        0.5651,
        0.5653,
        0.5686,
        0.5691,
        0.5689,
        0.5688,
        0.5697,
        0.5682,
        0.5699,
        0.5711,
        0.5738,
        0.5771,
        0.5739,
        0.5737,
        0.5724,
        0.5756,
        0.5787,
        0.5784,
        0.5757,
        0.5797,
        0.5795,
        0.579,
        0.5767,
        0.5813,
        0.5787,
        0.5771,
        0.5793,
        0.5791,
        0.5784,
        0.5771,
        0.5783,
        0.5768,
        0.5773,
        0.5784
    ],
    "hyperparameters": {
        "batch_size": 128,
        "learning_rate": 0.0005,
        "momentum": 0.9,
        "weight_decay": 0.0001,
        "optimizer": "adam",
        "early_stopping": true,
        "patience": 10
    },
    "runtime_info": {
        "total_training_time": 346.6547031402588,
        "avg_epoch_time": 4.9522100448608395,
        "timestamp": "2025-04-16 14:13:41"
    }
}