{
    "model_name": "Adam_GELU_none",
    "features": [
        "GELU",
        "Adam"
    ],
    "accuracy": 0.5672,
    "precision": 0.571115939822491,
    "recall": 0.5672,
    "f1_score": 0.5660774849616457,
    "loss": 1.2073784995151582,
    "inference_time": 0.3223989009857178,
    "timestamp": "2025-04-16 14:13:41"
}