{
    "model_name": "Adam_GELU_standard",
    "features": [
        "GELU",
        "Adam"
    ],
    "epochs": 29,
    "best_epoch": 19,
    "best_val_acc": 0.4892,
    "training_time": 76.52433204650879,
    "train_losses": [
        2.1303524640462252,
        1.8219630005572571,
        1.7340798577738394,
        1.6836505467879601,
        1.6592485422308645,
        1.6333120927652993,
        1.611750970555219,
        1.598226917943468,
        1.5878122618024413,
        1.572990846473755,
        1.560511927057686,
        1.565503294247392,
        1.5522691486334979,
        1.542281262457965,
        1.5414813045345936,
        1.5330926354992376,
        1.53309992143388,
        1.5270316013276157,
        1.5147351240886802,
        1.5197489012129706,
        1.5259096981093487,
        1.5149400381499118,
        1.5102468655342018,
        1.5014376948111918,
        1.4965397590346075,
        1.5010262497954943,
        1.4936942471152619,
        1.4957127992764714,
        1.4839601751635252
    ],
    "val_losses": [
        1.763013382861561,
        1.642959185387688,
        1.5959321632817485,
        1.5415533263724894,
        1.5337261692866493,
        1.508895804557929,
        1.4958454167607032,
        1.4996894147418807,
        1.4894254303462735,
        1.4728873616856266,
        1.4669538968572409,
        1.4715896995945845,
        1.4663966132520287,
        1.4780137840800867,
        1.4549149723013537,
        1.4590389797653442,
        1.461366271149768,
        1.4555624310875188,
        1.4541475415365728,
        1.460522370423337,
        1.462128727728199,
        1.4533485936955672,
        1.4589888401328868,
        1.4609210617016672,
        1.460564858815572,
        1.4515963480888678,
        1.4483910718090016,
        1.4518730119776555,
        1.4447285859963293
    ],
    "val_accs": [
        0.378,
        0.4155,
        0.4369,
        0.4531,
        0.448,
        0.4614,
        0.4694,
        0.4672,
        0.4708,
        0.4686,
        0.4782,
        0.479,
        0.4796,
        0.47,
        0.4771,
        0.4731,
        0.4741,
        0.4723,
        0.4892,
        0.4728,
        0.4835,
        0.481,
        0.4751,
        0.4739,
        0.4839,
        0.4844,
        0.4864,
        0.4827,
        0.4817
    ],
    "hyperparameters": {
        "batch_size": 128,
        "learning_rate": 0.005,
        "momentum": 0.9,
        "weight_decay": 0.001,
        "optimizer": "adam",
        "early_stopping": true,
        "patience": 10
    },
    "runtime_info": {
        "total_training_time": 76.52433204650879,
        "avg_epoch_time": 2.6387700705692687,
        "timestamp": "2025-04-12 21:10:45"
    }
}