{
    "model_name": "Adam_BatchNorm_GELU_standard",
    "features": [
        "GELU",
        "Adam",
        "BatchNorm"
    ],
    "epochs": 11,
    "best_epoch": 1,
    "best_val_acc": 0.148,
    "training_time": 27.661695957183838,
    "train_losses": [
        2.3981439157819673,
        2.010909476800722,
        1.8863738484254158,
        1.8468971546729092,
        1.878604094416138,
        1.987477647383733,
        2.184268295055935,
        2.264109782588057,
        2.2357609689374507,
        2.241930483345225,
        2.238241210397825
    ],
    "val_losses": [
        2.2614256203588377,
        2.3223343565636165,
        2.3223497423735187,
        2.316963144048433,
        2.3220910773349854,
        2.3296750608270873,
        2.316116268213991,
        2.317298209812299,
        2.317927979804034,
        2.318944995326958,
        2.31846481992003
    ],
    "val_accs": [
        0.148,
        0.0724,
        0.0676,
        0.0855,
        0.0623,
        0.0294,
        0.0992,
        0.1022,
        0.1022,
        0.1014,
        0.1014
    ],
    "hyperparameters": {
        "batch_size": 256,
        "learning_rate": 0.001,
        "momentum": 0.9,
        "weight_decay": 0.0001,
        "optimizer": "adam",
        "early_stopping": true,
        "patience": 10
    },
    "runtime_info": {
        "total_training_time": 27.661695957183838,
        "avg_epoch_time": 2.514699632471258,
        "timestamp": "2025-04-12 19:24:22"
    }
}