{
    "model_name": "Adam_BatchNorm_GELU_standard",
    "features": [
        "GELU",
        "Adam",
        "BatchNorm"
    ],
    "accuracy": 0.1393,
    "precision": 0.1319685111699202,
    "recall": 0.1393,
    "f1_score": 0.1220728380916531,
    "loss": 2.263683033218275,
    "inference_time": 0.1527857780456543,
    "timestamp": "2025-04-12 19:24:22"
}