{
    "model_name": "Adam_GELU_standard",
    "features": [
        "GELU",
        "Adam"
    ],
    "accuracy": 0.4833,
    "precision": 0.5223352071290366,
    "recall": 0.4833,
    "f1_score": 0.4870978162387593,
    "loss": 1.4438443500253504,
    "inference_time": 0.1401231288909912,
    "timestamp": "2025-04-12 20:07:36"
}