{
    "model_name": "Adam_GELU_standard",
    "features": [
        "GELU",
        "Adam"
    ],
    "epochs": 26,
    "best_epoch": 16,
    "best_val_acc": 0.4942,
    "training_time": 60.37996196746826,
    "train_losses": [
        2.1086715366523556,
        1.8158401912245368,
        1.7327698573496089,
        1.6836935816140057,
        1.6532655221712282,
        1.6211651924298929,
        1.6015382680822916,
        1.595903422334308,
        1.5843562371578428,
        1.5754749343258394,
        1.5655190763305347,
        1.5562068188226497,
        1.5491539306619948,
        1.5421413951925824,
        1.5427419699004359,
        1.5339784704275399,
        1.5197664115327183,
        1.526791836896031,
        1.5182095177010158,
        1.5196301477610534,
        1.5044960713882267,
        1.5163299052793164,
        1.5085168640558815,
        1.4977844683765953,
        1.5039199609307756,
        1.505667769398041
    ],
    "val_losses": [
        1.7619624397950033,
        1.6417109448086966,
        1.5839173116626521,
        1.5370671905346747,
        1.5358803529125116,
        1.4962605706864986,
        1.4930532183067335,
        1.4815000746733384,
        1.4905084782203173,
        1.474305717917304,
        1.477863645190125,
        1.457596610698074,
        1.4630198187868362,
        1.4492906088142317,
        1.4638312993056724,
        1.4489137224965214,
        1.4503623027639463,
        1.4779980946545028,
        1.4655704683224111,
        1.4642870807731485,
        1.4454033548432592,
        1.4628559736261824,
        1.4534712528086344,
        1.4606667075444868,
        1.4496815400704945,
        1.4494225842540303
    ],
    "val_accs": [
        0.374,
        0.421,
        0.4382,
        0.4539,
        0.4538,
        0.4668,
        0.4711,
        0.4717,
        0.4732,
        0.4732,
        0.4774,
        0.486,
        0.482,
        0.4879,
        0.4709,
        0.4942,
        0.4738,
        0.4588,
        0.4765,
        0.4684,
        0.4857,
        0.478,
        0.4808,
        0.4766,
        0.4747,
        0.4817
    ],
    "hyperparameters": {
        "batch_size": 128,
        "learning_rate": 0.005,
        "momentum": 0.9,
        "weight_decay": 0.0001,
        "optimizer": "adam",
        "early_stopping": true,
        "patience": 10
    },
    "runtime_info": {
        "total_training_time": 60.37996196746826,
        "avg_epoch_time": 2.32230622951801,
        "timestamp": "2025-04-12 20:07:36"
    }
}