{
    "model_name": "Adam_GELU_standard",
    "features": [
        "GELU",
        "Adam"
    ],
    "epochs": 68,
    "best_epoch": 58,
    "best_val_acc": 0.5741,
    "training_time": 527.1600379943848,
    "train_losses": [
        2.6173166628974665,
        2.1021833734358273,
        1.9282803213705697,
        1.8324879185895582,
        1.7596183597334178,
        1.7046288320199647,
        1.6580451152477,
        1.6149970666296491,
        1.5807799176426776,
        1.5492345817152189,
        1.5183179837505483,
        1.4869972112001562,
        1.462320787344931,
        1.4377808296850305,
        1.4129776113606567,
        1.3879146690323003,
        1.371084532078755,
        1.3565131904226029,
        1.3340290782431485,
        1.3207347924551336,
        1.3024700945217669,
        1.2873197083637922,
        1.2692163318761358,
        1.2570669598018478,
        1.2458404914030168,
        1.2360500555006135,
        1.2185996147700224,
        1.2084423937400743,
        1.2005278153648111,
        1.1918045608338816,
        1.1813707095862906,
        1.1745556603524454,
        1.1590744304318688,
        1.151299390612135,
        1.1494839458279598,
        1.1402316606417213,
        1.1319377418502041,
        1.112089071828879,
        1.1174603985690026,
        1.1048397949000595,
        1.1002690475062271,
        1.090117177465826,
        1.0850262720160686,
        1.0826084757390375,
        1.0691148443952447,
        1.0686766706100816,
        1.0638836755190653,
        1.0562161142620867,
        1.0506427168444028,
        1.0481285025446525,
        1.0385028306958635,
        1.0279721348619173,
        1.029473034922047,
        1.0264015256230703,
        1.0256406237273046,
        1.0128033153174059,
        1.0123774541990693,
        1.0058877802293986,
        1.0103032025852994,
        1.0006428251031658,
        0.9966604849940565,
        0.9930658846932092,
        0.9921696877727492,
        0.9860999590759196,
        0.9844658724966019,
        0.9795037987109251,
        0.9739053275404084,
        0.9745516911061087
    ],
    "val_losses": [
        2.188750733923808,
        1.921436349554399,
        1.8011392765398657,
        1.7213625555278231,
        1.6652342751542755,
        1.6153515620674683,
        1.5775666302169176,
        1.5394486468137558,
        1.5131954689197098,
        1.485306013708966,
        1.4554419779174357,
        1.4367480467329918,
        1.4140225548794918,
        1.3980497768054145,
        1.3802726770085447,
        1.3669123256187594,
        1.3517911143871961,
        1.3433448132268975,
        1.326537330217713,
        1.3161123840427629,
        1.3090384778001283,
        1.305140850882739,
        1.2970691624076556,
        1.2845734828296176,
        1.28132114366673,
        1.2737877196160887,
        1.271495657296417,
        1.2641755766870153,
        1.260016863224502,
        1.2545023268096618,
        1.246099101853863,
        1.2477506681280728,
        1.2424818857615105,
        1.2404106759365248,
        1.2369158516965701,
        1.233853347733786,
        1.2356633801727182,
        1.2315554627741307,
        1.2277189536488065,
        1.2217795497282469,
        1.2199426065292756,
        1.2168847252541557,
        1.217884462740739,
        1.2184372994243324,
        1.21347702446032,
        1.2157870335099334,
        1.2140872672885747,
        1.2132926304525946,
        1.2141584406624382,
        1.212065747599266,
        1.213414531421851,
        1.2080208590862682,
        1.2055706315951047,
        1.2114633363667549,
        1.2116208658751042,
        1.2089338868152675,
        1.2076749782039882,
        1.2065345101693208,
        1.210068159093256,
        1.2103129058649151,
        1.2094421305019627,
        1.2107587183306296,
        1.2100564425363676,
        1.2107237342998827,
        1.2067437604528863,
        1.209802180927639,
        1.2090960849335484,
        1.2083869675486334
    ],
    "val_accs": [
        0.2152,
        0.3356,
        0.3763,
        0.403,
        0.422,
        0.4333,
        0.447,
        0.4577,
        0.4681,
        0.4822,
        0.4845,
        0.495,
        0.5046,
        0.5104,
        0.5135,
        0.5147,
        0.521,
        0.5245,
        0.5307,
        0.5266,
        0.5338,
        0.5341,
        0.5373,
        0.5431,
        0.5399,
        0.545,
        0.5476,
        0.5499,
        0.5498,
        0.5503,
        0.5534,
        0.5552,
        0.5565,
        0.5594,
        0.5621,
        0.5602,
        0.5616,
        0.5623,
        0.5649,
        0.5681,
        0.5692,
        0.5691,
        0.5677,
        0.5698,
        0.5681,
        0.5677,
        0.5687,
        0.5686,
        0.5721,
        0.5692,
        0.5695,
        0.5694,
        0.571,
        0.5684,
        0.568,
        0.5693,
        0.572,
        0.5741,
        0.5703,
        0.5709,
        0.5714,
        0.5695,
        0.5696,
        0.5704,
        0.5735,
        0.5708,
        0.5723,
        0.5741
    ],
    "hyperparameters": {
        "batch_size": 128,
        "learning_rate": 0.0005,
        "momentum": 0.9,
        "weight_decay": 0.0001,
        "optimizer": "adam",
        "early_stopping": true,
        "patience": 10
    },
    "runtime_info": {
        "total_training_time": 527.1600379943848,
        "avg_epoch_time": 7.752353499917423,
        "timestamp": "2025-04-13 14:02:38"
    }
}