{
    "model_name": "Adam_GELU_standard",
    "features": [
        "GELU",
        "Adam"
    ],
    "epochs": 60,
    "best_epoch": 50,
    "best_val_acc": 0.5633,
    "training_time": 152.88303685188293,
    "train_losses": [
        2.5987388820138677,
        2.149651010595355,
        1.9719032535800187,
        1.863449516183147,
        1.799795965437883,
        1.7448911495855477,
        1.6952278774474652,
        1.6533684853504274,
        1.6234723968241038,
        1.5886823252568707,
        1.556575404730916,
        1.5320410403313707,
        1.5056975416512215,
        1.4859192073391443,
        1.46357179798694,
        1.4507634735479698,
        1.4307974350640242,
        1.4211952348158845,
        1.399855145795441,
        1.3899585157409595,
        1.3780287175791865,
        1.3629081282013182,
        1.3543110221184909,
        1.3461534338481034,
        1.3313146424381477,
        1.3216853346423256,
        1.316869670343113,
        1.315538255206122,
        1.305829803336994,
        1.2986202237114217,
        1.284896591612941,
        1.2865241213736214,
        1.273736880090141,
        1.2708280226256599,
        1.2651546581403075,
        1.2686915364268454,
        1.2534589800404723,
        1.252576619233118,
        1.2509431523123242,
        1.2404777025226628,
        1.2406633069916322,
        1.2337161410278188,
        1.2324460234085373,
        1.2240580555443579,
        1.223172163865544,
        1.2220613787309822,
        1.218895648578799,
        1.2215247432399605,
        1.2089658572306092,
        1.210282018800963,
        1.201664392378368,
        1.2045936423948422,
        1.2001821565364412,
        1.2014602183496497,
        1.1930134228293834,
        1.201472954304097,
        1.1945682363186205,
        1.19413539741265,
        1.1922083221243067,
        1.1859633481205385
    ],
    "val_losses": [
        2.218457595318531,
        1.9626105741293358,
        1.8169773004880807,
        1.7302011711819578,
        1.6738649434932675,
        1.6288864442372701,
        1.5887352426320431,
        1.5536155381078016,
        1.5186932449134543,
        1.4903618112287569,
        1.4723323849302152,
        1.4459817104100654,
        1.4245356943923573,
        1.4101554940168932,
        1.3935927119143543,
        1.383054248883577,
        1.3669635263970827,
        1.3568949223079847,
        1.3456325509721978,
        1.3350684379314752,
        1.327115265015972,
        1.3153369307173435,
        1.3106552129569409,
        1.3022360468085994,
        1.297932411434999,
        1.2910127755935223,
        1.2886479721370179,
        1.2851351129945734,
        1.280593364361832,
        1.275788450643995,
        1.2681278370368378,
        1.270101343541819,
        1.265500976870474,
        1.2651757954997753,
        1.2620901712809123,
        1.2582989935907527,
        1.2573018066828476,
        1.2559517958311066,
        1.256194058200829,
        1.2526311256123808,
        1.2549584938947362,
        1.25024870669111,
        1.249348345515847,
        1.2480339306313475,
        1.2527295463566213,
        1.2468243780587698,
        1.2424205106268629,
        1.2475979376171558,
        1.2448296299007648,
        1.2428207433388176,
        1.2430347669426036,
        1.2429719277389668,
        1.2411350512477086,
        1.2395861582609025,
        1.240568348162144,
        1.2388971341805408,
        1.242711429514285,
        1.2392398479894693,
        1.2367758556243673,
        1.2378830487371666
    ],
    "val_accs": [
        0.1938,
        0.3115,
        0.3657,
        0.39,
        0.417,
        0.4303,
        0.4394,
        0.4525,
        0.4669,
        0.4784,
        0.487,
        0.4929,
        0.4991,
        0.5075,
        0.5116,
        0.5143,
        0.5173,
        0.5212,
        0.5256,
        0.529,
        0.5317,
        0.5314,
        0.5326,
        0.5368,
        0.5385,
        0.5402,
        0.5394,
        0.5421,
        0.5442,
        0.5473,
        0.5461,
        0.5487,
        0.5494,
        0.5472,
        0.5478,
        0.5494,
        0.5526,
        0.5513,
        0.5528,
        0.5502,
        0.5489,
        0.5545,
        0.5549,
        0.5574,
        0.5525,
        0.5554,
        0.5569,
        0.5553,
        0.5598,
        0.5633,
        0.5605,
        0.557,
        0.5606,
        0.5598,
        0.5583,
        0.5604,
        0.5548,
        0.559,
        0.5604,
        0.5609
    ],
    "hyperparameters": {
        "batch_size": 64,
        "learning_rate": 0.0005,
        "momentum": 0.9,
        "weight_decay": 0.0001,
        "optimizer": "adam",
        "early_stopping": true,
        "patience": 10
    },
    "runtime_info": {
        "total_training_time": 152.88303685188293,
        "avg_epoch_time": 2.548050614198049,
        "timestamp": "2025-04-13 15:49:19"
    }
}