{
    "model_name": "Adam_GELU_standard",
    "features": [
        "GELU",
        "Adam"
    ],
    "accuracy": 0.5593,
    "precision": 0.557976638493441,
    "recall": 0.5593,
    "f1_score": 0.556294138491281,
    "loss": 1.2310430386362528,
    "inference_time": 0.13671088218688965,
    "timestamp": "2025-04-13 15:49:20"
}