{
    "model_name": "Adam_GELU_standard",
    "features": [
        "GELU",
        "Adam"
    ],
    "accuracy": 0.5559,
    "precision": 0.5553409336622623,
    "recall": 0.5559,
    "f1_score": 0.5529016136199534,
    "loss": 1.2235296416897175,
    "inference_time": 0.144561767578125,
    "timestamp": "2025-04-13 10:09:38"
}