{
    "model_name": "Adam_GELU_standard",
    "features": [
        "GELU",
        "Adam"
    ],
    "epochs": 87,
    "best_epoch": 77,
    "best_val_acc": 0.5699,
    "training_time": 214.0849437713623,
    "train_losses": [
        2.75159280945794,
        2.2736709850212047,
        2.123707743304507,
        1.999456024572423,
        1.9089905484059846,
        1.8491167498236396,
        1.7977588765856818,
        1.756002206776184,
        1.7208611947179646,
        1.6858325113164911,
        1.6682873968062233,
        1.6341130366796606,
        1.6144294260167216,
        1.5845347811804404,
        1.5722777581441785,
        1.5481887808006634,
        1.5265533918440293,
        1.5078649325047302,
        1.4913992720122835,
        1.4786416471536599,
        1.4607892384723467,
        1.4434857145891697,
        1.4353048719316033,
        1.422223663992857,
        1.4103224511604031,
        1.3999447847793753,
        1.395084995436978,
        1.3744494489629042,
        1.365983869514275,
        1.3558344540332028,
        1.3568644474707845,
        1.3446759535384516,
        1.3307490649287554,
        1.3312032750419762,
        1.3264194748037144,
        1.3123710503535166,
        1.3067785940137189,
        1.3016485574956291,
        1.2926301250123475,
        1.2898143943164602,
        1.2866560254817279,
        1.278747292252909,
        1.2702636345326497,
        1.270047613733647,
        1.2630480157241788,
        1.2677851725836236,
        1.2536278019522142,
        1.2554798123873048,
        1.2484030812928326,
        1.2457086811363784,
        1.2367758477479573,
        1.2353837994653079,
        1.2268565541573049,
        1.2349125888203625,
        1.2342403084370566,
        1.232838538250506,
        1.2280768651128804,
        1.212961034752988,
        1.2201333962067413,
        1.2109943673090873,
        1.2081924046243022,
        1.2078142283493631,
        1.210048440186049,
        1.2044797027479177,
        1.196151089778092,
        1.1963914084604899,
        1.196395975778894,
        1.195722281163998,
        1.1885063891787764,
        1.189757132400686,
        1.1893137130992555,
        1.1834886299550196,
        1.188823939213703,
        1.1778634569211488,
        1.1781432325337293,
        1.1773976886637352,
        1.174559619222276,
        1.1772087432527916,
        1.1675315152189754,
        1.1711412582719236,
        1.1674986050236156,
        1.1630467406995226,
        1.1717050046995732,
        1.1635034833091624,
        1.165790137621726,
        1.1645008061924127,
        1.160322246229328
    ],
    "val_losses": [
        2.265377269702814,
        2.1598917928230903,
        1.9705194511157857,
        1.8470017583427685,
        1.772446836249035,
        1.722246896953122,
        1.6761377802955078,
        1.6403560980217484,
        1.6154333298610577,
        1.587305644819247,
        1.5636720992223923,
        1.5397820074632298,
        1.5191703237030243,
        1.4970672089135382,
        1.4800734705113663,
        1.4591333184578197,
        1.4468200774330477,
        1.4287586159229566,
        1.4149691039329453,
        1.4058555785727143,
        1.3923015053684085,
        1.3816291145692166,
        1.3754989761863097,
        1.3590689731620493,
        1.3525638174159256,
        1.3456556513861764,
        1.3384505270101317,
        1.3335656871878487,
        1.3233874724021017,
        1.3172272509302996,
        1.3114806928330565,
        1.3034141433579807,
        1.2997295652552445,
        1.296255474783396,
        1.2918095855063325,
        1.285267008916237,
        1.2830192705411454,
        1.2784212181294576,
        1.2752448720423353,
        1.272394030734948,
        1.2717457559807974,
        1.2662023847547648,
        1.2640286319389047,
        1.2600450505283163,
        1.2582267785548304,
        1.2563591612808926,
        1.2530771733668264,
        1.2544521212071729,
        1.2497188181842678,
        1.247263563143033,
        1.2460453972020773,
        1.2459251090838486,
        1.2443883011791343,
        1.2422612667869906,
        1.2423528730177018,
        1.2407648065421784,
        1.2398716699079895,
        1.2381608599522527,
        1.2397426736425365,
        1.238972433576545,
        1.2365094706025033,
        1.236789530043477,
        1.237255114605821,
        1.2358762727635808,
        1.2350919456798646,
        1.233498661488254,
        1.2347138554658945,
        1.2315548462197852,
        1.2312139616358264,
        1.2301868737312165,
        1.2298188723979304,
        1.228929074325785,
        1.2285406673007653,
        1.226614423314898,
        1.2278550803868558,
        1.2272174412852863,
        1.2266592029313241,
        1.227035491601026,
        1.2262669926760381,
        1.227350845704219,
        1.2267050248937128,
        1.2276223652485518,
        1.2253467779171814,
        1.2267614222845153,
        1.2250708179912755,
        1.2258388209253113,
        1.22651457194426
    ],
    "val_accs": [
        0.1553,
        0.2269,
        0.2994,
        0.3438,
        0.3862,
        0.3983,
        0.411,
        0.4264,
        0.4347,
        0.4405,
        0.4498,
        0.4542,
        0.4638,
        0.4708,
        0.477,
        0.4817,
        0.4889,
        0.4946,
        0.4991,
        0.5028,
        0.5069,
        0.5113,
        0.5112,
        0.517,
        0.5202,
        0.5199,
        0.5216,
        0.5271,
        0.528,
        0.5307,
        0.5333,
        0.5342,
        0.5353,
        0.5381,
        0.5423,
        0.5438,
        0.5425,
        0.5459,
        0.5486,
        0.547,
        0.5491,
        0.5482,
        0.5488,
        0.5514,
        0.5534,
        0.553,
        0.5529,
        0.5543,
        0.5556,
        0.5532,
        0.5541,
        0.5566,
        0.5571,
        0.5546,
        0.5602,
        0.559,
        0.5601,
        0.5618,
        0.5584,
        0.5601,
        0.5629,
        0.5635,
        0.5609,
        0.5629,
        0.5643,
        0.5617,
        0.5636,
        0.5651,
        0.5646,
        0.566,
        0.5677,
        0.5678,
        0.5654,
        0.5668,
        0.5678,
        0.5674,
        0.5699,
        0.5681,
        0.5692,
        0.5685,
        0.5669,
        0.567,
        0.5659,
        0.5659,
        0.5645,
        0.5675,
        0.5649
    ],
    "hyperparameters": {
        "batch_size": 128,
        "learning_rate": 0.0005,
        "momentum": 0.9,
        "weight_decay": 0.0001,
        "optimizer": "adam",
        "early_stopping": true,
        "patience": 10
    },
    "runtime_info": {
        "total_training_time": 214.0849437713623,
        "avg_epoch_time": 2.4607464801306014,
        "timestamp": "2025-04-13 10:09:37"
    }
}