{
    "model_name": "Adam_GELU_standard",
    "features": [
        "GELU",
        "Adam"
    ],
    "epochs": 122,
    "best_epoch": 112,
    "best_val_acc": 0.5534,
    "training_time": 341.0985128879547,
    "train_losses": [
        2.823013290715177,
        2.346553363567214,
        2.3107295438014694,
        2.2916646301486323,
        2.2595829780088557,
        2.202819130874751,
        2.1181898921218747,
        2.045193318309093,
        1.9975385145042368,
        1.9460845778079805,
        1.9202608117884188,
        1.883910967513442,
        1.857045243500714,
        1.8262133089713015,
        1.7946706475293197,
        1.780407971947899,
        1.7545400119851475,
        1.7258519603626694,
        1.713579174414849,
        1.6898425372346415,
        1.6635536691370438,
        1.655548814349323,
        1.6387858795274945,
        1.624417168844462,
        1.604690256881293,
        1.5942984107955442,
        1.5858012192008366,
        1.5733418962831114,
        1.5627450303208732,
        1.5435873445552437,
        1.5422708114043628,
        1.5295211200759118,
        1.5192298952601162,
        1.5087446765354158,
        1.5000409082258606,
        1.4892390482010252,
        1.485304446228875,
        1.4701292108806325,
        1.4624351021089117,
        1.4576864330754704,
        1.4463928043461256,
        1.4413328753075805,
        1.4312037508722424,
        1.4275718153120114,
        1.4215164229848176,
        1.4144362667258146,
        1.4120107999475935,
        1.4000435842739467,
        1.3972255830788805,
        1.3901099565708877,
        1.3886342121308681,
        1.3784488162928281,
        1.3784775978191581,
        1.3743147778809297,
        1.3716112972347663,
        1.3634279342362277,
        1.3570573052880428,
        1.3620274718398482,
        1.3547983011107536,
        1.34370721396839,
        1.3332635062440528,
        1.3410649638603442,
        1.3350726675536095,
        1.326739936285422,
        1.3337590826703616,
        1.318151708873146,
        1.31902771852068,
        1.319476982482084,
        1.3159182585929008,
        1.3071423861595475,
        1.3064234379484978,
        1.3054881907418892,
        1.3008339335536125,
        1.2970937999353582,
        1.2921845713887832,
        1.2885420795377092,
        1.2853199230124075,
        1.2838244857419443,
        1.2825484632395594,
        1.2862744760977798,
        1.2803972432533346,
        1.2701466463833624,
        1.2813827712277261,
        1.2703425654796399,
        1.2728990243466458,
        1.2720708495117676,
        1.2655698907514692,
        1.2621418058418399,
        1.2611306738639043,
        1.2577830470493876,
        1.2536958561149643,
        1.2518275963173733,
        1.2524855231047531,
        1.2506638517871536,
        1.2515440332452603,
        1.2480948817882915,
        1.2506524742833343,
        1.2389961042788995,
        1.246975962937494,
        1.241196224155557,
        1.2396326555850496,
        1.2418973065062935,
        1.239703652768935,
        1.235980478960044,
        1.2332225041034925,
        1.2315401740153962,
        1.225352947930733,
        1.23047541403034,
        1.227377662276905,
        1.2258365325759015,
        1.2144096961650779,
        1.2222156400741668,
        1.2235777981277,
        1.2221968262817213,
        1.2213057779016816,
        1.2162100546584627,
        1.2132371897529093,
        1.2098387229256833,
        1.216221251997343,
        1.2129287781944913,
        1.2181845068772696,
        1.2113788860068457
    ],
    "val_losses": [
        2.30332332421183,
        2.3015242148650876,
        2.2938940409777553,
        2.265776930289175,
        2.210015318882276,
        2.099354846878537,
        1.978505672748602,
        1.9044149162300203,
        1.8631312444064878,
        1.8271954606530996,
        1.7864375458126007,
        1.7606034733877287,
        1.7364740337981337,
        1.7083423845377066,
        1.682527587055568,
        1.6651353157589328,
        1.6387227196254872,
        1.6160226875709511,
        1.5946605256426607,
        1.5763782262069337,
        1.560434304391545,
        1.5468763370456053,
        1.5302373267602527,
        1.519362303023335,
        1.5075057874661084,
        1.4928709498025394,
        1.479878453674142,
        1.4775917249402766,
        1.4694219428598072,
        1.4598354442361399,
        1.4461643974613314,
        1.4423344004001264,
        1.437232398764772,
        1.4263005446602042,
        1.4266203055052475,
        1.4132761632731874,
        1.41163232850778,
        1.4022387937553598,
        1.396928054985417,
        1.3903347443396619,
        1.3868293946910037,
        1.380578967363529,
        1.3732323084092413,
        1.3727052933954353,
        1.3673178310635323,
        1.3610576415989524,
        1.3615487634975656,
        1.3513247661658105,
        1.3501138998490059,
        1.344962600649074,
        1.3444093082178905,
        1.3413454571437393,
        1.339429491146102,
        1.3352873286296405,
        1.3317401890898959,
        1.3316249240529443,
        1.3268908439308644,
        1.3223942467445005,
        1.3237453513736481,
        1.317811844418812,
        1.3200825267808807,
        1.3152499993407822,
        1.3135609675731588,
        1.3127512348396413,
        1.3111676268202894,
        1.3080957650967426,
        1.3062467697260693,
        1.307097424395728,
        1.3042912601348795,
        1.3012180054571725,
        1.2993401719998339,
        1.294957365273042,
        1.297135319267427,
        1.2970676872157205,
        1.2940660029415445,
        1.2953267929119803,
        1.2935613196467088,
        1.291467307741503,
        1.2922596632740835,
        1.2930541578241777,
        1.2913075436188515,
        1.290001387415228,
        1.2917471962859728,
        1.2916065870103643,
        1.2873750865942402,
        1.2865245858574552,
        1.2863741378391667,
        1.2849656405115264,
        1.2847979783933574,
        1.2849832051366739,
        1.284895137842453,
        1.2839169810387636,
        1.2855504977989343,
        1.2855732502598851,
        1.2830223582502716,
        1.2806081180197766,
        1.2808594982790173,
        1.2800757732096306,
        1.2799070159960595,
        1.2805107081433484,
        1.2828051778415468,
        1.2808060938829544,
        1.2778304803893041,
        1.2801347792500541,
        1.2802856849778967,
        1.2797524181648223,
        1.2783185086779565,
        1.2790902336021643,
        1.2759278830737384,
        1.2804907899778406,
        1.2797642572962118,
        1.277514249911454,
        1.2799379363935897,
        1.277383803296708,
        1.2776515672807338,
        1.2774980039095232,
        1.279476388186527,
        1.279316906039383,
        1.280877372542502,
        1.2829531760756507,
        1.2808133118938472,
        1.2785502658054417
    ],