{
    "model_name": "Adam_GELU_standard",
    "features": [
        "GELU",
        "Adam"
    ],
    "epochs": 49,
    "best_epoch": 39,
    "best_val_acc": 0.5589,
    "training_time": 342.31213998794556,
    "train_losses": [
        2.229690102881647,
        1.7980787848731743,
        1.6573398289739723,
        1.5664246951487582,
        1.4842820279658608,
        1.41675541921879,
        1.3634985006890625,
        1.3212948906427173,
        1.2787953385892927,
        1.2326407610462278,
        1.2016908526867773,
        1.1676788660706854,
        1.1392021956717755,
        1.1161007367068878,
        1.0844770369330572,
        1.0670914071933648,
        1.0459763741670194,
        1.0242988643013895,
        1.0028945165179177,
        0.9794272450327602,
        0.9605706519333341,
        0.9420950516719355,
        0.9290030243083839,
        0.9120328896039712,
        0.8983188924772424,
        0.8847356011491853,
        0.8651806930760397,
        0.8641908402623455,
        0.8470547315015127,
        0.8307352343033694,
        0.8235869867359563,
        0.8123348277328414,
        0.7975081904613905,
        0.7905362260206269,
        0.7795439062957675,
        0.7756366568101031,
        0.7645319588707804,
        0.7570633147064542,
        0.7414212756641836,
        0.7465425141356314,
        0.7307120237251538,
        0.7160061852687402,
        0.7128482527590976,
        0.7090367129840494,
        0.7037915049925255,
        0.6954453467119894,
        0.687370873412044,
        0.6804467034947312,
        0.6724248289947579
    ],
    "val_losses": [
        1.8139103065548627,
        1.6643130542847808,
        1.5767967059835049,
        1.5262037877494814,
        1.4716729081339222,
        1.4423920792200962,
        1.403282782558036,
        1.3809819249666635,
        1.3668072988837572,
        1.338610276731397,
        1.327889116823834,
        1.322049165120783,
        1.3108025862814483,
        1.3029114631559495,
        1.29803870762304,
        1.2919185418763877,
        1.293897972700371,
        1.291778990033151,
        1.2843951387042567,
        1.284415644565776,
        1.2840126029564287,
        1.2821113251410718,
        1.2864978817467108,
        1.2786866659980434,
        1.2844960823392937,
        1.2875820230428243,
        1.2908825286650427,
        1.2938622617409576,
        1.301403297326671,
        1.3016115053893096,
        1.301291540942754,
        1.3104002875443581,
        1.3097500130675659,
        1.3096668452543432,
        1.306732080825145,
        1.3118221194281472,
        1.3117238715368231,
        1.3127773062217707,
        1.3202651630391544,
        1.3299140619308314,
        1.3301924243520826,
        1.329540221548631,
        1.3302040691255421,
        1.343396589812709,
        1.3509304699972107,
        1.3534176526908155,
        1.3492681246897802,
        1.3543353832259182,
        1.350841042769684
    ],
    "val_accs": [
        0.367,
        0.4168,
        0.4472,
        0.4631,
        0.4801,
        0.4908,
        0.5049,
        0.5131,
        0.5146,
        0.5283,
        0.5263,
        0.5327,
        0.5335,
        0.5363,
        0.5401,
        0.5426,
        0.5433,
        0.5457,
        0.5484,
        0.5478,
        0.5489,
        0.5517,
        0.551,
        0.5523,
        0.5483,
        0.5517,
        0.5499,
        0.5486,
        0.5479,
        0.5462,
        0.5515,
        0.5504,
        0.5525,
        0.5511,
        0.5543,
        0.5535,
        0.5582,
        0.5565,
        0.5589,
        0.5545,
        0.5544,
        0.5578,
        0.555,
        0.5559,
        0.5581,
        0.5518,
        0.556,
        0.5535,
        0.5553
    ],
    "hyperparameters": {
        "batch_size": 128,
        "learning_rate": 0.0005,
        "momentum": 0.9,
        "weight_decay": 0.0001,
        "optimizer": "adam",
        "early_stopping": true,
        "patience": 10
    },
    "runtime_info": {
        "total_training_time": 342.31213998794556,
        "avg_epoch_time": 6.9859620405703176,
        "timestamp": "2025-04-13 14:01:45"
    }
}