{
    "model_name": "Adam_GELU_standard",
    "features": [
        "GELU",
        "Adam"
    ],
    "epochs": 58,
    "best_epoch": 48,
    "best_val_acc": 0.5634,
    "training_time": 188.05535507202148,
    "train_losses": [
        2.5031536654270683,
        2.0522016437534294,
        1.8751609608913657,
        1.7781776597422523,
        1.7119230486691799,
        1.6555101337333324,
        1.6091837293901885,
        1.5671368136586747,
        1.5388047552847643,
        1.506555564351643,
        1.4773686052999473,
        1.455050120903372,
        1.440615006590145,
        1.4147839175960144,
        1.4014950197226925,
        1.3839834891961333,
        1.3655866170034752,
        1.3552611697589347,
        1.3403824688357013,
        1.3369398159770076,
        1.322261419582139,
        1.3145182827512893,
        1.3079699455071856,
        1.2997958737821644,
        1.2973733086460932,
        1.2872702170058712,
        1.2838606242871486,
        1.2772443314545534,
        1.2683540651963225,
        1.2555370274017563,
        1.2563567885780333,
        1.2578522609181255,
        1.2485628615796995,
        1.2427162469157615,
        1.23652677428789,
        1.236056994127813,
        1.232854972280125,
        1.2246388632887144,
        1.2259409125980867,
        1.2244163506351908,
        1.2190557631175405,
        1.2159391953204113,
        1.2100866329781177,
        1.2117465702188268,
        1.2144635456058883,
        1.2076004161790912,
        1.1981263877207073,
        1.203694198926385,
        1.2016785468657756,
        1.2008329491203544,
        1.197553318305981,
        1.193507515628084,
        1.1919021923196769,
        1.1910999864380105,
        1.1910846677237361,
        1.187394522483312,
        1.183474023136396,
        1.1762267310282086
    ],
    "val_losses": [
        2.1577144371489894,
        1.843465552241564,
        1.7230676017337347,
        1.646896769222482,
        1.5821090290847757,
        1.5415669174083275,
        1.4974201710419148,
        1.4631553598907618,
        1.4374653938622628,
        1.4146713962232822,
        1.3894560615931815,
        1.3729793007501445,
        1.3599821560428649,
        1.3459397513533262,
        1.3391439969904066,
        1.326737940490963,
        1.3126252697269374,
        1.3047280540850745,
        1.3027898903507018,
        1.2923134078602372,
        1.287708952495337,
        1.285473485734629,
        1.2784401199729203,
        1.2748465209352158,
        1.2740429196698178,
        1.269965899560736,
        1.2698149362711173,
        1.263483081441186,
        1.256765795966886,
        1.2615679111779783,
        1.260472737450582,
        1.2578028958945782,
        1.2552563280797466,
        1.2536393968571629,
        1.253696882929754,
        1.2514331527595821,
        1.2533803915985113,
        1.2496503395304415,
        1.252208792865834,
        1.2469893005778427,
        1.2468063758209207,
        1.2498957887853648,
        1.2483061600889356,
        1.2459456606738264,
        1.2467618826595128,
        1.2475019872513866,
        1.2440267818799662,
        1.2449921104477166,
        1.2445957218656611,
        1.242643119528803,
        1.2436829064897,
        1.2432779587446023,
        1.2421809606161396,
        1.2464027039594603,
        1.2404089390953883,
        1.2412296128795604,
        1.2438319824327557,
        1.2461861721799434
    ],
    "val_accs": [
        0.2193,
        0.3421,
        0.3936,
        0.4193,
        0.4379,
        0.452,
        0.4732,
        0.4846,
        0.4915,
        0.4995,
        0.5095,
        0.5159,
        0.5182,
        0.5246,
        0.5249,
        0.5337,
        0.5339,
        0.5414,
        0.5375,
        0.5456,
        0.5451,
        0.5458,
        0.5477,
        0.5475,
        0.5519,
        0.5511,
        0.5488,
        0.5514,
        0.5548,
        0.5553,
        0.5577,
        0.557,
        0.5564,
        0.5595,
        0.558,
        0.5573,
        0.5553,
        0.5602,
        0.5564,
        0.563,
        0.5619,
        0.5609,
        0.5589,
        0.5598,
        0.5594,
        0.5585,
        0.5598,
        0.5634,
        0.5589,
        0.557,
        0.5587,
        0.5577,
        0.559,
        0.5574,
        0.562,
        0.5594,
        0.5583,
        0.5584
    ],
    "hyperparameters": {
        "batch_size": 32,
        "learning_rate": 0.0005,
        "momentum": 0.9,
        "weight_decay": 0.0001,
        "optimizer": "adam",
        "early_stopping": true,
        "patience": 10
    },
    "runtime_info": {
        "total_training_time": 188.05535507202148,
        "avg_epoch_time": 3.2423337081383012,
        "timestamp": "2025-04-13 15:46:45"
    }
}