{
    "model_name": "Adam_GELU_standard",
    "features": [
        "GELU",
        "Adam"
    ],
    "accuracy": 0.5554,
    "precision": 0.5565413317592258,
    "recall": 0.5554,
    "f1_score": 0.5532128002336137,
    "loss": 1.2370771731210874,
    "inference_time": 0.17956089973449707,
    "timestamp": "2025-04-13 15:46:45"
}