{
    "model_name": "Adam_GELU_standard",
    "features": [
        "GELU",
        "Adam"
    ],
    "epochs": 51,
    "best_epoch": 41,
    "best_val_acc": 0.5594,
    "training_time": 116.1286039352417,
    "train_losses": [
        2.398247622484022,
        1.9624731802522875,
        1.8076787465377533,
        1.7144832191881156,
        1.6538639281629754,
        1.5979249126308241,
        1.5504528474252592,
        1.5115288991246971,
        1.4726436303611705,
        1.4355943878372388,
        1.410798209501144,
        1.3850075761124245,
        1.3626875707785717,
        1.3361808703883158,
        1.3195152005510509,
        1.3015321552318155,
        1.2831602288319421,
        1.2682299889117419,
        1.2529994705802179,
        1.2358929853614775,
        1.2166906729077787,
        1.20849479259945,
        1.194819036047053,
        1.1785682273821687,
        1.170707485321579,
        1.1648566958496602,
        1.1537249490356618,
        1.1464632283373348,
        1.1321285728630022,
        1.1238693855457391,
        1.1180649246809935,
        1.1103773347749022,
        1.10229583301662,
        1.0971416389073567,
        1.0869906190830543,
        1.0791502936524107,
        1.0771286967843519,
        1.063626210820921,
        1.0621508658384302,
        1.051728338512276,
        1.0505056954651308,
        1.042493006375851,
        1.0370566974705642,
        1.0304967996353254,
        1.0267476353213505,
        1.0208769657024037,
        1.0050869421692779,
        1.0106309599043084,
        1.0022700127433855,
        0.9997534606412657,
        0.9954916841551911
    ],
    "val_losses": [
        2.010841194677915,
        1.7827220425715729,
        1.6966565305777621,
        1.6268211420641803,
        1.5806972409804736,
        1.5404918971176058,
        1.5047590122132177,
        1.473563206911135,
        1.4459331303322165,
        1.4213494819294321,
        1.4021789674605192,
        1.3849438675487753,
        1.3703230389269887,
        1.359136268754475,
        1.352904116926677,
        1.3408449783680887,
        1.328324874188697,
        1.3238399374907477,
        1.318030179532323,
        1.3108554130506151,
        1.301603326343297,
        1.2977016637194292,
        1.2958984884122473,
        1.2881277004523113,
        1.2856679681121297,
        1.2822941207423613,
        1.2738902812151576,
        1.2772528523526319,
        1.2714672327446983,
        1.2714522628842813,
        1.2679444397180961,
        1.2663384394561161,
        1.2677918060638864,
        1.2643869989961072,
        1.2617677849956588,
        1.2634880145657943,
        1.262915538744603,
        1.2636101789974583,
        1.2625406796793432,
        1.2608166620001453,
        1.2607370163829115,
        1.2597407478686986,
        1.259609529640075,
        1.258714646601361,
        1.2619407373168472,
        1.2626976070900215,
        1.2601495963561826,
        1.261718491558242,
        1.2604240838036753,
        1.2617619949706398,
        1.2633448909085152
    ],
    "val_accs": [
        0.2949,
        0.3747,
        0.4027,
        0.4335,
        0.4467,
        0.4565,
        0.472,
        0.4853,
        0.493,
        0.4997,
        0.5048,
        0.5096,
        0.5172,
        0.5241,
        0.5258,
        0.5311,
        0.5319,
        0.5345,
        0.5343,
        0.5386,
        0.5432,
        0.5422,
        0.5451,
        0.5463,
        0.546,
        0.5491,
        0.5517,
        0.548,
        0.5515,
        0.5514,
        0.5563,
        0.5527,
        0.5526,
        0.5556,
        0.5529,
        0.5534,
        0.552,
        0.5538,
        0.5562,
        0.557,
        0.5594,
        0.5576,
        0.5565,
        0.557,
        0.5563,
        0.557,
        0.5572,
        0.5547,
        0.5575,
        0.558,
        0.5578
    ],
    "hyperparameters": {
        "batch_size": 128,
        "learning_rate": 0.0005,
        "momentum": 0.9,
        "weight_decay": 0.0001,
        "optimizer": "adam",
        "early_stopping": true,
        "patience": 10
    },
    "runtime_info": {
        "total_training_time": 116.1286039352417,
        "avg_epoch_time": 2.2770314497106217,
        "timestamp": "2025-04-13 06:54:56"
    }
}