{
    "model_name": "Adam_GELU_standard",
    "features": [
        "GELU",
        "Adam"
    ],
    "accuracy": 0.5709,
    "precision": 0.5783749069604807,
    "recall": 0.5709,
    "f1_score": 0.5704278735875369,
    "loss": 1.2098923323194528,
    "inference_time": 0.29048991203308105,
    "timestamp": "2025-04-16 13:06:44"
}