{
    "model_name": "Adam_GELU_standard",
    "features": [
        "GELU",
        "Adam"
    ],
    "epochs": 57,
    "best_epoch": 47,
    "best_val_acc": 0.5768,
    "training_time": 633.1778631210327,
    "train_losses": [
        2.354053190558507,
        1.8910357655592902,
        1.7498175055922534,
        1.6608328624106343,
        1.5927255694108375,
        1.5337073252876954,
        1.487128913121316,
        1.4487855042567461,
        1.4109801215580338,
        1.384442634434777,
        1.3513532368430896,
        1.3314764839185789,
        1.306630162442272,
        1.2896980149623676,
        1.2649483412060094,
        1.254662468779978,
        1.2322164004726484,
        1.2135279916307715,
        1.2109318115604581,
        1.192859195933182,
        1.1738385606794017,
        1.1609523754461226,
        1.1556952078527054,
        1.1460685282392833,
        1.1335204840205786,
        1.1227648736243137,
        1.1146708789245177,
        1.103530746165001,
        1.1010783490114358,
        1.091247330130727,
        1.0792602219096876,
        1.0777866055782415,
        1.0722022610268696,
        1.0626662916807428,
        1.060503798576744,
        1.0484202399946299,
        1.0486512496016906,
        1.0343246417404521,
        1.027872150351378,
        1.0287445679930634,
        1.0252823556716997,
        1.0152456612517031,
        1.0127592021629526,
        1.0120958523150976,
        1.0035495815461537,
        0.991958134366316,
        0.9900992578913846,
        0.9897629350604515,
        0.9868984439197533,
        0.9860065731394065,
        0.9805852117788818,
        0.9746466130903183,
        0.9732628580844216,
        0.9702573215604943,
        0.9622720845520794,
        0.9600925053512077,
        0.9505482454480889
    ],
    "val_losses": [
        1.908969129954358,
        1.7118208520989304,
        1.6288312112922279,
        1.5539329267825386,
        1.4930898095585008,
        1.4528233558755776,
        1.4188318034062137,
        1.3966323788751507,
        1.3715692632284522,
        1.3503825193269217,
        1.3290027796447375,
        1.3181239175339343,
        1.3017053618968573,
        1.2973243233991438,
        1.2876899544486606,
        1.2771085052243323,
        1.2673699902539963,
        1.2598095058507748,
        1.2603440291643746,
        1.252350245390708,
        1.2496105393861092,
        1.2470017223658856,
        1.2490902182681292,
        1.2410373302517523,
        1.2352805751744245,
        1.2342227689197967,
        1.2334743642777037,
        1.2310830902646648,
        1.2241329312544273,
        1.2245639632633818,
        1.224595967754304,
        1.221004764338182,
        1.2234465703639696,
        1.2243575310181458,
        1.218622206370573,
        1.2244835401484904,
        1.217973018173196,
        1.2179059971844242,
        1.2198737675139522,
        1.2199409293694832,
        1.2197370921790722,
        1.218606526992045,
        1.21776864850708,
        1.2137571507514666,
        1.221303482105668,
        1.217652798096789,
        1.2131278990358045,
        1.2132885314095263,
        1.2174615922231637,
        1.2130782634888801,
        1.2161876766684123,
        1.2133692918528358,
        1.216308762712979,
        1.2166282870214877,
        1.2193791454543654,
        1.2162539665939902,
        1.2162822402210798
    ],
    "val_accs": [
        0.3457,
        0.4076,
        0.4395,
        0.4612,
        0.4822,
        0.4895,
        0.5049,
        0.5075,
        0.5165,
        0.5218,
        0.5361,
        0.5374,
        0.5418,
        0.5439,
        0.5463,
        0.5531,
        0.5532,
        0.5562,
        0.556,
        0.5592,
        0.5597,
        0.5593,
        0.5584,
        0.5592,
        0.5636,
        0.563,
        0.5654,
        0.5613,
        0.566,
        0.5671,
        0.5687,
        0.567,
        0.571,
        0.5718,
        0.5723,
        0.5665,
        0.5733,
        0.5744,
        0.5748,
        0.5754,
        0.5724,
        0.5715,
        0.5725,
        0.5709,
        0.5705,
        0.571,
        0.5768,
        0.5719,
        0.5728,
        0.5733,
        0.571,
        0.5748,
        0.5714,
        0.5693,
        0.5709,
        0.5754,
        0.5739
    ],
    "hyperparameters": {
        "batch_size": 32,
        "learning_rate": 0.0005,
        "momentum": 0.9,
        "weight_decay": 0.0001,
        "optimizer": "adam",
        "early_stopping": true,
        "patience": 10
    },
    "runtime_info": {
        "total_training_time": 633.1778631210327,
        "avg_epoch_time": 11.108383563526889,
        "timestamp": "2025-04-16 13:06:44"
    }
}