{
    "model_name": "Adam_GELU_standard",
    "features": [
        "GELU",
        "Adam"
    ],
    "accuracy": 0.5596,
    "precision": 0.5672623280655007,
    "recall": 0.5596,
    "f1_score": 0.5607826585559512,
    "loss": 1.2550234131022353,
    "inference_time": 0.30930423736572266,
    "timestamp": "2025-04-13 07:29:20"
}