{
    "model_name": "Adam_GELU_standard",
    "features": [
        "GELU",
        "Adam"
    ],
    "epochs": 89,
    "best_epoch": 79,
    "best_val_acc": 0.5728,
    "training_time": 470.090576171875,
    "train_losses": [
        2.731783494940129,
        2.3179651725048482,
        2.2579708588254466,
        2.1298146872123844,
        2.032869795700485,
        1.9637585530977362,
        1.9126546459550031,
        1.8570592724431119,
        1.8127535695134371,
        1.7762566731660752,
        1.7376614779167516,
        1.70270838400151,
        1.6601833208724843,
        1.6362211771146138,
        1.6123842825477086,
        1.5870833396949355,
        1.5649672627940345,
        1.537563443678006,
        1.5163141678767704,
        1.50000450903877,
        1.4859071355314308,
        1.455664065864699,
        1.4429025064547496,
        1.4296224469047198,
        1.414104472840536,
        1.396853695931878,
        1.3850989955339874,
        1.3700445419486258,
        1.3549008196087309,
        1.3427668112166804,
        1.3308352396766083,
        1.3172988987384107,
        1.308633894390987,
        1.2917747777758166,
        1.28699968532767,
        1.2700483578960464,
        1.2663597569089897,
        1.2539692797461115,
        1.2457187265683696,
        1.2438091233370545,
        1.2264238339676523,
        1.2203003843438385,
        1.2185972771383,
        1.2014494435898682,
        1.1925723849053913,
        1.1880870792024243,
        1.1805475918272428,
        1.1816034344285316,
        1.1679608328916655,
        1.159307388370397,
        1.1550687910127642,
        1.1470308344880922,
        1.141131883206683,
        1.1400287513815515,
        1.1344244035706195,
        1.130422952194479,
        1.1253653172338185,
        1.1117063421905484,
        1.1038469044936394,
        1.105958276807533,
        1.1011514753786085,
        1.1009580622322979,
        1.0908636711011466,
        1.089347224806307,
        1.0838622293701572,
        1.0726227473082364,
        1.067073684445462,
        1.0645024860950565,
        1.0626730867159913,
        1.0578773331686941,
        1.0593602615897537,
        1.0481994777557548,
        1.0448356209476477,
        1.0371404894141243,
        1.0352482139693173,
        1.040451942891323,
        1.037869146978683,
        1.0306425223101754,
        1.0389689779719034,
        1.023556908657753,
        1.0249015340418333,
        1.0195940774715873,
        1.0073991519171885,
        1.0083338529688197,
        1.002124011729106,
        1.006601962377733,
        1.002428890873035,
        1.0031617733915987,
        0.994502716193343
    ],
    "val_losses": [
        2.3135995411559738,
        2.2842891418832676,
        2.126973519925231,
        1.9480518935677122,
        1.883553443706453,
        1.8321088017808325,
        1.7710641983670667,
        1.725737792402285,
        1.6857274807258305,
        1.6572183041196913,
        1.617821172221678,
        1.5906576525803262,
        1.5564779102653234,
        1.5247606735843513,
        1.51087212111481,
        1.4878087612425996,
        1.477508354549912,
        1.4537243785311045,
        1.441362611359114,
        1.4288744010139476,
        1.4200907919491401,
        1.401466380610097,
        1.3913967181533575,
        1.3883047692339583,
        1.3677219983547342,
        1.3653484080593319,
        1.3661595624672842,
        1.3491183105830575,
        1.3394386911897613,
        1.3323741597933934,
        1.3251807896819645,
        1.321881576543826,
        1.314719080070244,
        1.308924267919278,
        1.3054108491808525,
        1.2986382506060163,
        1.296744647395395,
        1.2938302310582923,
        1.2914779757371908,
        1.283395416827318,
        1.2787129468357725,
        1.2747382495510065,
        1.2716213622089927,
        1.268709191892259,
        1.2702896482575896,
        1.2699653770481587,
        1.2703356024997638,
        1.2604089917901151,
        1.2629413822333995,
        1.2641083437197391,
        1.2628211354296626,
        1.2562519712620788,
        1.2536531321688165,
        1.2567330745172616,
        1.254799549222531,
        1.25349459851791,
        1.2553916290821334,
        1.2522800222095964,
        1.25488283698795,
        1.2502659954171387,
        1.2507209366020344,
        1.253456810290591,
        1.255076457950089,
        1.257353158929923,
        1.2574025506028694,
        1.251189861139459,
        1.2535212104470197,
        1.252586783500525,
        1.2500028222226893,
        1.253745098895415,
        1.253743634404693,
        1.2528042500115077,
        1.2536604065341914,
        1.2534262206589786,
        1.2548385885070075,
        1.2481293542442906,
        1.248966715624106,
        1.2576987597559433,
        1.2469866959479605,
        1.2498484784414878,
        1.2514090409847356,
        1.2528529704227298,
        1.253255804395644,
        1.2537994111763273,
        1.25524954572131,
        1.25557276589991,
        1.2583698628984468,
        1.2550264923296424,
        1.2556734892384476
    ],
    "val_accs": [
        0.0863,
        0.1053,
        0.2209,
        0.2587,
        0.2847,
        0.2992,
        0.3436,
        0.367,
        0.3884,
        0.3998,
        0.4199,
        0.4341,
        0.442,
        0.4554,
        0.4621,
        0.4644,
        0.4704,
        0.4758,
        0.4861,
        0.4909,
        0.4936,
        0.5015,
        0.5055,
        0.5083,
        0.5152,
        0.5112,
        0.5113,
        0.5196,
        0.5246,
        0.5282,
        0.5359,
        0.5354,
        0.5341,
        0.5353,
        0.5368,
        0.5399,
        0.5449,
        0.5433,
        0.5454,
        0.5475,
        0.5534,
        0.5512,
        0.5548,
        0.5582,
        0.5595,
        0.5586,
        0.5584,
        0.5619,
        0.563,
        0.5609,
        0.5575,
        0.5636,
        0.5635,
        0.5617,
        0.5655,
        0.5646,
        0.5635,
        0.5631,
        0.5618,
        0.5657,
        0.565,
        0.565,
        0.5661,
        0.5621,
        0.5628,
        0.5658,
        0.5666,
        0.5665,
        0.5648,
        0.5664,
        0.5683,
        0.5673,
        0.5678,
        0.5674,
        0.5695,
        0.568,
        0.5687,
        0.5707,
        0.5728,
        0.5681,
        0.568,
        0.5698,
        0.5721,
        0.5673,
        0.5676,
        0.5699,
        0.5715,
        0.5706,
        0.569
    ],
    "hyperparameters": {
        "batch_size": 128,
        "learning_rate": 0.0005,
        "momentum": 0.9,
        "weight_decay": 0.0001,
        "optimizer": "adam",
        "early_stopping": true,
        "patience": 10
    },
    "runtime_info": {
        "total_training_time": 470.090576171875,
        "avg_epoch_time": 5.281916586200842,
        "timestamp": "2025-04-13 07:29:20"
    }
}