{
    "model_name": "Adam_GELU_standard",
    "features": [
        "GELU",
        "Adam"
    ],
    "epochs": 92,
    "best_epoch": 82,
    "best_val_acc": 0.5663,
    "training_time": 257.3586208820343,
    "train_losses": [
        2.6056195928316184,
        2.133374881637786,
        1.9719967345396094,
        1.8660349938908791,
        1.7958300281349078,
        1.747796272966099,
        1.6953383886771172,
        1.6595416633014812,
        1.615097498554583,
        1.5853079469533526,
        1.5585221702725887,
        1.5326399604853178,
        1.5123467479911046,
        1.490598669340207,
        1.4684432774991683,
        1.4465381407148075,
        1.4350023757613808,
        1.4167357574269428,
        1.4046227137743108,
        1.390593903109581,
        1.3808998495077043,
        1.3666704289370688,
        1.3540538510350304,
        1.3492146502516353,
        1.3403505458577873,
        1.328219489974555,
        1.3202551324918435,
        1.3115060386635728,
        1.3054912622495436,
        1.299951966403598,
        1.295457660243084,
        1.280929848617118,
        1.2791708878562427,
        1.2774121684074573,
        1.2699829048456663,
        1.2650334009493271,
        1.2647068752681014,
        1.2533767368981215,
        1.252255308456539,
        1.2463066851291102,
        1.2418723342161184,
        1.2279584139416935,
        1.2312640822957088,
        1.231915658928043,
        1.2266170081301893,
        1.2268754313594983,
        1.217324207821239,
        1.2182506369563646,
        1.2121034752771913,
        1.2099938473025522,
        1.2111084612201264,
        1.2079797423486995,
        1.1998978010968413,
        1.2003778004584336,
        1.194684196624343,
        1.1927029300340104,
        1.1899627241066406,
        1.19051586672112,
        1.1871573969378575,
        1.1836497592027448,
        1.1846724759522473,
        1.1845778688145217,
        1.1834558406582654,
        1.178360201427548,
        1.1749086251788696,
        1.176004535163701,
        1.1734810179353372,
        1.1751222646969244,
        1.1700215852971971,
        1.1704464452976302,
        1.1655942867551854,
        1.1678025724081773,
        1.1646102858105147,
        1.157853417326119,
        1.1593443368183114,
        1.1541579592740387,
        1.16163375363061,
        1.1547058900116918,
        1.16046650786475,
        1.1519319832950865,
        1.1563922392886368,
        1.1458183813016576,
        1.1461623027693442,
        1.1508424780419264,
        1.1434641115834818,
        1.1484382523372296,
        1.1477090188081698,
        1.1455947313761992,
        1.1469582043252389,
        1.1455432910259038,
        1.1375771648259059,
        1.1351695964490525
    ],
    "val_losses": [
        2.195107806515952,
        1.9380160293578415,
        1.807938737799546,
        1.7261514692750952,
        1.6698107287355193,
        1.6285561183932808,
        1.5847311048314559,
        1.545852235223546,
        1.5114269518390495,
        1.4888261400631058,
        1.461362495598127,
        1.4414309388891613,
        1.4238359884058274,
        1.407791493074981,
        1.3923869173092163,
        1.373891718474593,
        1.367534605917392,
        1.3502387840382424,
        1.3432759806221577,
        1.3367475356746503,
        1.3261233185502423,
        1.3195477035791638,
        1.3097460417693378,
        1.3086903201621776,
        1.3007467554551027,
        1.293135414848078,
        1.2855820624467198,
        1.28576353333532,
        1.2817481491383689,
        1.2770370443524206,
        1.2760025634793317,
        1.2716605217356638,
        1.268111594364225,
        1.2679678655132556,
        1.2632571836525326,
        1.2655622065258827,
        1.2596427649392168,
        1.2604634884142707,
        1.2577508976761087,
        1.255672396339476,
        1.2561169565043329,
        1.2529505540385533,
        1.253429502937125,
        1.2520704674753227,
        1.2478873307633944,
        1.2491752281121276,
        1.2481461420176991,
        1.2463449198747651,
        1.243924065749609,
        1.2462481271466077,
        1.24520279743222,
        1.2455550925644647,
        1.2407484420779284,
        1.2385196098120255,
        1.2445634424988046,
        1.241554824569892,
        1.239439535489516,
        1.2373685711408953,
        1.2392508420199229,
        1.2381051172216813,
        1.2393797921410128,
        1.237351640495123,
        1.2389793038174488,
        1.2371016708571403,
        1.2393637677138263,
        1.2362638857444495,
        1.2391889480549392,
        1.2393903093668888,
        1.2389442819223306,
        1.2424803097331758,
        1.2411082446090376,
        1.2378350020649613,
        1.24328120120756,
        1.2402036345441927,
        1.2384304795701309,
        1.2407940186189876,
        1.240642628408559,
        1.238526658844666,
        1.2401395200266931,
        1.2378489717235348,
        1.2417973632720376,
        1.2384293972653373,
        1.234440421871949,
        1.2385173057244032,
        1.24190730308084,
        1.24049549224355,
        1.240077118975489,
        1.2392101798430297,
        1.2402265757546818,
        1.241408157289029,
        1.2389174061762622,
        1.2392214196773663
    ],
    "val_accs": [
        0.2257,
        0.3278,
        0.3698,
        0.3949,
        0.416,
        0.4349,
        0.4498,
        0.46,
        0.4656,
        0.4743,
        0.4819,
        0.4926,
        0.4969,
        0.4985,
        0.5048,
        0.5121,
        0.5146,
        0.5205,
        0.5236,
        0.525,
        0.5299,
        0.5324,
        0.5358,
        0.5376,
        0.5368,
        0.5411,
        0.5406,
        0.542,
        0.5447,
        0.5476,
        0.5479,
        0.5462,
        0.552,
        0.5487,
        0.5512,
        0.5526,
        0.5544,
        0.5513,
        0.5539,
        0.5556,
        0.5528,
        0.5557,
        0.555,
        0.5559,
        0.5534,
        0.5587,
        0.5561,
        0.5588,
        0.5545,
        0.5616,
        0.5601,
        0.56,
        0.5617,
        0.5617,
        0.559,
        0.5613,
        0.5621,
        0.5624,
        0.5627,
        0.5614,
        0.5626,
        0.5624,
        0.5615,
        0.5612,
        0.5627,
        0.5626,
        0.5633,
        0.5614,
        0.5628,
        0.5608,
        0.5642,
        0.5653,
        0.5612,
        0.562,
        0.5633,
        0.5589,
        0.5614,
        0.5631,
        0.5625,
        0.5639,
        0.5633,
        0.5663,
        0.5636,
        0.5642,
        0.5608,
        0.5652,
        0.5616,
        0.5657,
        0.5617,
        0.5623,
        0.5633,
        0.5611
    ],
    "hyperparameters": {
        "batch_size": 64,
        "learning_rate": 0.0005,
        "momentum": 0.9,
        "weight_decay": 0.0001,
        "optimizer": "adam",
        "early_stopping": true,
        "patience": 10
    },
    "runtime_info": {
        "total_training_time": 257.3586208820343,
        "avg_epoch_time": 2.7973763139351555,
        "timestamp": "2025-04-13 06:27:06"
    }
}