{
    "model_name": "Adam_GELU_standard",
    "features": [
        "GELU",
        "Adam"
    ],
    "accuracy": 0.5603,
    "precision": 0.5607671106458413,
    "recall": 0.5603,
    "f1_score": 0.5583180300857712,
    "loss": 1.2347328078121318,
    "inference_time": 0.14257597923278809,
    "timestamp": "2025-04-13 06:27:06"
}