{
    "model_name": "Adam_GELU_standard",
    "features": [
        "GELU",
        "Adam"
    ],
    "epochs": 144,
    "best_epoch": 134,
    "best_val_acc": 0.5621,
    "training_time": 535.9723567962646,
    "train_losses": [
        2.854378764310897,
        2.348650437880779,
        2.3003234450209997,
        2.258910892454339,
        2.1818464579774592,
        2.0941577458917195,
        2.0308249430696574,
        1.9918499095005582,
        1.9524714704127444,
        1.9238712350983649,
        1.885002003830718,
        1.8582748832953573,
        1.8388370674751067,
        1.7988082593929346,
        1.7834227861569678,
        1.7560521350962128,
        1.7418970185421125,
        1.7137314924971818,
        1.6969472154948269,
        1.6800046469786671,
        1.667119263653191,
        1.6485887602678044,
        1.635351571136081,
        1.6262844756875796,
        1.5974435504894489,
        1.5903848135233984,
        1.5816613780052289,
        1.5715164889364448,
        1.5573165796985076,
        1.5464144156263047,
        1.5370569153398093,
        1.5226805924189715,
        1.5084205650546068,
        1.5082459224009768,
        1.4971493203789668,
        1.491803578544654,
        1.4804443753013716,
        1.4724947815386626,
        1.4644890927525451,
        1.45959736754646,
        1.4528735532388324,
        1.4435839719824302,
        1.4378666643667266,
        1.4271798802607913,
        1.4199015207896697,
        1.4208636176923304,
        1.4106996955726798,
        1.4085651627730968,
        1.3970787695935016,
        1.3941416773083115,
        1.387596307665581,
        1.3769378165280317,
        1.3773077657801787,
        1.375681014863625,
        1.3716457110467601,
        1.35973399714457,
        1.3593677224277196,
        1.3566354728678958,
        1.3502363499542895,
        1.3411895282572892,
        1.3376280230084232,
        1.3327992548888374,
        1.3300425737971593,
        1.3289476345785578,
        1.326825289005775,
        1.316317234759185,
        1.3227702732593047,
        1.3141967913583137,
        1.307208062129552,
        1.310528745007159,
        1.3077843218511516,
        1.3078321728681654,
        1.2975881194543415,
        1.292190293624963,
        1.2921623145674948,
        1.29104038454343,
        1.2795954739210158,
        1.2826702389788702,
        1.2851125808602744,
        1.2870301393009143,
        1.2748118027582986,
        1.2750209812384428,
        1.267943133130347,
        1.270567363578843,
        1.270101308347717,
        1.264510144423205,
        1.260740426488181,
        1.2628784764003795,
        1.2546743693178324,
        1.2551749016241696,
        1.2583453915663483,
        1.2541485971253703,
        1.2489489353101142,
        1.2482872810736152,
        1.2492369022098522,
        1.2434612822513695,
        1.2411577191836403,
        1.2419438230359534,
        1.2401606689542524,
        1.2381016051396683,
        1.2356090719702597,
        1.2338473565536374,
        1.2347024442168226,
        1.2252027275130168,
        1.2346982831845947,
        1.2210957868778287,
        1.2311703501728821,
        1.2268949311166732,
        1.2270097053593072,
        1.2187042004233024,
        1.2137809242577664,
        1.219935710122663,
        1.2201762908246072,
        1.2197705530099732,
        1.2110445757425783,
        1.2043447771022748,
        1.2078165602946858,
        1.215360639196747,
        1.2148423972733846,
        1.2022467395585266,
        1.2016543510279662,
        1.207985304476458,
        1.2080254923421139,
        1.2001575258629384,
        1.1975837817015205,
        1.2005845586282087,
        1.1977678389957165,
        1.1994289991082774,
        1.195361957939856,
        1.1980549716450122,
        1.1967527134672549,
        1.1953934693831545,
        1.1951119804386954,
        1.1907942764020143,
        1.1885217146556948,
        1.1889415267154333,
        1.1922652867516705,
        1.1867656869114351,
        1.183277856387589,
        1.1843579964756081,
        1.1754096318703455,
        1.1818368502737493,
        1.1833490137276268,
        1.1791220184984175
    ],