{
    "model_name": "Adam_GELU_standard",
    "features": [
        "GELU",
        "Adam"
    ],
    "accuracy": 0.5536,
    "precision": 0.5562762982322983,
    "recall": 0.5536,
    "f1_score": 0.5523066370576521,
    "loss": 1.2617355545818638,
    "inference_time": 0.2566361427307129,
    "timestamp": "2025-04-13 16:43:34"
}