{
    "model_name": "Adam_GELU_standard",
    "features": [
        "GELU",
        "Adam"
    ],
    "epochs": 89,
    "best_epoch": 79,
    "best_val_acc": 0.5645,
    "training_time": 226.848482131958,
    "train_losses": [
        2.700663152740211,
        2.2706947464816283,
        2.1206127984720156,
        1.9993528268859924,
        1.9095188042387992,
        1.850739428193769,
        1.7957509970463412,
        1.7518916879338604,
        1.721283671085049,
        1.6848797647188773,
        1.6551752676214035,
        1.6342741598750943,
        1.6101397799049655,
        1.58223819867576,
        1.5647173849689273,
        1.544781015972151,
        1.529845341585495,
        1.5074573164652632,
        1.4887849135302267,
        1.4742804239377463,
        1.4623479780674296,
        1.4557137513075364,
        1.4341444272406336,
        1.4256118457411588,
        1.4131374772486838,
        1.4054491252634709,
        1.3899776533081476,
        1.3807351292546013,
        1.3689614695222372,
        1.3662786848285846,
        1.3589128387205318,
        1.3458950237596703,
        1.3443242601051382,
        1.334411092802097,
        1.3287349882744144,
        1.3192893800467338,
        1.3133431056794311,
        1.3047931213464161,
        1.3001939472865836,
        1.2932855441048345,
        1.2884322260584213,
        1.2785851135280288,
        1.2794123788618568,
        1.2769482618361658,
        1.2679840497244483,
        1.2642574677285507,
        1.257073796633854,
        1.2541859250557894,
        1.250981710328847,
        1.250878670980183,
        1.2363989926514116,
        1.243930695693136,
        1.2324005775542146,
        1.2361469298571888,
        1.228328941439121,
        1.2306601506404289,
        1.2244759513926786,
        1.222139063359411,
        1.213839869928017,
        1.2117398302457902,
        1.209184640536513,
        1.2109284851496782,
        1.20547223392154,
        1.2036294903532196,
        1.2004633661020703,
        1.1980765949127148,
        1.1987045633608957,
        1.1976592248195326,
        1.1932526299727368,
        1.191012364380069,
        1.1895478834400528,
        1.1939744591715573,
        1.1835478718309154,
        1.1768336763354323,
        1.1763606840245546,
        1.179297477236259,
        1.1748314374674895,
        1.1747332527330048,
        1.174223214549021,
        1.1734682663527893,
        1.1669966445284148,
        1.16896394738372,
        1.1587036147556924,
        1.1574817593267956,
        1.1571011573229715,
        1.1640909057645605,
        1.1534901334643324,
        1.1526875472798226,
        1.1534267818340218
    ],
    "val_losses": [
        2.276939283694513,
        2.165815191956988,
        1.9580114390458345,
        1.8515454991662976,
        1.7731209726199066,
        1.7233861296850645,
        1.6789819463095275,
        1.6371163104160307,
        1.611735573650138,
        1.5769514687067379,
        1.5524885776060766,
        1.5333660548883659,
        1.5113155826791587,
        1.4896784952281843,
        1.4742615124271587,
        1.457295174576689,
        1.440845824460353,
        1.4267210640644068,
        1.41539043701966,
        1.4058285763712226,
        1.3941002945121819,
        1.3842869632798764,
        1.3746330255884018,
        1.3647865013323264,
        1.3556792172896086,
        1.3502461941863906,
        1.3424348756912725,
        1.3351096061286503,
        1.327668580965024,
        1.323646182150171,
        1.3195435410755059,
        1.3139689508548351,
        1.311027932250197,
        1.3013309418168264,
        1.2985601403638003,
        1.2917215956097203,
        1.2891721290287208,
        1.287417228998421,
        1.2830506015589216,
        1.2785224973879017,
        1.2732487736679592,
        1.2745095868515972,
        1.2687292941310513,
        1.2661976006750975,
        1.2646061265226014,
        1.2586333878857494,
        1.259195013603252,
        1.255095431665778,
        1.2544304059827158,
        1.2540532084825273,
        1.2528172546081635,
        1.2502011610846764,
        1.2479351912431922,
        1.2467624547133307,
        1.247658595948497,
        1.2447625195564738,
        1.2420990941362318,
        1.2418530633131433,
        1.2425380481365345,
        1.2404333090287214,
        1.2391033182042364,
        1.240683260395627,
        1.2375607632406473,
        1.2366694056948782,
        1.237372686416632,
        1.237332020056228,
        1.235148986984315,
        1.2344501291431789,
        1.2329156053951935,
        1.232981271531048,
        1.2336521949190715,
        1.231070284109088,
        1.2287647515828823,
        1.2295233815763444,
        1.2321475053989743,
        1.2300085571545714,
        1.2308660004103935,
        1.2308012706618834,
        1.2280916569321616,
        1.2290256506354686,
        1.2283200414718893,
        1.2297763010724596,
        1.227340206300219,
        1.2269181036898222,
        1.226933680438417,
        1.2264775730871733,
        1.2267814321229615,
        1.2271185410386498,
        1.2270255889797506
    ],
    "val_accs": [
        0.1397,
        0.2274,
        0.3093,
        0.3455,
        0.3752,
        0.3916,
        0.4074,
        0.4213,
        0.4303,
        0.443,
        0.447,
        0.4554,
        0.4628,
        0.4714,
        0.4761,
        0.4818,
        0.4863,
        0.4925,
        0.4985,
        0.4986,
        0.5038,
        0.5081,
        0.5069,
        0.5169,
        0.5202,
        0.5214,
        0.5217,
        0.526,
        0.5288,
        0.5297,
        0.532,
        0.5339,
        0.5324,
        0.5364,
        0.5354,
        0.5377,
        0.5417,
        0.5394,
        0.5457,
        0.5459,
        0.5458,
        0.5479,
        0.5491,
        0.5486,
        0.55,
        0.552,
        0.553,
        0.5539,
        0.5563,
        0.5557,
        0.5534,
        0.5548,
        0.5566,
        0.5571,
        0.5557,
        0.5563,
        0.5576,
        0.5553,
        0.5579,
        0.5577,
        0.5598,
        0.559,
        0.5589,
        0.5577,
        0.5571,
        0.5592,
        0.5608,
        0.5587,
        0.5625,
        0.5622,
        0.5608,
        0.5627,
        0.5621,
        0.5626,
        0.5607,
        0.5587,
        0.5605,
        0.5627,
        0.5645,
        0.5629,
        0.5644,
        0.5624,
        0.5636,
        0.5636,
        0.5621,
        0.5614,
        0.5633,
        0.5643,
        0.5629
    ],
    "hyperparameters": {
        "batch_size": 128,
        "learning_rate": 0.0005,
        "momentum": 0.9,
        "weight_decay": 0.0001,
        "optimizer": "adam",
        "early_stopping": true,
        "patience": 10
    },
    "runtime_info": {
        "total_training_time": 226.848482131958,
        "avg_epoch_time": 2.548859349797281,
        "timestamp": "2025-04-13 07:11:12"
    }
}