{
    "model_name": "Adam_GELU_standard",
    "features": [
        "GELU",
        "Adam"
    ],
    "accuracy": 0.57,
    "precision": 0.5773583822096098,
    "recall": 0.57,
    "f1_score": 0.5699343250927765,
    "loss": 1.2123566133717851,
    "inference_time": 0.3682699203491211,
    "timestamp": "2025-04-13 14:43:26"
}