{
    "model_name": "Adam_GELU_standard",
    "features": [
        "GELU",
        "Adam"
    ],
    "epochs": 59,
    "best_epoch": 49,
    "best_val_acc": 0.574,
    "training_time": 391.1452901363373,
    "train_losses": [
        2.4443230556200812,
        1.9640596667897612,
        1.8224840680371415,
        1.7283804995101568,
        1.6614017058925719,
        1.6112984598867994,
        1.5617302593624076,
        1.51675652383699,
        1.4847548545334064,
        1.4432863531040432,
        1.4184506202080411,
        1.3927338250678205,
        1.368177095266276,
        1.3386873844910663,
        1.3237454940278057,
        1.3059612708849129,
        1.280875876428162,
        1.2712474436350019,
        1.252585416160464,
        1.2406193229598685,
        1.2240809328179412,
        1.209925322187933,
        1.1980662552370236,
        1.1836992880548936,
        1.1708389722767751,
        1.1642116034368644,
        1.1514952374687901,
        1.1394316003639668,
        1.1322582597775015,
        1.121200693642831,
        1.1146190537535414,
        1.1061018850851634,
        1.0911281648549394,
        1.0927390477669685,
        1.0838951432110222,
        1.0672370277760732,
        1.0674585240911663,
        1.0690655316969593,
        1.05621078247708,
        1.04661955543012,
        1.0391107941044362,
        1.0301980198749723,
        1.0230681296883262,
        1.0232411872886744,
        1.014695346757262,
        1.012071536508453,
        1.0149058442244354,
        0.9979608826934607,
        0.9941457387441033,
        0.9926737517202259,
        0.9941635952732781,
        0.9817042250735025,
        0.9845950884889925,
        0.9742817647268471,
        0.9760209445104806,
        0.9744878620567491,
        0.969837588720491,
        0.963401634294824,
        0.9639840158090713
    ],
    "val_losses": [
        1.990420746531842,
        1.776257055685708,
        1.6872804125941365,
        1.6260660105810205,
        1.5730447698309857,
        1.520608908839418,
        1.4791509214315193,
        1.4500643354362603,
        1.4290445326345118,
        1.3952110765776027,
        1.375934430193469,
        1.3660731412144747,
        1.3463425056812255,
        1.33131260450931,
        1.3180486262451503,
        1.3074772875494038,
        1.2955587480097104,
        1.2896562430749778,
        1.2798674866186615,
        1.271555773508755,
        1.2622228509784585,
        1.2578748486723172,
        1.2579569761783604,
        1.2467459170043944,
        1.2421864415717034,
        1.2388385615198625,
        1.2349141692510577,
        1.2323331049815016,
        1.229170754659283,
        1.2256820903913104,
        1.2244716777166489,
        1.220183998443497,
        1.2197059434228161,
        1.2168901934766683,
        1.2227649654274495,
        1.2177234474588214,
        1.2194562487272196,
        1.2197162787199975,
        1.2157916796595323,
        1.2127693631576204,
        1.2125984054511245,
        1.2113534656867515,
        1.215697892662117,
        1.2109160491504138,
        1.2141019499182544,
        1.2134929603935554,
        1.2080836026095358,
        1.2100122515557483,
        1.2078859866543012,
        1.2110025188441722,
        1.2122323784129778,
        1.2086638510059273,
        1.2076361640116922,
        1.2060831327568686,
        1.2113910668780208,
        1.2074242009812641,
        1.2102479396888954,
        1.2111975229136027,
        1.2047836495969528
    ],
    "val_accs": [
        0.3201,
        0.3919,
        0.425,
        0.4405,
        0.4579,
        0.4747,
        0.4897,
        0.5005,
        0.5042,
        0.5146,
        0.5218,
        0.5255,
        0.5308,
        0.5388,
        0.5393,
        0.542,
        0.542,
        0.5467,
        0.5517,
        0.5496,
        0.5557,
        0.5555,
        0.5527,
        0.5645,
        0.5614,
        0.5631,
        0.5612,
        0.5615,
        0.5639,
        0.5654,
        0.5646,
        0.5682,
        0.5691,
        0.5687,
        0.5649,
        0.5703,
        0.5678,
        0.5654,
        0.5662,
        0.5719,
        0.5722,
        0.5709,
        0.5682,
        0.57,
        0.5674,
        0.5665,
        0.5729,
        0.5704,
        0.574,
        0.5732,
        0.571,
        0.5694,
        0.5703,
        0.5695,
        0.5712,
        0.5692,
        0.5691,
        0.5711,
        0.5739
    ],
    "hyperparameters": {
        "batch_size": 64,
        "learning_rate": 0.0005,
        "momentum": 0.9,
        "weight_decay": 0.0001,
        "optimizer": "adam",
        "early_stopping": true,
        "patience": 10
    },
    "runtime_info": {
        "total_training_time": 391.1452901363373,
        "avg_epoch_time": 6.629581188751479,
        "timestamp": "2025-04-13 14:43:26"
    }
}