{
    "model_name": "Adam_GELU_standard",
    "features": [
        "GELU",
        "Adam"
    ],
    "accuracy": 0.5684,
    "precision": 0.5739209467353177,
    "recall": 0.5684,
    "f1_score": 0.5670311577568369,
    "loss": 1.2092553629206606,
    "inference_time": 0.28302693367004395,
    "timestamp": "2025-04-13 17:23:11"
}