{
    "model_name": "Adam_GELU_standard",
    "features": [
        "GELU",
        "Adam"
    ],
    "epochs": 57,
    "best_epoch": 47,
    "best_val_acc": 0.574,
    "training_time": 300.98768162727356,
    "train_losses": [
        2.4742330861252855,
        1.9686325901115223,
        1.8208629591730423,
        1.722862209994259,
        1.6657049437920548,
        1.6122422131772278,
        1.5524265609857453,
        1.5191940112951945,
        1.4810076503385978,
        1.4506114365020892,
        1.4166649741149937,
        1.3862630520990076,
        1.367377538121177,
        1.347188462732861,
        1.3285406911251008,
        1.2991719991548978,
        1.2838743712044818,
        1.2672592322988827,
        1.2512996450600369,
        1.2296341772239712,
        1.223768350022646,
        1.1992772447642899,
        1.197719219270211,
        1.180507547225627,
        1.1714988955727808,
        1.1698994927948343,
        1.1582674147506173,
        1.1405362254602094,
        1.1323593907637266,
        1.127720714752626,
        1.1166460293527483,
        1.0995508690146214,
        1.0978815690569044,
        1.094325242539624,
        1.0729165197847401,
        1.0744375372781807,
        1.0683824023394408,
        1.055744089331721,
        1.0596795691569145,
        1.0508498234754586,
        1.0485956915688908,
        1.043695844563887,
        1.030753328116643,
        1.0283421825283283,
        1.0194090798308306,
        1.0171568904371768,
        1.0143187218094902,
        1.006410991752096,
        1.0029187391170395,
        0.9993473133760333,
        0.9859423021718495,
        0.9877859088555602,
        0.9883270093303779,
        0.9782334318903677,
        0.9737515912363838,
        0.9735983778419977,
        0.9731504643205134
    ],
    "val_losses": [
        2.0238908843159216,
        1.7930508769964133,
        1.6845916430411614,
        1.6131856726669531,
        1.5656684960521583,
        1.5296208141142227,
        1.4752803372058227,
        1.4552300511709104,
        1.4197724216844294,
        1.40445840220215,
        1.3749740486048765,
        1.3555946963526264,
        1.3483210133246812,
        1.3415986123795074,
        1.3287514298393965,
        1.3037297411282491,
        1.2978971377689834,
        1.2930250326890786,
        1.2838788242627213,
        1.2735272520221943,
        1.2687653055012815,
        1.2593041005661136,
        1.2582033431796924,
        1.2499025568292026,
        1.248099517269262,
        1.2420801938993453,
        1.2390679317061757,
        1.2364171792404197,
        1.230963537930951,
        1.2312335271151496,
        1.2287800548933678,
        1.2244950899273372,
        1.225250761456792,
        1.227509106903815,
        1.220691834801967,
        1.2227903049781657,
        1.2213534281235368,
        1.2215894814542323,
        1.2201634770997716,
        1.2177385004491004,
        1.219879079699532,
        1.219212417069113,
        1.2144952408574228,
        1.2150446035390121,
        1.2137736200505722,
        1.214441382404718,
        1.2127898761980984,
        1.2109219526728212,
        1.2133069548785218,
        1.2123274300510025,
        1.2100956135330365,
        1.2114228929219462,
        1.210919330649307,
        1.2111254033026435,
        1.2127501567982522,
        1.2128863466084105,
        1.2094978186739511
    ],
    "val_accs": [
        0.2963,
        0.3749,
        0.4194,
        0.4387,
        0.4575,
        0.4632,
        0.4827,
        0.4901,
        0.5018,
        0.5103,
        0.5144,
        0.522,
        0.5218,
        0.5212,
        0.528,
        0.5386,
        0.5372,
        0.5423,
        0.5433,
        0.5476,
        0.5507,
        0.5524,
        0.555,
        0.5578,
        0.5576,
        0.5591,
        0.5584,
        0.5585,
        0.5655,
        0.5642,
        0.5654,
        0.5638,
        0.5628,
        0.5651,
        0.5697,
        0.5687,
        0.5655,
        0.5651,
        0.5672,
        0.5666,
        0.5675,
        0.5674,
        0.57,
        0.5705,
        0.5713,
        0.5692,
        0.574,
        0.5722,
        0.5737,
        0.5722,
        0.5694,
        0.5695,
        0.5713,
        0.57,
        0.5713,
        0.5715,
        0.5714
    ],
    "hyperparameters": {
        "batch_size": 64,
        "learning_rate": 0.0005,
        "momentum": 0.9,
        "weight_decay": 0.0001,
        "optimizer": "adam",
        "early_stopping": true,
        "patience": 10
    },
    "runtime_info": {
        "total_training_time": 300.98768162727356,
        "avg_epoch_time": 5.280485642583747,
        "timestamp": "2025-04-13 17:23:10"
    }
}