{
    "model_name": "lr0.0001_drop0.3_wd0.0001_h512_256",
    "features": [
        "GELU",
        "Adam"
    ],
    "accuracy": 0.5529,
    "precision": 0.5536568141024292,
    "recall": 0.5529,
    "f1_score": 0.5505097946612075,
    "loss": 1.2654888063745096,
    "inference_time": 0.41640496253967285,
    "timestamp": "2025-04-16 15:18:54"
}