{
    "model_name": "lr0.0001_drop0.3_wd0.0001_h512_256",
    "features": [
        "GELU",
        "Adam"
    ],
    "epochs": 97,
    "best_epoch": 87,
    "best_val_acc": 0.5565,
    "training_time": 537.089916229248,
    "train_losses": [
        2.7084005603239136,
        2.2509396248716045,
        2.080615122777656,
        1.9673410809663474,
        1.8846956351353006,
        1.8323429397237536,
        1.7804592563791066,
        1.738125886314335,
        1.7049619161747356,
        1.6710981354006123,
        1.647468729003327,
        1.6185536494945787,
        1.5950470536530719,
        1.5685648585988066,
        1.546405837647992,
        1.5271467148780518,
        1.5026494573035898,
        1.4835808494714224,
        1.4677225268973724,
        1.4447189122134043,
        1.4403805709699213,
        1.4182442163349536,
        1.4016077225306989,
        1.3880708828637964,
        1.3751569456663248,
        1.3533164742472632,
        1.3468939190305231,
        1.3340507335645888,
        1.3156029922647186,
        1.3124433031866005,
        1.2992654118246538,
        1.2926668176003386,
        1.2821368487825275,
        1.270990543943666,
        1.2616616839302703,
        1.2482499998178525,
        1.2392039057487252,
        1.2334789377919073,
        1.2199910113141939,
        1.2108205378973493,
        1.2077254298885642,
        1.198041300093599,
        1.1874836591023983,
        1.1782130067007037,
        1.1660274724386461,
        1.16071096354232,
        1.1601485556015638,
        1.1487201912155347,
        1.1413952100430582,
        1.1322260027212414,
        1.1315095370685073,
        1.120776002136588,
        1.1120251945939958,
        1.1060331794180238,
        1.0995573019569707,
        1.0949252063349089,
        1.0899472821315048,
        1.0776908148848434,
        1.0743193389133425,
        1.0741036384922331,
        1.0635243493105122,
        1.0540343496475924,
        1.0569814326086724,
        1.044695319703081,
        1.0359222416126856,
        1.0381958415048491,
        1.0302157503151992,
        1.0182568673066483,
        1.019473543735605,
        1.015870824566098,
        1.010133873901617,
        1.004074014743198,
        0.9993532417226173,
        0.9960717011833838,
        0.98968681798857,
        0.9864899667513461,
        0.9831618538096215,
        0.9794668426183359,
        0.9725064951945175,
        0.9696420329441939,
        0.9622914763252391,
        0.9566104150857481,
        0.9548821779023838,
        0.9475196025515874,
        0.9438600432180105,
        0.9413439282509686,
        0.9370354769687548,
        0.9336068715767138,
        0.9312855737334003,
        0.9248807429725519,
        0.9239744906007159,
        0.9175466653926593,
        0.9074984930096255,
        0.9078792878215932,
        0.8988948616156228,
        0.9004824446642491,
        0.8988177831512472
    ],
    "val_losses": [
        2.1542003677827015,
        2.0152280354747707,
        1.9072221647706589,
        1.8246275834454162,
        1.7706323629255942,
        1.7273045970035252,
        1.696876780252111,
        1.669365191013546,
        1.6451903718159062,
        1.6232781649695913,
        1.6067528071820356,
        1.584869759483859,
        1.5686093202148002,
        1.5554327302483761,
        1.5398437420057602,
        1.5229574549909557,
        1.5096135256396501,
        1.4994546859111262,
        1.4886026455811106,
        1.4723465272298992,
        1.4689695993071026,
        1.4584967200652676,
        1.4430177470393413,
        1.4381825326555635,
        1.431288412274509,
        1.420860237102817,
        1.41433610283826,
        1.4086183792232034,
        1.401644051382332,
        1.3974497629054534,
        1.3894788127344688,
        1.382266531665769,
        1.3786673322044927,
        1.37350150011579,
        1.3684200857038333,
        1.362815780822026,
        1.3619223834102605,
        1.355702698885749,
        1.3518303850149924,
        1.348834235372448,
        1.3473299227510604,
        1.3410893801333057,
        1.3425196922853437,
        1.3350877339862397,
        1.3328354268204121,
        1.3292122741489876,
        1.3263401566025055,
        1.3268688905475952,
        1.3232958712195462,
        1.3219392129892205,
        1.3219148421823277,
        1.3192774338257058,
        1.3149653046808443,
        1.3122494923424708,
        1.310346625931394,
        1.3074570906006249,
        1.3057072132038114,
        1.3069302979594988,
        1.3038567470999909,
        1.3062555876388136,
        1.302057502305508,
        1.305482923413801,
        1.3017439852899875,
        1.2987953620795185,
        1.297105556291698,
        1.297576401365331,
        1.2969031339616943,
        1.293725506558685,
        1.29761193323848,
        1.2910058686580854,
        1.292446200116679,
        1.2913958874545832,
        1.291771320177593,
        1.2904359502663065,
        1.2893754944334652,
        1.2876954946824328,
        1.2905525588206415,
        1.2888945749741685,
        1.287133047874377,
        1.2892484236521817,
        1.2882212202073007,
        1.2895233167680251,
        1.2872168552574992,
        1.286427694553532,
        1.285557643867229,
        1.2873343727630573,
        1.2851970802777324,
        1.2864490444685657,
        1.2869492602250407,
        1.2856065796634766,
        1.2869115910722682,
        1.2859500804273833,
        1.2859881630879322,
        1.2852368218494143,
        1.2858736413354142,
        1.2871673633459964,
        1.287310590829754
    ],
    "val_accs": [
        0.2337,
        0.3002,
        0.3389,
        0.3695,
        0.3873,
        0.4027,
        0.4106,
        0.4177,
        0.4258,
        0.4352,
        0.4405,
        0.4506,
        0.4549,
        0.4569,
        0.4603,
        0.4673,
        0.4733,
        0.4757,
        0.4782,
        0.4825,
        0.4815,
        0.4861,
        0.4938,
        0.4946,
        0.496,
        0.5001,
        0.5022,
        0.5043,
        0.5053,
        0.5069,
        0.5094,
        0.5138,
        0.5146,
        0.5161,
        0.5169,
        0.5204,
        0.5191,
        0.5217,
        0.5254,
        0.5232,
        0.5244,
        0.5271,
        0.5262,
        0.5296,
        0.5275,
        0.5301,
        0.5326,
        0.5317,
        0.537,
        0.5367,
        0.5344,
        0.5375,
        0.5395,
        0.5402,
        0.5399,
        0.5433,
        0.5441,
        0.5428,
        0.5426,
        0.542,
        0.5432,
        0.5419,
        0.5456,
        0.5479,
        0.5477,
        0.5473,
        0.5472,
        0.5484,
        0.5479,
        0.548,
        0.5483,
        0.5509,
        0.5496,
        0.5498,
        0.5518,
        0.5529,
        0.55,
        0.5497,
        0.5509,
        0.5508,
        0.5529,
        0.5521,
        0.5523,
        0.5564,
        0.5544,
        0.5541,
        0.5565,
        0.5532,
        0.5545,
        0.5553,
        0.555,
        0.5544,
        0.5543,
        0.5538,
        0.5544,
        0.5557,
        0.5547
    ],
    "hyperparameters": {
        "batch_size": 128,
        "learning_rate": 0.0001,
        "momentum": 0.9,
        "weight_decay": 0.0001,
        "optimizer": "adam",
        "early_stopping": true,
        "patience": 10
    },
    "runtime_info": {
        "total_training_time": 537.089916229248,
        "avg_epoch_time": 5.537009445662351,
        "timestamp": "2025-04-16 15:18:54"
    }
}