{
    "model_name": "Adam_GELU_standard",
    "features": [
        "GELU",
        "Adam"
    ],
    "accuracy": 0.5258,
    "precision": 0.5237459553166304,
    "recall": 0.5258,
    "f1_score": 0.5212097498067363,
    "loss": 1.3071841683948255,
    "inference_time": 0.10873007774353027,
    "timestamp": "2025-04-13 16:56:21"
}