{
    "model_name": "Adam_GELU_standard",
    "features": [
        "GELU",
        "Adam"
    ],
    "epochs": 89,
    "best_epoch": 79,
    "best_val_acc": 0.5372,
    "training_time": 152.96909594535828,
    "train_losses": [
        2.9730852198182536,
        2.357623261444122,
        2.2736603412673224,
        2.1944206912110635,
        2.102250586178816,
        2.0241043024107777,
        1.9637523505560672,
        1.9152317246198578,
        1.8759257584634148,
        1.8493221551129873,
        1.8218293836722594,
        1.7944457699578604,
        1.7735456950644857,
        1.7435263447711093,
        1.7197401093472513,
        1.7048515133314186,
        1.6827593796962452,
        1.6607438711827114,
        1.6462934440539057,
        1.6336995743864313,
        1.6180643930037673,
        1.5987781720635095,
        1.5965803252847108,
        1.578704556967301,
        1.5687786636469083,
        1.5603758880731946,
        1.5587410787811335,
        1.5371607481565126,
        1.5339724353739144,
        1.5286145989294557,
        1.516367101451852,
        1.5100243325763172,
        1.508890187706704,
        1.503641229275223,
        1.4962610471210696,
        1.4873312593261836,
        1.4845673899703993,
        1.48393036267636,
        1.4822011309366327,
        1.470339966065903,
        1.4688523024430968,
        1.4660192453107839,
        1.458423346516755,
        1.4606987478579587,
        1.460249106440801,
        1.4516134702830275,
        1.4464613527935972,
        1.4432158194692,
        1.4453415564016285,
        1.4409437039244881,
        1.4399820049782504,
        1.4334214954979199,
        1.4282944013289562,
        1.4279676691266512,
        1.429538072570519,
        1.4222148663172351,
        1.4242975111681775,
        1.415778273882834,
        1.4187104272577207,
        1.4155516871082312,
        1.4110263953606308,
        1.4104232821551077,
        1.4067424047192898,
        1.404619392485623,
        1.406029583714822,
        1.4049903449644894,
        1.4044635660405755,
        1.3968290405630455,
        1.3988147332666132,
        1.3957666287847688,
        1.398680171279286,
        1.3972843285925416,
        1.392828899215337,
        1.3870514933789306,
        1.391266497203824,
        1.3875117660373908,
        1.390945590098327,
        1.389592721544957,
        1.3843637168284928,
        1.3891422061988434,
        1.3844498500235805,
        1.3783624465095892,
        1.3827286200750053,
        1.3807290674921806,
        1.386687622491284,
        1.3792963928940616,
        1.3759413473540698,
        1.3769873969399509,
        1.3769564355331023
    ],
    "val_losses": [
        2.288295847994692,
        2.2761466420696514,
        2.217613796599765,
        2.0997635289198877,
        1.9771548554250573,
        1.8972496269588137,
        1.8421122772606042,
        1.794948629490779,
        1.7632250894646695,
        1.7390847376958996,
        1.7044634750771288,
        1.67450145387845,
        1.6550727126379234,
        1.6300158258128623,
        1.6040747195090328,
        1.5869542169593147,
        1.563659818731206,
        1.5481161174261389,
        1.534484853184136,
        1.5195895457344408,
        1.5042342442983252,
        1.4919298395946745,
        1.47966938205051,
        1.470532194185512,
        1.4586267112159272,
        1.4517076114325984,
        1.44598770202046,
        1.4375242507785158,
        1.4291353558057938,
        1.4221908318958174,
        1.414595152880298,
        1.4106853712437653,
        1.4071107312334181,
        1.4019545396106932,
        1.3969170980751355,
        1.3910742471929614,
        1.3871294103188712,
        1.3851642408376115,
        1.38275624011306,
        1.3779478347993839,
        1.3741971882184254,
        1.3734907669331977,
        1.3694759159324499,
        1.3685524496137307,
        1.3647465544330335,
        1.3618296075699432,
        1.3596084021776544,
        1.356505811219073,
        1.356294824624874,
        1.3528026955711667,
        1.3506661562507971,
        1.3492783140735642,
        1.3486906521874764,
        1.346979512411132,
        1.3444267393134626,
        1.3406404303384025,
        1.3404002956573922,
        1.3398407236809942,
        1.3387142998819348,
        1.3368669556483486,
        1.3343540251223478,
        1.3332985116038003,
        1.3334147947456958,
        1.3311974740799193,
        1.3303856059147987,
        1.3294936145739529,
        1.3286806946905023,
        1.3262325861342945,
        1.3281871649949677,
        1.3252825721975972,
        1.3238759401370508,
        1.3199950464795454,
        1.3195272813331564,
        1.3194040023463167,
        1.3206683103747339,
        1.3184021272432238,
        1.3169341483468398,
        1.3179674876653864,
        1.3159684422265403,
        1.315948939072785,
        1.3145280199499367,
        1.3143595410656965,
        1.3136379739813606,
        1.3130566653481133,
        1.3147772101592063,
        1.3130153639721263,
        1.3136122497691272,
        1.3114483955651486,
        1.309766613360195
    ],
    "val_accs": [
        0.1332,
        0.1326,
        0.1826,
        0.2329,
        0.2807,
        0.3166,
        0.3352,
        0.3589,
        0.3634,
        0.38,
        0.3925,
        0.4051,
        0.4095,
        0.4198,
        0.4342,
        0.4389,
        0.4461,
        0.4525,
        0.4565,
        0.4609,
        0.4675,
        0.4685,
        0.4751,
        0.4755,
        0.4806,
        0.4832,
        0.4874,
        0.49,
        0.4909,
        0.494,
        0.4956,
        0.4976,
        0.4989,
        0.5011,
        0.5044,
        0.5049,
        0.505,
        0.5057,
        0.5074,
        0.5077,
        0.5084,
        0.5104,
        0.5111,
        0.513,
        0.5135,
        0.5157,
        0.5161,
        0.5176,
        0.5187,
        0.5196,
        0.5191,
        0.5197,
        0.5179,
        0.5225,
        0.5258,
        0.5224,
        0.5241,
        0.5216,
        0.5268,
        0.5223,
        0.523,
        0.5244,
        0.5247,
        0.5228,
        0.5245,
        0.5245,
        0.5268,
        0.5304,
        0.528,
        0.5297,
        0.5288,
        0.5334,
        0.532,
        0.5327,
        0.5321,
        0.5327,
        0.5368,
        0.5362,
        0.5372,
        0.5319,
        0.5369,
        0.535,
        0.5348,
        0.5366,
        0.5358,
        0.5364,
        0.5325,
        0.5346,
        0.5353
    ],
    "hyperparameters": {
        "batch_size": 128,
        "learning_rate": 0.0005,
        "momentum": 0.9,
        "weight_decay": 0.0001,
        "optimizer": "adam",
        "early_stopping": true,
        "patience": 10
    },
    "runtime_info": {
        "total_training_time": 152.96909594535828,
        "avg_epoch_time": 1.7187538870264976,
        "timestamp": "2025-04-13 16:56:21"
    }
}