{
    "model_name": "Adam_GELU_standard",
    "features": [
        "GELU",
        "Adam"
    ],
    "accuracy": 0.5269,
    "precision": 0.5235411691334425,
    "recall": 0.5269,
    "f1_score": 0.5207985401712675,
    "loss": 1.3004175092489823,
    "inference_time": 0.07343387603759766,
    "timestamp": "2025-04-13 14:56:50"
}