{
    "model_name": "Adam_GELU_standard",
    "features": [
        "GELU",
        "Adam"
    ],
    "epochs": 54,
    "best_epoch": 44,
    "best_val_acc": 0.5586,
    "training_time": 134.47490406036377,
    "train_losses": [
        2.4874920093617066,
        2.044537039377295,
        1.8887032999049258,
        1.799604928206373,
        1.732738723063921,
        1.6825490670307608,
        1.6340284602725998,
        1.5998547613417118,
        1.567608855638649,
        1.526862007494559,
        1.5035183411171154,
        1.4779796577711204,
        1.460847321201316,
        1.4284754929297516,
        1.4185181612993758,
        1.4022367923993924,
        1.383938422233279,
        1.3683406072239968,
        1.3626878258969046,
        1.3475577894747512,
        1.336121056591988,
        1.3314618480536444,
        1.3166386829211099,
        1.311137538156979,
        1.3010820095793125,
        1.296530078252629,
        1.2848596919785054,
        1.282744385605005,
        1.2782353090847407,
        1.2691763676636008,
        1.2654550089143146,
        1.254106015539668,
        1.2462573127836436,
        1.2543704818829255,
        1.2412223688791542,
        1.2360611551476792,
        1.2378339794672721,
        1.233211176481278,
        1.2267008497264928,
        1.2234837191288093,
        1.2207366692407287,
        1.215103836278068,
        1.2194319299013867,
        1.2124639774276398,
        1.2100777862063916,
        1.2047061508133654,
        1.2039611978766993,
        1.1999225496834365,
        1.2050875598799649,
        1.2034852742303543,
        1.193891452919098,
        1.1985540810627584,
        1.1867271902429057,
        1.1910251331695259
    ],
    "val_losses": [
        2.107428605200429,
        1.8464282135471537,
        1.736461742602958,
        1.664680937773499,
        1.61406839191511,
        1.56632244830045,
        1.5363970379647987,
        1.4958372820363235,
        1.4631637262298414,
        1.4383627726747574,
        1.4169036503909989,
        1.4000508297071967,
        1.3808644197246636,
        1.3683817702569183,
        1.3505297982549227,
        1.3407275737226727,
        1.3264540173084085,
        1.3212857244193452,
        1.3099889528949906,
        1.3046182594620095,
        1.3000341070234096,
        1.293965402075643,
        1.2841590878290727,
        1.2850774824788398,
        1.2817864167013584,
        1.2769065508010171,
        1.2766064291960297,
        1.2719073281558761,
        1.2666198369016504,
        1.2657375286521637,
        1.2635208234178579,
        1.263858441549493,
        1.2591117896207868,
        1.2580067469295448,
        1.2528220178478755,
        1.254370771717076,
        1.2518043363699858,
        1.2485688507946264,
        1.2488651647176072,
        1.250502791649697,
        1.2489745795855463,
        1.2480718115587084,
        1.2449062490696339,
        1.2449144036240032,
        1.2435793820676393,
        1.2465152668275266,
        1.247783424268091,
        1.2462812065392828,
        1.244851631403048,
        1.243422536402864,
        1.2443835154235767,
        1.2445824374127383,
        1.2443095618744813,
        1.2396204122217958
    ],
    "val_accs": [
        0.2532,
        0.3535,
        0.3894,
        0.4152,
        0.4259,
        0.4425,
        0.4523,
        0.4694,
        0.4813,
        0.4861,
        0.4973,
        0.5043,
        0.506,
        0.5162,
        0.5202,
        0.527,
        0.529,
        0.5285,
        0.5323,
        0.536,
        0.5375,
        0.538,
        0.545,
        0.5469,
        0.544,
        0.546,
        0.5449,
        0.5506,
        0.5513,
        0.5503,
        0.5523,
        0.5502,
        0.5516,
        0.5517,
        0.552,
        0.5506,
        0.552,
        0.5565,
        0.5503,
        0.551,
        0.551,
        0.5537,
        0.5552,
        0.5586,
        0.5563,
        0.5564,
        0.5526,
        0.5571,
        0.5554,
        0.5533,
        0.558,
        0.5563,
        0.5563,
        0.5569
    ],
    "hyperparameters": {
        "batch_size": 128,
        "learning_rate": 0.001,
        "momentum": 0.9,
        "weight_decay": 0.0001,
        "optimizer": "adam",
        "early_stopping": true,
        "patience": 10
    },
    "runtime_info": {
        "total_training_time": 134.47490406036377,
        "avg_epoch_time": 2.4902760011178477,
        "timestamp": "2025-04-12 19:55:32"
    }
}