{
    "model_name": "Adam_GELU_standard",
    "features": [
        "GELU",
        "Adam"
    ],
    "accuracy": 0.5566,
    "precision": 0.5581186794813767,
    "recall": 0.5566,
    "f1_score": 0.5538797103288441,
    "loss": 1.2358414427732864,
    "inference_time": 0.14285612106323242,
    "timestamp": "2025-04-12 19:55:32"
}