{
    "model_name": "Adam_GELU_standard",
    "features": [
        "GELU",
        "Adam"
    ],
    "epochs": 75,
    "best_epoch": 65,
    "best_val_acc": 0.5653,
    "training_time": 169.3734269142151,
    "train_losses": [
        2.7462135983243083,
        2.2514462444033527,
        2.100402190223241,
        1.9820780295866884,
        1.9073534635750766,
        1.844930909697228,
        1.7965591478917768,
        1.7599533981061473,
        1.7212757773272847,
        1.6915641614951424,
        1.6680817542699309,
        1.6425045173310573,
        1.6169897468649772,
        1.5898275285545,
        1.5719104217504871,
        1.5496151794753352,
        1.5342887683685762,
        1.5114996586892657,
        1.493228154243421,
        1.483547243515911,
        1.463726866250216,
        1.4468075824575768,
        1.4329988482684501,
        1.4307017847230252,
        1.4149218334142601,
        1.3968227591732958,
        1.3928837711702244,
        1.3888732021594024,
        1.3685287839198004,
        1.3673508530328118,
        1.3542925358665838,
        1.35083414489048,
        1.3436816585705174,
        1.327322057965027,
        1.3247220003437041,
        1.3143750441406332,
        1.3072735214974047,
        1.301061280146856,
        1.2988499022248767,
        1.2885823234789278,
        1.2869475283080323,
        1.2866398880302974,
        1.2798632098966505,
        1.2691487064067668,
        1.2702565682051397,
        1.2628502568805267,
        1.2631690244385398,
        1.2538081084641497,
        1.2462694920189008,
        1.2418622576419869,
        1.2434549827740882,
        1.2316428087686218,
        1.2378216550843264,
        1.2323665049052244,
        1.2292751942338311,
        1.220212124186885,
        1.2220564418052395,
        1.2216622158729444,
        1.2141483643353388,
        1.2101743186950358,
        1.2120714141072757,
        1.202956145090537,
        1.2057850304931308,
        1.204525469854076,
        1.202594293271902,
        1.1948717908714257,
        1.1959220776600656,
        1.193060821995373,
        1.1926821843692483,
        1.188340520225087,
        1.1832925701389394,
        1.1858912959356522,
        1.1777363922919888,
        1.1836263476549609,
        1.1728704490175308
    ],
    "val_losses": [
        2.250965752352212,
        2.125109349303252,
        1.9527049022513945,
        1.8500031498137814,
        1.7722393966722891,
        1.7338560740559723,
        1.680766198488066,
        1.6488499303241155,
        1.612567821777471,
        1.5869404462460912,
        1.5633843372263274,
        1.535741780219753,
        1.514155879389905,
        1.4975748125491675,
        1.4817261885592161,
        1.4637028523251545,
        1.4466335482526895,
        1.4270286174921756,
        1.415240994851664,
        1.4037791128933041,
        1.3927607544519147,
        1.3813859050123303,
        1.3739681601886022,
        1.3659690099115633,
        1.355978326635693,
        1.3479734387425082,
        1.3410210198016324,
        1.3334080812822666,
        1.3251255465927387,
        1.3217136029148024,
        1.3128271244153769,
        1.306111851965768,
        1.306478531044176,
        1.2984319466505625,
        1.2921357247614564,
        1.2870775564505088,
        1.2854162763214234,
        1.2849683948372486,
        1.2818733178676234,
        1.2792572412410987,
        1.2752607345495384,
        1.2712739657601457,
        1.2697871902331461,
        1.2668594533923072,
        1.2627183492351657,
        1.260928902819259,
        1.2593961264793367,
        1.2573043429252502,
        1.254964263310203,
        1.2516333552855272,
        1.249923073523996,
        1.2473935009042936,
        1.2486685065027137,
        1.2456727068216837,
        1.2444025513085228,
        1.2420870243473956,
        1.243238687016465,
        1.23989259021239,
        1.239284673648628,
        1.240973266513303,
        1.2395344672877502,
        1.2391751261235804,
        1.2348115593587015,
        1.2345552317362256,
        1.2333379768942112,
        1.2336153821568745,
        1.2320667148445783,
        1.2335023789456399,
        1.2340912766088414,
        1.2354100179215421,
        1.2331923661283826,
        1.2339274297770924,
        1.2307991819482917,
        1.231858428941603,
        1.2317299113632052
    ],
    "val_accs": [
        0.1652,
        0.2321,
        0.3036,
        0.3502,
        0.3819,
        0.3948,
        0.4101,
        0.4265,
        0.4364,
        0.4496,
        0.458,
        0.4661,
        0.4696,
        0.4778,
        0.4835,
        0.4859,
        0.4936,
        0.4982,
        0.5,
        0.5051,
        0.5057,
        0.5105,
        0.5116,
        0.5197,
        0.5203,
        0.5249,
        0.5247,
        0.5289,
        0.53,
        0.5335,
        0.5359,
        0.5386,
        0.5353,
        0.5393,
        0.5411,
        0.5438,
        0.539,
        0.5413,
        0.5488,
        0.5445,
        0.5473,
        0.5467,
        0.5505,
        0.5497,
        0.5513,
        0.5557,
        0.5534,
        0.5524,
        0.5542,
        0.5544,
        0.555,
        0.5584,
        0.5572,
        0.5585,
        0.559,
        0.5633,
        0.5612,
        0.5607,
        0.5625,
        0.5629,
        0.5629,
        0.5613,
        0.5648,
        0.5621,
        0.5653,
        0.5603,
        0.5641,
        0.5617,
        0.561,
        0.5608,
        0.5626,
        0.5635,
        0.5628,
        0.5594,
        0.5646
    ],
    "hyperparameters": {
        "batch_size": 128,
        "learning_rate": 0.0005,
        "momentum": 0.9,
        "weight_decay": 0.001,
        "optimizer": "adam",
        "early_stopping": true,
        "patience": 10
    },
    "runtime_info": {
        "total_training_time": 169.3734269142151,
        "avg_epoch_time": 2.2583123588562013,
        "timestamp": "2025-04-12 21:36:23"
    }
}