{
    "model_name": "Adam_GELU_standard",
    "features": [
        "GELU",
        "Adam"
    ],
    "epochs": 68,
    "best_epoch": 58,
    "best_val_acc": 0.5762,
    "training_time": 414.3039438724518,
    "train_losses": [
        2.56444545734952,
        2.0687323561596584,
        1.902408729005253,
        1.8091450905747435,
        1.745886166710639,
        1.6917950358935814,
        1.6501898321434552,
        1.6089748663069547,
        1.5698577259094504,
        1.540664564315305,
        1.5009857750715752,
        1.4834015983904763,
        1.4479542309840034,
        1.4284967275891114,
        1.4095176367884816,
        1.3886571353258894,
        1.3659177954623385,
        1.347632063074482,
        1.3352015270554474,
        1.3183519379413828,
        1.3034093687763622,
        1.2879158552819805,
        1.2775083093975903,
        1.2642207099206015,
        1.247224187236635,
        1.236375006759312,
        1.2235392417521602,
        1.2104979164952432,
        1.1949146605359207,
        1.186152808730168,
        1.1802598046069643,
        1.17129503545314,
        1.162586854841185,
        1.1535475347283193,
        1.141370401094427,
        1.1352629458496617,
        1.1309778986537313,
        1.1251350053826388,
        1.1176597491957057,
        1.1124280255786216,
        1.0977573699477108,
        1.097891054827161,
        1.0875541603602943,
        1.0812323961963404,
        1.071073680280099,
        1.0776135467575092,
        1.061120671989289,
        1.0587534666675844,
        1.0544532644381637,
        1.043548491866706,
        1.0408274728246876,
        1.034688682561385,
        1.0336088246445247,
        1.0219945897519433,
        1.0218868061806643,
        1.0147296998679223,
        1.0149189621278663,
        1.0082774521131888,
        1.0104312568313756,
        1.0034309575495912,
        0.9990447234419285,
        0.995898384955539,
        0.9927246764989389,
        0.9897993052567556,
        0.979319137979973,
        0.9789142697709323,
        0.9787748868605746,
        0.9719520768594324
    ],
    "val_losses": [
        2.121992722680333,
        1.8807679317826227,
        1.762261896621426,
        1.7014397607170528,
        1.638588564174444,
        1.6019566923758073,
        1.5707090822283827,
        1.5293321735111909,
        1.5011837738266136,
        1.476418288532711,
        1.4517033830980304,
        1.4325287315482667,
        1.4026345510347868,
        1.3928371565640454,
        1.3780342291936556,
        1.3591970195046887,
        1.3452191203075456,
        1.336543042709845,
        1.3324853062638475,
        1.321070061814528,
        1.315780495844044,
        1.3016564900304521,
        1.2955659963681672,
        1.2870149643243556,
        1.2817732679906706,
        1.2773376380652917,
        1.2736998224367428,
        1.265781010573543,
        1.257143587428685,
        1.2573525322016252,
        1.2527259213945665,
        1.2460270486438483,
        1.248204068235098,
        1.2402172357118353,
        1.236982937421531,
        1.2316669913215486,
        1.2336553753243966,
        1.2300432478420538,
        1.226030214087652,
        1.2248895466898244,
        1.2249166414693073,
        1.2214906521913875,
        1.2243124288187957,
        1.2198006146104947,
        1.2161479107787185,
        1.2171756026441156,
        1.2153019218729455,
        1.2153271966650139,
        1.2136042866912768,
        1.2125957690140943,
        1.2101156510252777,
        1.2076980604314886,
        1.2078872390290718,
        1.206398645931359,
        1.2094518966836647,
        1.2047481114288097,
        1.2056644899937596,
        1.2061074199406643,
        1.2051140439814854,
        1.2025745872333078,
        1.2043515487098038,
        1.201608643130587,
        1.2065425803334073,
        1.203969874169633,
        1.2021683483327161,
        1.2023272505389497,
        1.2036751885747377,
        1.2040285953799776
    ],
    "val_accs": [
        0.2619,
        0.3581,
        0.3991,
        0.4122,
        0.4311,
        0.4435,
        0.451,
        0.4706,
        0.4767,
        0.4851,
        0.4917,
        0.4954,
        0.5073,
        0.5105,
        0.5135,
        0.5229,
        0.5277,
        0.5304,
        0.5315,
        0.5361,
        0.5388,
        0.5422,
        0.5427,
        0.5485,
        0.5507,
        0.5498,
        0.5512,
        0.5504,
        0.556,
        0.5547,
        0.5568,
        0.5571,
        0.5601,
        0.5621,
        0.5626,
        0.5627,
        0.5631,
        0.5632,
        0.5643,
        0.5661,
        0.5653,
        0.5669,
        0.5657,
        0.5683,
        0.5673,
        0.5693,
        0.5684,
        0.569,
        0.5723,
        0.5706,
        0.5716,
        0.569,
        0.5718,
        0.5742,
        0.57,
        0.5688,
        0.5729,
        0.5762,
        0.5709,
        0.5711,
        0.5722,
        0.5746,
        0.5697,
        0.5739,
        0.5741,
        0.5757,
        0.5756,
        0.5747
    ],
    "hyperparameters": {
        "batch_size": 128,
        "learning_rate": 0.0005,
        "momentum": 0.9,
        "weight_decay": 0.0001,
        "optimizer": "adam",
        "early_stopping": true,
        "patience": 10
    },
    "runtime_info": {
        "total_training_time": 414.3039438724518,
        "avg_epoch_time": 6.09270505694782,
        "timestamp": "2025-04-13 14:36:52"
    }
}