{
    "model_name": "Adam_GELU_standard",
    "features": [
        "GELU",
        "Adam"
    ],
    "accuracy": 0.5661,
    "precision": 0.5694148288378891,
    "recall": 0.5661,
    "f1_score": 0.5637883131939931,
    "loss": 1.2062260843169814,
    "inference_time": 0.39827704429626465,
    "timestamp": "2025-04-13 14:36:52"
}