{
    "model_name": "lr0.0005_drop0.3_wd0.0001_h256_128",
    "features": [
        "GELU",
        "Adam"
    ],
    "epochs": 73,
    "best_epoch": 63,
    "best_val_acc": 0.5594,
    "training_time": 178.6912362575531,
    "train_losses": [
        2.4080183785319385,
        1.9809815047263732,
        1.8096654241244747,
        1.7181150685808904,
        1.6457722776416472,
        1.5954644028244014,
        1.5492506382624525,
        1.5128433303316307,
        1.471930473590273,
        1.442723368974322,
        1.413013292968775,
        1.3811405927971099,
        1.362794378291582,
        1.3377881626719657,
        1.3227537728095389,
        1.3011442032126153,
        1.2870100638491313,
        1.2630990460403493,
        1.251557886268606,
        1.237078183234753,
        1.2285999336524551,
        1.210146943283647,
        1.1913520043718366,
        1.180464271612127,
        1.175355780864585,
        1.1649586280929247,
        1.150078405386197,
        1.1422007131766403,
        1.1321990217251765,
        1.1269577280266219,
        1.1240023729812283,
        1.1145074200560086,
        1.101014559040094,
        1.0959688023777505,
        1.0851038168498106,
        1.085620781977868,
        1.0764097229370253,
        1.0697704490255835,
        1.065353589786922,
        1.057391766339023,
        1.045712995419877,
        1.0460712078543863,
        1.041644656455037,
        1.031284242522625,
        1.0301424834688608,
        1.0233215729339047,
        1.0141645630297276,
        1.0106693422296742,
        1.0106090586824945,
        1.012290100020215,
        1.0024149817690022,
        1.0009299082737544,
        0.9906004326557076,
        0.9849691025796148,
        0.9835938273777717,
        0.9831164015487969,
        0.9805741971768591,
        0.9781091464621224,
        0.9670838873976744,
        0.9650632239604363,
        0.9694184921548177,
        0.9606319733650415,
        0.9611431072943233,
        0.9540779358517535,
        0.9525091326734959,
        0.9475409190940741,
        0.9435730765297672,
        0.9444525147307525,
        0.9411687825036208,
        0.9384814966309996,
        0.9309284376063196,
        0.9334300837987932,
        0.9348962107803807
    ],
    "val_losses": [
        2.030879407457305,
        1.7796035063420825,
        1.6762700058602569,
        1.6189705808935986,
        1.574974323456097,
        1.5279353814508636,
        1.4971796819907737,
        1.4706114105394348,
        1.4430829531129858,
        1.423617378297411,
        1.4009776998732932,
        1.3859397858629268,
        1.3716790535419487,
        1.3605797904895667,
        1.3524472555581937,
        1.3398729229617323,
        1.3340609134370294,
        1.3217801980956405,
        1.321557937733958,
        1.3118714159713951,
        1.3042319162286495,
        1.298055958360191,
        1.2924767770234018,
        1.2901857046941296,
        1.2880311639019952,
        1.2827536873324608,
        1.2781756819927839,
        1.2773007261994362,
        1.2731063123885165,
        1.2726935164192523,
        1.2686624396516595,
        1.2679279714780805,
        1.2691316242221737,
        1.265494857699022,
        1.2657617269153174,
        1.267270943289697,
        1.2649616580458751,
        1.2665336342136484,
        1.2659695642889093,
        1.2658135107088369,
        1.2640282047139346,
        1.265337985651252,
        1.2615165715753127,
        1.264353373163483,
        1.2636523013334695,
        1.2607146921548953,
        1.2642117328211395,
        1.266762464534886,
        1.263899752796111,
        1.2648738585036792,
        1.2669180767231663,
        1.266739301241767,
        1.2675501363493145,
        1.266858499669021,
        1.2666736190181207,
        1.2655043598169138,
        1.2681337607353314,
        1.268656709301728,
        1.2705669950369614,
        1.2685257613259961,
        1.2697577529558484,
        1.271796424682067,
        1.269212283605374,
        1.2725110997328817,
        1.2710470545170924,
        1.2740623873917625,
        1.2721498520446042,
        1.2742624109423195,
        1.2767558601638722,
        1.2758493833694067,
        1.2782853665391865,
        1.2753630016781785,
        1.2764845496400554
    ],
    "val_accs": [
        0.2899,
        0.3724,
        0.4143,
        0.433,
        0.4449,
        0.4612,
        0.4773,
        0.4851,
        0.4916,
        0.4988,
        0.5041,
        0.5083,
        0.5137,
        0.5171,
        0.521,
        0.5246,
        0.5257,
        0.5268,
        0.5286,
        0.533,
        0.5355,
        0.5368,
        0.5388,
        0.5399,
        0.5385,
        0.5402,
        0.5404,
        0.5423,
        0.5469,
        0.5433,
        0.5463,
        0.5454,
        0.5462,
        0.5476,
        0.5483,
        0.551,
        0.5493,
        0.5499,
        0.5512,
        0.5508,
        0.5543,
        0.5518,
        0.5525,
        0.5531,
        0.5561,
        0.5566,
        0.5526,
        0.5564,
        0.5565,
        0.5536,
        0.5568,
        0.5549,
        0.5567,
        0.5575,
        0.5581,
        0.5582,
        0.5558,
        0.5557,
        0.5561,
        0.5584,
        0.5572,
        0.558,
        0.5594,
        0.5573,
        0.558,
        0.5544,
        0.5555,
        0.5584,
        0.5567,
        0.5579,
        0.5568,
        0.5584,
        0.5592
    ],
    "hyperparameters": {
        "batch_size": 128,
        "learning_rate": 0.0005,
        "momentum": 0.9,
        "weight_decay": 0.0001,
        "optimizer": "adam",
        "early_stopping": true,
        "patience": 10
    },
    "runtime_info": {
        "total_training_time": 178.6912362575531,
        "avg_epoch_time": 2.447825154213056,
        "timestamp": "2025-04-16 17:10:54"
    }
}