{
    "model_name": "Adam_GELU_standard",
    "features": [
        "GELU",
        "Adam"
    ],
    "accuracy": 0.5513,
    "precision": 0.5535456302323813,
    "recall": 0.5513,
    "f1_score": 0.5499441996572934,
    "loss": 1.2995323658159286,
    "inference_time": 0.3384730815887451,
    "timestamp": "2025-04-13 14:47:35"
}