{
    "model_name": "Adam_GELU_standard",
    "features": [
        "GELU",
        "Adam"
    ],
    "epochs": 46,
    "best_epoch": 36,
    "best_val_acc": 0.5586,
    "training_time": 246.88606691360474,
    "train_losses": [
        2.216317942530692,
        1.7944241713206497,
        1.6565956101747958,
        1.5570972007809067,
        1.4790647710655576,
        1.4185060705065888,
        1.3646306397057728,
        1.3180152585595726,
        1.2773221370006123,
        1.2406469982808495,
        1.20243433504578,
        1.1720966372083952,
        1.1431128001219264,
        1.1192232437135619,
        1.0914833564599413,
        1.0718307953233241,
        1.047419095113071,
        1.0303893039745224,
        1.0035407256911653,
        0.9828150497003594,
        0.9661404946141089,
        0.9490024391953856,
        0.9364104529177896,
        0.9235128054295018,
        0.9030564244674607,
        0.887398150174761,
        0.8688782195236974,
        0.863534344425045,
        0.8493113514379768,
        0.8371435190696527,
        0.8304922633024602,
        0.8135454755963596,
        0.8027542291128906,
        0.7952491262783227,
        0.779842905924567,
        0.7698994753882688,
        0.7712145656518482,
        0.7495147926434197,
        0.7521370742145379,
        0.7419896449107796,
        0.7321507185380978,
        0.715296393613784,
        0.7159631894673218,
        0.7087240458253874,
        0.7029369786975713,
        0.6994348863267885
    ],
    "val_losses": [
        1.7902635013612886,
        1.6461537520794558,
        1.5649393718597586,
        1.5078067232139933,
        1.4588618397160038,
        1.4196459215647736,
        1.3964974285949192,
        1.3720091299885595,
        1.3439981445547737,
        1.3348924744819517,
        1.3320280900674535,
        1.3162592943155191,
        1.3028914764579451,
        1.2971031199051068,
        1.2978515524569425,
        1.2846393408717696,
        1.2893682846309038,
        1.2876286609132879,
        1.2854225141570594,
        1.2812185510724596,
        1.2825609126781818,
        1.2812382028758718,
        1.282853205383351,
        1.2799020959508236,
        1.2802241993590195,
        1.28477412701764,
        1.2898280687904558,
        1.2995064259027445,
        1.2936683384093295,
        1.2930983566252907,
        1.2970380771368941,
        1.2990325349918352,
        1.3051674042759245,
        1.305184146201854,
        1.3101646573924113,
        1.3106813808771043,
        1.3158404150153287,
        1.3222475559228974,
        1.3289891113742058,
        1.3289398731837905,
        1.3308712377935317,
        1.3345409034262026,
        1.3440839619932883,
        1.348401750454823,
        1.3496441657706784,
        1.3502566376272906
    ],
    "val_accs": [
        0.3774,
        0.4296,
        0.4598,
        0.4684,
        0.4925,
        0.5074,
        0.5126,
        0.5165,
        0.5293,
        0.5269,
        0.5282,
        0.5347,
        0.5381,
        0.5393,
        0.5422,
        0.5474,
        0.5448,
        0.5427,
        0.5465,
        0.5479,
        0.5486,
        0.5537,
        0.5482,
        0.552,
        0.5514,
        0.5545,
        0.5511,
        0.5477,
        0.5489,
        0.5514,
        0.5517,
        0.5516,
        0.5515,
        0.5502,
        0.5534,
        0.5586,
        0.5527,
        0.5512,
        0.5499,
        0.5514,
        0.5494,
        0.5537,
        0.5523,
        0.5505,
        0.5484,
        0.5497
    ],
    "hyperparameters": {
        "batch_size": 128,
        "learning_rate": 0.0005,
        "momentum": 0.9,
        "weight_decay": 0.0001,
        "optimizer": "adam",
        "early_stopping": true,
        "patience": 10
    },
    "runtime_info": {
        "total_training_time": 246.88606691360474,
        "avg_epoch_time": 5.36708841116532,
        "timestamp": "2025-04-13 14:47:35"
    }
}