{
    "model_name": "Adam_BatchNorm_GELU_standard",
    "features": [
        "GELU",
        "Adam",
        "BatchNorm"
    ],
    "epochs": 11,
    "best_epoch": 1,
    "best_val_acc": 0.2498,
    "training_time": 81.15390586853027,
    "train_losses": [
        2.06201220043586,
        1.7328786782273315,
        1.6348214747330674,
        1.5741112716969354,
        1.531605611256819,
        1.4940063076755616,
        1.4731518681881834,
        1.4536056521788494,
        1.4507416031463036,
        1.4892380352219448,
        1.5841301669222543
    ],
    "val_losses": [
        2.0698899325391125,
        2.1563834840608984,
        2.180653223532217,
        2.2005772147073914,
        2.219387359407483,
        2.2452344166445255,
        2.269563182883008,
        2.281030368158406,
        2.2971737512255714,
        2.3035867481474765,
        2.305493659720413
    ],
    "val_accs": [
        0.2498,
        0.2317,
        0.2039,
        0.1818,
        0.1721,
        0.1528,
        0.1457,
        0.1329,
        0.1043,
        0.1011,
        0.1022
    ],
    "hyperparameters": {
        "batch_size": 128,
        "learning_rate": 0.0005,
        "momentum": 0.9,
        "weight_decay": 0.0001,
        "optimizer": "adam",
        "early_stopping": true,
        "patience": 10
    },
    "runtime_info": {
        "total_training_time": 81.15390586853027,
        "avg_epoch_time": 7.3776278062300245,
        "timestamp": "2025-04-13 13:04:28"
    }
}