{
    "model_name": "none",
    "features": [],
    "epochs": 13,
    "best_epoch": 3,
    "best_val_acc": 0.1973,
    "training_time": 18.108299016952515,
    "train_losses": [
        2.155741219632123,
        1.865082415795362,
        1.7877330735652708,
        1.747379314001531,
        1.719805595957658,
        1.695792660646427,
        1.6833488360445905,
        1.6786603763484766,
        1.6926763732483003,
        1.7162047983980528,
        1.7396945178654317,
        1.7777895080386874,
        1.8203924176174375
    ],
    "val_losses": [
        2.2364590682309857,
        2.166616622977884,
        2.1924877467691717,
        2.235172521976524,
        2.277200552820126,
        2.3010147968239396,
        2.3189721728384662,
        2.332138930201842,
        2.3432399905630894,
        2.353946847607557,
        2.3622951714893445,
        2.374433583738943,
        2.3858019653604106
    ],
    "val_accs": [
        0.1581,
        0.1945,
        0.1973,
        0.1841,
        0.1512,
        0.1243,
        0.1111,
        0.1003,
        0.1025,
        0.1022,
        0.1022,
        0.1022,
        0.1022
    ],
    "hyperparameters": {
        "batch_size": 128,
        "learning_rate": 0.01,
        "momentum": 0.9,
        "weight_decay": 0.0001,
        "optimizer": "sgd",
        "early_stopping": true,
        "patience": 10
    },
    "runtime_info": {
        "total_training_time": 18.108299016952515,
        "avg_epoch_time": 1.3929460782271166,
        "timestamp": "2025-04-12 18:06:15"
    }
}