{
    "model_name": "none",
    "features": [],
    "accuracy": 0.2044,
    "precision": 0.3084910487382881,
    "recall": 0.2044,
    "f1_score": 0.139128159432091,
    "loss": 2.193497618384852,
    "inference_time": 0.051963090896606445,
    "timestamp": "2025-04-12 18:06:15"
}