{
    "model_name": "Adam_GELU_standard",
    "features": [
        "GELU",
        "Adam"
    ],
    "epochs": 47,
    "best_epoch": 37,
    "best_val_acc": 0.5762,
    "training_time": 220.8895719051361,
    "train_losses": [
        2.3461127213270174,
        1.8968312135645407,
        1.7585868216273812,
        1.6691455242002327,
        1.6079727598529583,
        1.5550995113718589,
        1.510390033086622,
        1.463544227916986,
        1.4272399647567362,
        1.3940049514790955,
        1.3667211609925949,
        1.3443059550998886,
        1.3225394265584816,
        1.2972174998185813,
        1.2763507487123313,
        1.250435020537216,
        1.2406901936847654,
        1.2152011132362286,
        1.2074791159794869,
        1.1959305593510177,
        1.178314983001976,
        1.1690705387227238,
        1.1566373530515093,
        1.1424309850568355,
        1.1377730066445395,
        1.1233429517670355,
        1.1162238556249007,
        1.106350445868268,
        1.0963867332334654,
        1.0894242199308155,
        1.0810112786841497,
        1.0723809625599414,
        1.0692765227805874,
        1.0637589093277133,
        1.057566151090548,
        1.050084640812706,
        1.045414668477133,
        1.031958140879825,
        1.0303048685952618,
        1.0264130056717142,
        1.0114317973725029,
        1.0207318256115474,
        1.008421947807282,
        0.9959386229585337,
        1.0019848698890912,
        0.9851976069892661,
        0.9867375232244165
    ],
    "val_losses": [
        1.9033253660373735,
        1.7336408692317884,
        1.6329078174804945,
        1.574383350572495,
        1.5280760967716223,
        1.4737726825245463,
        1.4424136375519203,
        1.4070326669747013,
        1.3805424219324385,
        1.3634971110302543,
        1.3380358866592121,
        1.325895231073999,
        1.3155720027731106,
        1.2954152375874717,
        1.289759749169618,
        1.2856495879178838,
        1.2803514392324704,
        1.2636769802846963,
        1.2611991986149216,
        1.2526605330892107,
        1.2458369077123779,
        1.2484685304438383,
        1.237755808325423,
        1.2339961624684388,
        1.2282759136092594,
        1.2295759721026618,
        1.2329332121287195,
        1.2226482199582658,
        1.2217850495998956,
        1.2227912880091587,
        1.2192703096355693,
        1.2211351333179443,
        1.224258444122799,
        1.2212958175578268,
        1.220612299110261,
        1.2237223413545586,
        1.2125785310990487,
        1.2228363845177501,
        1.2267805263749605,
        1.220885507288677,
        1.2243115193337069,
        1.225980233370924,
        1.2251227971985363,
        1.222674858105203,
        1.2261660745505765,
        1.2222039440988646,
        1.220476942885835
    ],
    "val_accs": [
        0.3352,
        0.4027,
        0.4343,
        0.4561,
        0.4714,
        0.4911,
        0.4969,
        0.5093,
        0.5213,
        0.523,
        0.5288,
        0.5357,
        0.5387,
        0.5455,
        0.5482,
        0.5452,
        0.5484,
        0.5553,
        0.5503,
        0.5584,
        0.5588,
        0.5564,
        0.5659,
        0.5675,
        0.5677,
        0.5671,
        0.5658,
        0.5675,
        0.5721,
        0.5709,
        0.5677,
        0.5729,
        0.5691,
        0.5722,
        0.5688,
        0.5724,
        0.5762,
        0.5756,
        0.5744,
        0.5701,
        0.5705,
        0.5721,
        0.5656,
        0.5717,
        0.5684,
        0.5717,
        0.5722
    ],
    "hyperparameters": {
        "batch_size": 128,
        "learning_rate": 0.001,
        "momentum": 0.9,
        "weight_decay": 0.0001,
        "optimizer": "adam",
        "early_stopping": true,
        "patience": 10
    },
    "runtime_info": {
        "total_training_time": 220.8895719051361,
        "avg_epoch_time": 4.699778125641194,
        "timestamp": "2025-04-13 19:07:30"
    }
}