{
    "model_name": "Adam_GELU_standard",
    "features": [
        "GELU",
        "Adam"
    ],
    "epochs": 76,
    "best_epoch": 66,
    "best_val_acc": 0.5629,
    "training_time": 179.2980260848999,
    "train_losses": [
        2.7359463274675524,
        2.2504040620949515,
        2.1085917890359602,
        1.9787993074672539,
        1.900009329081174,
        1.83915033017937,
        1.783415704744851,
        1.7455088215102783,
        1.7090452149341049,
        1.6786321727176476,
        1.6585519231811674,
        1.621114607481144,
        1.6005536170953425,
        1.5801744743842807,
        1.5571410885942707,
        1.5365227853952457,
        1.524763266448676,
        1.5037002721790644,
        1.4889324935416752,
        1.4723553631737043,
        1.4545587947422434,
        1.4407698751303297,
        1.4380540866937748,
        1.4146222300722426,
        1.4046763027003868,
        1.3956648809244743,
        1.3876605642724853,
        1.3747617867514585,
        1.3678201449744762,
        1.361215057194771,
        1.353468066129193,
        1.3445600794585837,
        1.3346058112993602,
        1.3256067483093588,
        1.3206187254151598,
        1.3106041107571025,
        1.3091926418979623,
        1.3036622717549218,
        1.2896552802972734,
        1.2872992491893693,
        1.2861702026937667,
        1.2719634486741163,
        1.274677551756982,
        1.268447137577821,
        1.2636549005356943,
        1.26338645327386,
        1.2550565733633137,
        1.253421411271273,
        1.2582262288067836,
        1.250091683827437,
        1.24314281475045,
        1.2402597083215134,
        1.2297590755355503,
        1.2254999770104313,
        1.2288935893191018,
        1.2314490454696774,
        1.2239209370011104,
        1.2206318207341647,
        1.214506070044751,
        1.214525139732204,
        1.2164207285382747,
        1.2112180633386338,
        1.2060631485282383,
        1.2040157428947633,
        1.1998868216699223,
        1.203354915245947,
        1.196900592960542,
        1.1903750526401549,
        1.19454806433696,
        1.1858478923591453,
        1.1844706812786783,
        1.1853889436498397,
        1.1871964082007942,
        1.1780987906704221,
        1.1804022611381797,
        1.1745911399959914
    ],
    "val_losses": [
        2.2504352768922464,
        2.1374903674830774,
        1.9565049097601248,
        1.8429711949178855,
        1.7637103646202212,
        1.708860745084998,
        1.6684059096569526,
        1.639035398457533,
        1.6030980419115883,
        1.578660059733647,
        1.5565148607614294,
        1.5310560425727995,
        1.5066728785428776,
        1.484533364556413,
        1.4722546975656725,
        1.4550031093291595,
        1.4390307755831866,
        1.4246415155049412,
        1.411256919518273,
        1.3989477002784187,
        1.390090101353425,
        1.3787887484758314,
        1.3709998478748733,
        1.3628530991394252,
        1.353994831360484,
        1.3445046392088262,
        1.338519358048385,
        1.3322224815645787,
        1.3253984924776312,
        1.31992620375044,
        1.3167823649060508,
        1.3098494349608547,
        1.3035789955031698,
        1.297469748820293,
        1.2933935788936328,
        1.289249612919765,
        1.285003650125139,
        1.2841559218313867,
        1.277666808207105,
        1.2759692669965683,
        1.2740142735147288,
        1.268839161330875,
        1.2682281270062827,
        1.2656355339702299,
        1.2651994557564432,
        1.2617530601467435,
        1.259753984932098,
        1.256756128286727,
        1.257450326374461,
        1.2539343907995344,
        1.2531758559374027,
        1.251055876881759,
        1.2495638076099085,
        1.2494642210901974,
        1.250070709529836,
        1.2496457074115084,
        1.246984747187216,
        1.2454584345732669,
        1.244499601288057,
        1.2426994188776297,
        1.2441142723213883,
        1.2443478144294549,
        1.2426871904674952,
        1.2410005852986146,
        1.239463929466933,
        1.238610911234317,
        1.2392941987941337,
        1.2378799604463537,
        1.2397007904721427,
        1.2394484460752224,
        1.2405184126281459,
        1.2386529039808072,
        1.2379335947678602,
        1.240061576633026,
        1.238638653550062,
        1.237584419276879
    ],
    "val_accs": [
        0.1717,
        0.2286,
        0.2957,
        0.3465,
        0.382,
        0.3981,
        0.4145,
        0.4249,
        0.4365,
        0.4493,
        0.4508,
        0.4595,
        0.4653,
        0.473,
        0.4787,
        0.4832,
        0.49,
        0.4951,
        0.4991,
        0.5008,
        0.5065,
        0.5068,
        0.5087,
        0.5132,
        0.5135,
        0.5225,
        0.5214,
        0.5225,
        0.5269,
        0.5308,
        0.53,
        0.5321,
        0.5372,
        0.538,
        0.539,
        0.5415,
        0.5408,
        0.5414,
        0.5463,
        0.5452,
        0.5434,
        0.5478,
        0.5459,
        0.5469,
        0.547,
        0.5517,
        0.5533,
        0.5539,
        0.5564,
        0.5554,
        0.5531,
        0.5562,
        0.5583,
        0.5575,
        0.557,
        0.5548,
        0.5547,
        0.559,
        0.5553,
        0.5597,
        0.5578,
        0.5575,
        0.5597,
        0.5581,
        0.5606,
        0.5629,
        0.557,
        0.5621,
        0.5601,
        0.5607,
        0.5584,
        0.5622,
        0.5627,
        0.5628,
        0.5605,
        0.5623
    ],
    "hyperparameters": {
        "batch_size": 128,
        "learning_rate": 0.0005,
        "momentum": 0.9,
        "weight_decay": 0.001,
        "optimizer": "adam",
        "early_stopping": true,
        "patience": 10
    },
    "runtime_info": {
        "total_training_time": 179.2980260848999,
        "avg_epoch_time": 2.359184553748683,
        "timestamp": "2025-04-13 06:48:51"
    }
}