{
    "model_name": "Adam_GELU_standard",
    "features": [
        "GELU",
        "Adam"
    ],
    "accuracy": 0.5603,
    "precision": 0.5586914121667195,
    "recall": 0.5603,
    "f1_score": 0.5575865855746994,
    "loss": 1.2321561977823516,
    "inference_time": 0.13726496696472168,
    "timestamp": "2025-04-13 06:48:51"
}