{
    "model_name": "Adam_GELU_standard",
    "features": [
        "GELU",
        "Adam"
    ],
    "epochs": 32,
    "best_epoch": 22,
    "best_val_acc": 0.4925,
    "training_time": 82.79499506950378,
    "train_losses": [
        2.1101200221479894,
        1.8147208283985623,
        1.7288566799945047,
        1.68065709305399,
        1.645136792828842,
        1.6234302331627146,
        1.6117578021761263,
        1.593814452498567,
        1.5835196019201097,
        1.5684084042300188,
        1.5519609968975863,
        1.564086529581217,
        1.5488903432554657,
        1.5385199901633921,
        1.5367868073688333,
        1.529628258297407,
        1.52898635683838,
        1.5223332655836204,
        1.5226146162257068,
        1.5186321163605123,
        1.5177383422569295,
        1.511869654227016,
        1.4947218452262412,
        1.508860571483224,
        1.5123269094173888,
        1.5012049750758083,
        1.4935088124124882,
        1.4934897805836809,
        1.49660424820661,
        1.4971923636281002,
        1.4916218080881725,
        1.481333246470799
    ],
    "val_losses": [
        1.7427492490553653,
        1.646889243383566,
        1.5855312880942307,
        1.536389019135787,
        1.5176789225269445,
        1.4957399649476764,
        1.4964089906769684,
        1.482350299815871,
        1.4979067618550006,
        1.4845418845830027,
        1.4724561777135445,
        1.4759580912870183,
        1.4682588885671173,
        1.4749914900927634,
        1.4593268335511351,
        1.4878846329797726,
        1.4737581866909493,
        1.4563918156874578,
        1.459625808005051,
        1.455185640690797,
        1.4563401113308039,
        1.4368031052347874,
        1.4463408814594334,
        1.4674784383538793,
        1.4586681591533124,
        1.462876258345466,
        1.472984130956897,
        1.461841677362298,
        1.4531426693381535,
        1.4487680404264645,
        1.4560627633274308,
        1.461659144938769
    ],
    "val_accs": [
        0.3827,
        0.4163,
        0.4311,
        0.4547,
        0.4547,
        0.4713,
        0.471,
        0.4662,
        0.4564,
        0.4746,
        0.4739,
        0.4751,
        0.4756,
        0.4761,
        0.4785,
        0.4627,
        0.4759,
        0.4807,
        0.4769,
        0.4777,
        0.4856,
        0.4925,
        0.478,
        0.4871,
        0.4734,
        0.4794,
        0.4691,
        0.4834,
        0.4796,
        0.4776,
        0.4809,
        0.4802
    ],
    "hyperparameters": {
        "batch_size": 128,
        "learning_rate": 0.005,
        "momentum": 0.9,
        "weight_decay": 0.0,
        "optimizer": "adam",
        "early_stopping": true,
        "patience": 10
    },
    "runtime_info": {
        "total_training_time": 82.79499506950378,
        "avg_epoch_time": 2.5873435959219933,
        "timestamp": "2025-04-12 21:06:27"
    }
}