{
    "model_name": "Adam_GELU_standard",
    "features": [
        "GELU",
        "Adam"
    ],
    "accuracy": 0.4873,
    "precision": 0.521460461320421,
    "recall": 0.4873,
    "f1_score": 0.49307770586487243,
    "loss": 1.4260387044263494,
    "inference_time": 0.14637112617492676,
    "timestamp": "2025-04-12 21:06:27"
}