{
    "model_name": "Adam_GELU_standard",
    "features": [
        "GELU",
        "Adam"
    ],
    "accuracy": 0.548,
    "precision": 0.5577162882675532,
    "recall": 0.548,
    "f1_score": 0.548593436853601,
    "loss": 1.2524258467405056,
    "inference_time": 0.3289310932159424,
    "timestamp": "2025-04-13 10:41:37"
}