{
    "model_name": "Adam_GELU_standard",
    "features": [
        "GELU",
        "Adam"
    ],
    "epochs": 62,
    "best_epoch": 52,
    "best_val_acc": 0.5663,
    "training_time": 333.6633548736572,
    "train_losses": [
        2.715174767085613,
        2.2959271998991917,
        2.182244798773067,
        2.069527733756788,
        1.9872921164219932,
        1.914593764390028,
        1.8586898159367942,
        1.8131801056757488,
        1.7787630420706735,
        1.7376299341499502,
        1.7117264302831585,
        1.6739396116837506,
        1.6442223354748209,
        1.6188004760400827,
        1.5933126503332673,
        1.5652111642797357,
        1.542149059420723,
        1.525600280533908,
        1.5018637617717168,
        1.4817661617791598,
        1.4687521159864607,
        1.4483837700624764,
        1.4299041272979665,
        1.413582169286617,
        1.4012252946698298,
        1.3922536472547784,
        1.3776826672567934,
        1.3618175310650005,
        1.345257571179355,
        1.3379916607433353,
        1.3248271185567093,
        1.31448928966414,
        1.3016426685465878,
        1.2882333928913932,
        1.2757928248850976,
        1.2657583695127392,
        1.2609373184107675,
        1.2512273671249805,
        1.236912549556687,
        1.2288978149146528,
        1.2230041842303523,
        1.2126202442598666,
        1.2087912202845548,
        1.1962845969452376,
        1.1890288723108478,
        1.1914653131850712,
        1.181404798122449,
        1.1712187261200597,
        1.1673017387665627,
        1.1577989691197357,
        1.1520505399896048,
        1.1513844200992187,
        1.1359881784994839,
        1.1311976034670514,
        1.1297932512564923,
        1.117403720829669,
        1.1134145357964123,
        1.114949592271417,
        1.1098636616388338,
        1.0997096661214523,
        1.1029809837889795,
        1.089638943699766
    ],
    "val_losses": [
        2.2750360764660016,
        2.200235930916426,
        2.002163870362715,
        1.9041709060528977,
        1.8353427609962174,
        1.7747001819035122,
        1.7196099534727014,
        1.6785902197364089,
        1.6517364090374005,
        1.61358199866555,
        1.5965338697773197,
        1.5604567254531259,
        1.537549820425054,
        1.5237610319910477,
        1.4950088533837413,
        1.4720936763460253,
        1.4586764200408886,
        1.4455816783271096,
        1.4330831983731107,
        1.4168797918507678,
        1.406156797301796,
        1.3930928511372176,
        1.3843079374101532,
        1.3718195634894004,
        1.3631489885595007,
        1.3555420143628776,
        1.3461543589365175,
        1.3332231864578925,
        1.3267532973705085,
        1.3220536493093598,
        1.3222918627487616,
        1.3089775207664824,
        1.303840094727906,
        1.3071073033805438,
        1.299249285553306,
        1.2896140871851978,
        1.287642610865195,
        1.280298361528633,
        1.2792694525445103,
        1.2799732491670945,
        1.273645678885033,
        1.264142746680813,
        1.2645156478351771,
        1.259242656847088,
        1.2604274846994168,
        1.2644607082943133,
        1.261595474051012,
        1.2558653375618625,
        1.2535612410097063,
        1.2482169144671824,
        1.2571816480205353,
        1.2467852635369174,
        1.2550041117323454,
        1.2519744669926498,
        1.2493571723348578,
        1.2513727388741733,
        1.2466040563043013,
        1.2479291857518582,
        1.2480735654706652,
        1.2408942526625495,
        1.2444485261905958,
        1.2420946318732526
    ],
    "val_accs": [
        0.1496,
        0.207,
        0.2623,
        0.2852,
        0.3157,
        0.345,
        0.3669,
        0.3894,
        0.4032,
        0.4195,
        0.427,
        0.438,
        0.4473,
        0.4571,
        0.4639,
        0.4683,
        0.4721,
        0.4825,
        0.4903,
        0.4949,
        0.4938,
        0.499,
        0.506,
        0.514,
        0.5149,
        0.5168,
        0.5223,
        0.5279,
        0.5301,
        0.5308,
        0.5314,
        0.5325,
        0.5365,
        0.5385,
        0.5382,
        0.5408,
        0.5435,
        0.5471,
        0.5498,
        0.5505,
        0.5493,
        0.5556,
        0.5502,
        0.5553,
        0.5531,
        0.5516,
        0.5538,
        0.5558,
        0.5587,
        0.5606,
        0.5579,
        0.5663,
        0.5614,
        0.5591,
        0.5617,
        0.5615,
        0.5626,
        0.5596,
        0.5618,
        0.5652,
        0.5619,
        0.5643
    ],
    "hyperparameters": {
        "batch_size": 128,
        "learning_rate": 0.0005,
        "momentum": 0.9,
        "weight_decay": 0.0001,
        "optimizer": "adam",
        "early_stopping": true,
        "patience": 10
    },
    "runtime_info": {
        "total_training_time": 333.6633548736572,
        "avg_epoch_time": 5.381667014091246,
        "timestamp": "2025-04-13 10:41:37"
    }
}