{
    "model_name": "Adam_GELU_standard",
    "features": [
        "GELU",
        "Adam"
    ],
    "epochs": 55,
    "best_epoch": 45,
    "best_val_acc": 0.5783,
    "training_time": 465.25213408470154,
    "train_losses": [
        2.47699345870304,
        1.9854694937801178,
        1.8301489016739867,
        1.7405472924080427,
        1.6710417860792277,
        1.6128536399907836,
        1.5699956148274077,
        1.5222741429723015,
        1.4907825173161395,
        1.455742812863235,
        1.4230702095099808,
        1.3959572254225132,
        1.3705525640304197,
        1.3501465503922325,
        1.3329216367180228,
        1.309276355932085,
        1.2866518348393428,
        1.274170218736046,
        1.2584917878474238,
        1.2386343154377915,
        1.2194015368901976,
        1.217515660759068,
        1.2018809103826364,
        1.1903428475568203,
        1.1712305276526387,
        1.1670900090252798,
        1.1555088780875602,
        1.146849111681753,
        1.1418039799379855,
        1.1272274321943319,
        1.1210625928254543,
        1.1093894294976456,
        1.105304654893721,
        1.0924755001043591,
        1.0836849686217722,
        1.0752483129881245,
        1.0728092602226966,
        1.065689286586818,
        1.0555100438640974,
        1.0478976802263809,
        1.0487027932303399,
        1.0360662849703945,
        1.044481867615313,
        1.0247521788170582,
        1.024827658265935,
        1.0267463952416502,
        1.0181699131023643,
        1.0057604519240302,
        1.0016060052313627,
        0.9986773346459268,
        1.0013858458143277,
        0.9975671870186631,
        0.9755846744591155,
        0.9779093887002558,
        0.975927181206576
    ],
    "val_losses": [
        2.0457622451343975,
        1.787098855480965,
        1.6963435945629946,
        1.6334696495330892,
        1.5716546766626842,
        1.521352276798775,
        1.4821078755924155,
        1.4428999359036472,
        1.429720746074687,
        1.3984780549520217,
        1.3747379199774061,
        1.3669575096529745,
        1.3490226699679417,
        1.3355325661322943,
        1.328535886730229,
        1.30696652646529,
        1.2995440084180834,
        1.2891071957885643,
        1.2816571483653656,
        1.2718429541178746,
        1.262777662567213,
        1.2661501813431333,
        1.2551925916023117,
        1.255280834083446,
        1.2436560367697325,
        1.2474789441291858,
        1.2422626422910827,
        1.24221849747526,
        1.2361834145071606,
        1.2313989965450558,
        1.225543198456079,
        1.2256853837270452,
        1.2284712433797904,
        1.2270491270133284,
        1.2242853567777825,
        1.223412507779346,
        1.2210608220462646,
        1.2215877203349559,
        1.221231089765437,
        1.2179647734899626,
        1.2190618964610573,
        1.2112669283397948,
        1.2126954691650358,
        1.2129340440005272,
        1.2103319924804374,
        1.210784611910209,
        1.2105474801683267,
        1.2111238010838776,
        1.215054805862298,
        1.2126605001987958,
        1.2171267324543225,
        1.2149202960539385,
        1.2161948104162748,
        1.2151651489688051,
        1.2183572798843065
    ],
    "val_accs": [
        0.2787,
        0.38,
        0.4136,
        0.4379,
        0.4539,
        0.4663,
        0.4816,
        0.4956,
        0.497,
        0.5107,
        0.5187,
        0.5214,
        0.5261,
        0.5316,
        0.5325,
        0.5443,
        0.5417,
        0.5487,
        0.5522,
        0.5505,
        0.5556,
        0.5512,
        0.5606,
        0.557,
        0.559,
        0.5623,
        0.5604,
        0.5612,
        0.5629,
        0.5624,
        0.5628,
        0.5646,
        0.5633,
        0.5651,
        0.5686,
        0.5659,
        0.566,
        0.5741,
        0.5694,
        0.573,
        0.5721,
        0.5692,
        0.573,
        0.5721,
        0.5783,
        0.5721,
        0.5781,
        0.5752,
        0.5748,
        0.5748,
        0.5726,
        0.5764,
        0.5758,
        0.5743,
        0.5739
    ],
    "hyperparameters": {
        "batch_size": 64,
        "learning_rate": 0.0005,
        "momentum": 0.9,
        "weight_decay": 0.0001,
        "optimizer": "adam",
        "early_stopping": true,
        "patience": 10
    },
    "runtime_info": {
        "total_training_time": 465.25213408470154,
        "avg_epoch_time": 8.459129710630936,
        "timestamp": "2025-04-16 13:04:27"
    }
}