{
    "model_name": "Adam_GELU_standard",
    "features": [
        "GELU",
        "Adam"
    ],
    "accuracy": 0.5686,
    "precision": 0.5730587909435457,
    "recall": 0.5686,
    "f1_score": 0.5670169815089138,
    "loss": 1.2116843853091148,
    "inference_time": 0.3860030174255371,
    "timestamp": "2025-04-16 13:04:27"
}