{
    "model_name": "Adam_GELU_standard",
    "features": [
        "GELU",
        "Adam"
    ],
    "accuracy": 0.5503,
    "precision": 0.5505372065397165,
    "recall": 0.5503,
    "f1_score": 0.547378912089779,
    "loss": 1.2380378362272912,
    "inference_time": 0.13847970962524414,
    "timestamp": "2025-04-12 21:41:22"
}