{
    "model_name": "Adam_GELU_standard",
    "features": [
        "GELU",
        "Adam"
    ],
    "epochs": 64,
    "best_epoch": 54,
    "best_val_acc": 0.5616,
    "training_time": 144.82046627998352,
    "train_losses": [
        2.776662482224864,
        2.2593798781723002,
        2.1250365849169044,
        2.002465245916348,
        1.9173617047190115,
        1.8564534532302577,
        1.8128936555077622,
        1.7697562442022727,
        1.730268449580169,
        1.7014558798248263,
        1.668098064706914,
        1.6420884454768627,
        1.6171878972935132,
        1.5967166879827848,
        1.5732288215544445,
        1.5560988365109278,
        1.533750659834152,
        1.5224401088153061,
        1.5032530201739496,
        1.484561800715607,
        1.4763066104388676,
        1.462907059420213,
        1.4479677349933262,
        1.434956506518648,
        1.4211471472351453,
        1.4072164164414356,
        1.4014986387740211,
        1.3892341811783586,
        1.3760130733683924,
        1.3711227620146358,
        1.3637918572180674,
        1.3528172700408923,
        1.3437360313439288,
        1.332183511847516,
        1.3291070657530697,
        1.3191077489400342,
        1.3130735931616788,
        1.3140514508619245,
        1.3061163057874683,
        1.297800325750973,
        1.2898386730952334,
        1.2910484013907377,
        1.2879013263972494,
        1.2810339224502283,
        1.2702448618628202,
        1.2721741534089135,
        1.2652986852584862,
        1.263012105065855,
        1.2512809744648745,
        1.2509167346441772,
        1.251823482394132,
        1.2445117043718983,
        1.239220754033118,
        1.2347904352305004,
        1.2327163830835315,
        1.2293539060826528,
        1.2265935795299632,
        1.22732253272088,
        1.219902909602225,
        1.2218429181383044,
        1.2130865295354463,
        1.20881990166974,
        1.2079341196723494,
        1.2054719867259922
    ],
    "val_losses": [
        2.2618997935628484,
        2.1398736979686785,
        1.9713882666179863,
        1.8673741488895554,
        1.7878905936365652,
        1.7345607501661209,
        1.6948967016188212,
        1.6549562123744428,
        1.6241807921156741,
        1.597626038626596,
        1.570397162868591,
        1.5392020430815958,
        1.522321870767311,
        1.5042348565340926,
        1.4799178931004358,
        1.4676500213669332,
        1.4511754522612188,
        1.4396196218842823,
        1.4238940733154104,
        1.409538043614887,
        1.3982686830670499,
        1.3876751795553834,
        1.3794941753314096,
        1.3691742458503657,
        1.3619218322117572,
        1.350561915971072,
        1.3418479505868668,
        1.3353593966037436,
        1.3275023137116955,
        1.326515488828595,
        1.3166723986485256,
        1.310850805657954,
        1.3046950903103163,
        1.3006043997900345,
        1.294412261311202,
        1.288544081894106,
        1.2847879840278722,
        1.2837415693832512,
        1.2796960366229906,
        1.2775833946170216,
        1.2734967247010456,
        1.2721052009555727,
        1.2685246800776513,
        1.2677176452652559,
        1.2673321514944005,
        1.2652851438216002,
        1.2644063894131963,
        1.2632425894257022,
        1.257352930681147,
        1.2551636196225866,
        1.2540305337245354,
        1.254816526289763,
        1.2532465107312525,
        1.2497645286773404,
        1.2505749712907388,
        1.2490798175888125,
        1.2461956718432525,
        1.2462466623550628,
        1.246717473373171,
        1.245412943619754,
        1.2437007707609482,
        1.2398775441574796,
        1.2412335405154704,
        1.2400183383266328
    ],
    "val_accs": [
        0.1624,
        0.2271,
        0.2923,
        0.3364,
        0.372,
        0.394,
        0.4083,
        0.4221,
        0.4316,
        0.4416,
        0.4536,
        0.4583,
        0.4641,
        0.4711,
        0.4806,
        0.4882,
        0.4875,
        0.4965,
        0.4968,
        0.5045,
        0.5067,
        0.5106,
        0.5151,
        0.5175,
        0.5198,
        0.5221,
        0.5256,
        0.53,
        0.5314,
        0.5361,
        0.5402,
        0.5394,
        0.5405,
        0.5421,
        0.5395,
        0.5463,
        0.5456,
        0.546,
        0.5474,
        0.5455,
        0.5524,
        0.5522,
        0.5533,
        0.5543,
        0.5536,
        0.5545,
        0.555,
        0.5567,
        0.5579,
        0.5556,
        0.5556,
        0.5566,
        0.5582,
        0.5616,
        0.5576,
        0.5573,
        0.5594,
        0.5597,
        0.5602,
        0.5581,
        0.5584,
        0.5615,
        0.5583,
        0.5597
    ],
    "hyperparameters": {
        "batch_size": 128,
        "learning_rate": 0.0005,
        "momentum": 0.9,
        "weight_decay": 0.0001,
        "optimizer": "adam",
        "early_stopping": true,
        "patience": 10
    },
    "runtime_info": {
        "total_training_time": 144.82046627998352,
        "avg_epoch_time": 2.2628197856247425,
        "timestamp": "2025-04-12 21:41:21"
    }
}