{
    "model_name": "Adam_GELU_standard",
    "features": [
        "GELU",
        "Adam"
    ],
    "epochs": 17,
    "best_epoch": 7,
    "best_val_acc": 0.3836,
    "training_time": 40.15700626373291,
    "train_losses": [
        2.1022516862131084,
        1.9545287029386795,
        1.929954034100647,
        1.919115243973831,
        1.9085728607723447,
        1.8912693211900087,
        1.8799717564339442,
        1.8778367881022666,
        1.880798714934901,
        1.874268984719325,
        1.8775813663085914,
        1.8672049382483928,
        1.8605185200641676,
        1.8498990275565195,
        1.8578175202205562,
        1.8522563696924967,
        1.851527869025199
    ],
    "val_losses": [
        1.8442765213007093,
        1.8043490348251285,
        1.7682698668830439,
        1.7815591815100953,
        1.7876203146434748,
        1.7606804828171692,
        1.7087327426074734,
        1.7341807090403552,
        1.7214462319556958,
        1.7474228504234954,
        1.729368273714384,
        1.7284237530629079,
        1.7443507785018673,
        1.7116226855040557,
        1.7351443571930172,
        1.733304254907223,
        1.715160709325828
    ],
    "val_accs": [
        0.3456,
        0.3444,
        0.357,
        0.3511,
        0.347,
        0.3569,
        0.3836,
        0.3691,
        0.377,
        0.3669,
        0.3753,
        0.3755,
        0.366,
        0.3745,
        0.3798,
        0.3626,
        0.3725
    ],
    "hyperparameters": {
        "batch_size": 128,
        "learning_rate": 0.01,
        "momentum": 0.9,
        "weight_decay": 0.0001,
        "optimizer": "adam",
        "early_stopping": true,
        "patience": 10
    },
    "runtime_info": {
        "total_training_time": 40.15700626373291,
        "avg_epoch_time": 2.362176839043112,
        "timestamp": "2025-04-12 20:08:17"
    }
}