{
    "model_name": "Adam_GELU_standard",
    "features": [
        "GELU",
        "Adam"
    ],
    "accuracy": 0.3809,
    "precision": 0.4607970718260384,
    "recall": 0.3809,
    "f1_score": 0.3865042397196366,
    "loss": 1.6984842590539975,
    "inference_time": 0.13459110260009766,
    "timestamp": "2025-04-12 20:08:17"
}