{
    "model_name": "Adam_GELU_standard",
    "features": [
        "GELU",
        "Adam"
    ],
    "epochs": 67,
    "best_epoch": 57,
    "best_val_acc": 0.5801,
    "training_time": 319.37518882751465,
    "train_losses": [
        2.58839694739787,
        2.0770974379945564,
        1.9094657367812524,
        1.8120827669157467,
        1.7514916152628,
        1.6971102340711142,
        1.6496126510532145,
        1.614227572682466,
        1.5741193672279858,
        1.539858968098781,
        1.510702560117409,
        1.4863554746357759,
        1.4560122277765186,
        1.4370165139190845,
        1.4082199006146212,
        1.3939673856130814,
        1.3673123621592735,
        1.3515140065224909,
        1.3343049222138965,
        1.3194303923389832,
        1.2997552107306434,
        1.2892751593427012,
        1.2711443809517822,
        1.2547104669174332,
        1.2423402385039624,
        1.228516716516302,
        1.2270070654571288,
        1.2065108099856758,
        1.1989987855498463,
        1.1857561592439259,
        1.1805942490888843,
        1.1693338677512617,
        1.1615495049483215,
        1.1500519125377573,
        1.1408351660568596,
        1.1343745583024956,
        1.1260032046357313,
        1.12507599526056,
        1.1114219555785945,
        1.1015746430973519,
        1.0939843623697891,
        1.0896831524707482,
        1.0774362206048016,
        1.0747528646735363,
        1.068703504546123,
        1.0623172834517995,
        1.0594924871380893,
        1.0538999003314273,
        1.0481217492926551,
        1.0403025118672748,
        1.0400433782874978,
        1.0301972862898878,
        1.0320299610041686,
        1.0209729540183876,
        1.0171544119513174,
        1.0154540465294872,
        1.004946501517853,
        1.0026518251418113,
        0.9949928963993919,
        0.9954160609120953,
        0.9945704482622049,
        0.9874407827439764,
        0.9832547097274638,
        0.9884192961149825,
        0.9760826536852591,
        0.969503815598108,
        0.9627929020211535
    ],
    "val_losses": [
        2.1445862363622124,
        1.8876902363128352,
        1.7733184926761671,
        1.7017855052075443,
        1.6491424121249245,
        1.6015168003013913,
        1.571650029879311,
        1.5363784281514181,
        1.5024130088407501,
        1.4686919953184976,
        1.454509720758096,
        1.433620633076172,
        1.416730155558652,
        1.4019408418335844,
        1.3843581509507856,
        1.3651559743491115,
        1.3524185128500215,
        1.3382856085708408,
        1.3298394325998293,
        1.3182594083909434,
        1.312211867490508,
        1.2993663784462721,
        1.2853616724820414,
        1.2826894568317264,
        1.2808479284480785,
        1.2662304786914471,
        1.2648137432468445,
        1.2576301542052972,
        1.254949317143074,
        1.2477428489409128,
        1.2434625335724037,
        1.2369084288984902,
        1.2371891563733148,
        1.2322971790427624,
        1.231310202225152,
        1.2252731722961197,
        1.2189613848166816,
        1.219533642465212,
        1.2126278686633536,
        1.213845768365669,
        1.212302484011703,
        1.2118613293966745,
        1.2099638193505045,
        1.2149147018928972,
        1.2072003753600282,
        1.2042559122616072,
        1.2013785064511318,
        1.2009673102141656,
        1.203703761393515,
        1.197860065936232,
        1.1997712535724312,
        1.195190326653662,
        1.1968552444988703,
        1.2001531719679082,
        1.195279921957022,
        1.1942951968654896,
        1.1955323049535846,
        1.19415833818963,
        1.1944071437230181,
        1.1963105047788414,
        1.1972899968371253,
        1.198370726074044,
        1.1958548590342009,
        1.1999213430738127,
        1.1988522398611394,
        1.198029988042587,
        1.2002885445528795
    ],
    "val_accs": [
        0.2376,
        0.3452,
        0.3835,
        0.4105,
        0.4309,
        0.4428,
        0.4549,
        0.4644,
        0.4745,
        0.4838,
        0.4915,
        0.4988,
        0.5062,
        0.5109,
        0.5134,
        0.5189,
        0.5252,
        0.5296,
        0.5276,
        0.5332,
        0.5351,
        0.5392,
        0.5464,
        0.5455,
        0.5449,
        0.5503,
        0.551,
        0.5538,
        0.5581,
        0.5594,
        0.5619,
        0.5574,
        0.5575,
        0.5612,
        0.5617,
        0.5656,
        0.5676,
        0.5681,
        0.5695,
        0.5686,
        0.5706,
        0.5705,
        0.571,
        0.5681,
        0.5701,
        0.5703,
        0.5723,
        0.5726,
        0.5712,
        0.5769,
        0.5736,
        0.5736,
        0.5788,
        0.5749,
        0.5779,
        0.5765,
        0.5801,
        0.5777,
        0.5785,
        0.5778,
        0.5781,
        0.5763,
        0.5774,
        0.5788,
        0.5751,
        0.5797,
        0.5786
    ],
    "hyperparameters": {
        "batch_size": 128,
        "learning_rate": 0.0005,
        "momentum": 0.9,
        "weight_decay": 0.0001,
        "optimizer": "adam",
        "early_stopping": true,
        "patience": 10
    },
    "runtime_info": {
        "total_training_time": 319.37518882751465,
        "avg_epoch_time": 4.7667938630972335,
        "timestamp": "2025-04-13 19:28:51"
    }
}