{
    "model_name": "Adam_GELU_standard",
    "features": [
        "GELU",
        "Adam"
    ],
    "epochs": 54,
    "best_epoch": 44,
    "best_val_acc": 0.5606,
    "training_time": 131.59587407112122,
    "train_losses": [
        2.4907315875499,
        2.056423616549205,
        1.8914232732334972,
        1.7982974689508286,
        1.7405096851982003,
        1.6805337878579567,
        1.6340440041660378,
        1.6027271024524143,
        1.561122908337034,
        1.535061860287813,
        1.504713609672503,
        1.4811280709687882,
        1.4580833867237586,
        1.437967854772707,
        1.422047299824617,
        1.4008853627440938,
        1.3919547371454128,
        1.3758534226083359,
        1.3643151433865417,
        1.3458358911177497,
        1.3352413034502697,
        1.3272878075906052,
        1.3182362209789256,
        1.3134446462683511,
        1.298912285641069,
        1.2947189940164163,
        1.2898924465513075,
        1.280594101298281,
        1.2726669624586457,
        1.2694301144805018,
        1.2596459597732024,
        1.2588100663293154,
        1.261367948873761,
        1.2462354571617045,
        1.2423321175382278,
        1.2491261608337745,
        1.2309766929766184,
        1.2337965974276848,
        1.2301056161515873,
        1.2280879980803352,
        1.2252948910833352,
        1.2164620142799356,
        1.2168396975009093,
        1.2121510442342156,
        1.2029962517774153,
        1.2053949063426739,
        1.2057554418274115,
        1.2064146188179687,
        1.199444957798092,
        1.1948884944071019,
        1.190222441525058,
        1.189439353666269,
        1.1860355062151897,
        1.1882021140281482
    ],
    "val_losses": [
        2.1416060538066266,
        1.851489572376565,
        1.7361597362331225,
        1.669572777435794,
        1.6166143047179242,
        1.5673921993959044,
        1.5238414846458872,
        1.4905452869050073,
        1.458508300395729,
        1.439431191386337,
        1.4144922696539277,
        1.3929288981938666,
        1.3796848508945938,
        1.36500594406353,
        1.3494892664236733,
        1.3388791567539815,
        1.3299774477812476,
        1.3202164684624447,
        1.3157367228576684,
        1.3008651972883676,
        1.29431290341859,
        1.2914432444147597,
        1.2864771700767865,
        1.284567734822882,
        1.274631051634162,
        1.2761474237755446,
        1.270701862435287,
        1.2664942546693219,
        1.2637109224630514,
        1.2582851320806017,
        1.257433426965818,
        1.2595580292671158,
        1.2604904672558421,
        1.2572391911227954,
        1.25479632807573,
        1.253439870466097,
        1.2517381945918242,
        1.2531123131333706,
        1.2508233556206982,
        1.2482413035500197,
        1.244713580017892,
        1.247212332692288,
        1.2458173843348592,
        1.2440833933504616,
        1.2487413459421437,
        1.2447574517745505,
        1.245256774933612,
        1.2451279867398164,
        1.2455701876888354,
        1.2433677336999793,
        1.241330022361087,
        1.2400521327628369,
        1.2415683542577405,
        1.2448021637842555
    ],
    "val_accs": [
        0.2441,
        0.3639,
        0.3973,
        0.4167,
        0.4364,
        0.4534,
        0.4648,
        0.4797,
        0.4831,
        0.4955,
        0.4984,
        0.5083,
        0.512,
        0.5151,
        0.5221,
        0.5223,
        0.5261,
        0.5293,
        0.5309,
        0.5311,
        0.5354,
        0.537,
        0.5412,
        0.5438,
        0.5449,
        0.5445,
        0.5477,
        0.5501,
        0.5502,
        0.554,
        0.5535,
        0.5514,
        0.5534,
        0.5494,
        0.5544,
        0.555,
        0.5559,
        0.5548,
        0.5591,
        0.5587,
        0.5573,
        0.5566,
        0.5588,
        0.5606,
        0.559,
        0.556,
        0.5602,
        0.5573,
        0.5537,
        0.5577,
        0.5566,
        0.5572,
        0.5581,
        0.556
    ],
    "hyperparameters": {
        "batch_size": 128,
        "learning_rate": 0.001,
        "momentum": 0.9,
        "weight_decay": 0.0,
        "optimizer": "adam",
        "early_stopping": true,
        "patience": 10
    },
    "runtime_info": {
        "total_training_time": 131.59587407112122,
        "avg_epoch_time": 2.436960630946689,
        "timestamp": "2025-04-12 20:20:29"
    }
}