{
    "model_name": "lr0.0005_drop0.5_wd0.0001_h256_128",
    "features": [
        "GELU",
        "Adam"
    ],
    "epochs": 83,
    "best_epoch": 73,
    "best_val_acc": 0.5649,
    "training_time": 190.63211107254028,
    "train_losses": [
        2.750207603558357,
        2.2686436886380084,
        2.119097189615524,
        1.990725010751805,
        1.9157533460282883,
        1.8544643408796284,
        1.8019568159344819,
        1.7543321305304649,
        1.7184723055728788,
        1.6866509948643105,
        1.657795289601852,
        1.6376414252219489,
        1.6103150391125147,
        1.58625621789153,
        1.5655923436265753,
        1.5460891442463556,
        1.521769228894525,
        1.5106246022682697,
        1.4877487406115104,
        1.4782790906642882,
        1.4672779509708425,
        1.4492035017358373,
        1.435829114338527,
        1.428670735709623,
        1.4142094018195202,
        1.4075637470249092,
        1.3898982486459728,
        1.3834605586523312,
        1.373166497664155,
        1.3669087221971215,
        1.3504717142379778,
        1.3456566735811935,
        1.3388591340026148,
        1.3303400565557866,
        1.3280779470560458,
        1.3192267101502229,
        1.3115228479996295,
        1.3040967299087713,
        1.303814113339699,
        1.2975960748770632,
        1.2899371173032332,
        1.2853337310214,
        1.2847951955314365,
        1.279736305508779,
        1.2744815062337105,
        1.264558773318268,
        1.259461585349279,
        1.2604033034745137,
        1.2532103949032598,
        1.2583949295742938,
        1.2457591209599517,
        1.2453764591101266,
        1.2426763213355518,
        1.238785929563967,
        1.2350662636987635,
        1.2297788719617755,
        1.2320845684374333,
        1.227587005450708,
        1.2156561158327766,
        1.2163692179630263,
        1.2132466370100186,
        1.2049613617493284,
        1.2117129413020666,
        1.2046410495370605,
        1.2025702173907498,
        1.2023028286140405,
        1.1981179676945448,
        1.2059569054239112,
        1.1970522051978678,
        1.1984578626563351,
        1.1893494888827687,
        1.1935929860168264,
        1.1908544844358158,
        1.1852941516575988,
        1.1899745634866905,
        1.1793959957494353,
        1.1796924665354982,
        1.1823981320520267,
        1.183457579987383,
        1.180025803223132,
        1.1718245538666938,
        1.1732486751589972,
        1.1746859581810913
    ],
    "val_losses": [
        2.26478246713499,
        2.165243230953387,
        1.9647459402050034,
        1.8440068409362467,
        1.7802717575926648,
        1.7282249778841976,
        1.6818974952420325,
        1.6444204717295243,
        1.6153666789640666,
        1.5854987810882517,
        1.5690820536839027,
        1.5414500125522876,
        1.5133192091035994,
        1.5010043433737197,
        1.476964541997763,
        1.4645304754799553,
        1.446200519511613,
        1.4300014689122,
        1.4140494052014387,
        1.4096040461600823,
        1.3961580241490916,
        1.3836621025173168,
        1.374518570260582,
        1.3670780969973402,
        1.3542759973316902,
        1.3489746107939005,
        1.341373527140494,
        1.3335339443600516,
        1.3262508637359682,
        1.3218398759697674,
        1.3121153618064334,
        1.3099237489087923,
        1.306473362646742,
        1.299177357997742,
        1.2957407979224098,
        1.2927371690080625,
        1.2883094667712753,
        1.2840760793026675,
        1.2816547117106807,
        1.2770232837806226,
        1.2727621590710736,
        1.2721156424425837,
        1.2710403950849027,
        1.2670459334141169,
        1.2641741625619731,
        1.261244062413256,
        1.2623719662450534,
        1.2599877815927267,
        1.2564934986589649,
        1.2577079792526478,
        1.2537056947912992,
        1.2535255350338699,
        1.2509286956097676,
        1.2526177119015787,
        1.2504487063347123,
        1.249813942622404,
        1.2524538590468575,
        1.2497592856368025,
        1.245642552352167,
        1.2454980231725299,
        1.2452222954011203,
        1.2444946190639263,
        1.2438203394731786,
        1.2436510213589773,
        1.24257083521471,
        1.2423196317894936,
        1.2403818256479047,
        1.2422093600299544,
        1.240974028691926,
        1.2385447392351179,
        1.2366473426563875,
        1.2404885908929624,
        1.2377643756014423,
        1.2354369965779184,
        1.2358223931010517,
        1.2330126978826812,
        1.2364732441392656,
        1.235732040967208,
        1.2347609681560685,
        1.2345954551217388,
        1.2343428885675827,
        1.2362800272720809,
        1.2379265999717863
    ],
    "val_accs": [
        0.1508,
        0.2259,
        0.3051,
        0.3439,
        0.3649,
        0.3903,
        0.41,
        0.4214,
        0.4322,
        0.4401,
        0.4491,
        0.4589,
        0.4653,
        0.4672,
        0.4734,
        0.4808,
        0.4846,
        0.4925,
        0.4979,
        0.5009,
        0.5047,
        0.5094,
        0.5118,
        0.5101,
        0.5154,
        0.5198,
        0.5189,
        0.5191,
        0.5259,
        0.5282,
        0.5306,
        0.5291,
        0.529,
        0.5344,
        0.5338,
        0.5374,
        0.5388,
        0.5422,
        0.5423,
        0.5406,
        0.547,
        0.5465,
        0.5447,
        0.5467,
        0.55,
        0.5525,
        0.5503,
        0.5501,
        0.5505,
        0.5485,
        0.5522,
        0.5536,
        0.5506,
        0.5512,
        0.5525,
        0.5552,
        0.5543,
        0.5541,
        0.5559,
        0.5572,
        0.5532,
        0.5537,
        0.5559,
        0.5562,
        0.5591,
        0.5589,
        0.5604,
        0.5589,
        0.5565,
        0.5605,
        0.5596,
        0.5597,
        0.5649,
        0.5623,
        0.5583,
        0.5606,
        0.5617,
        0.5642,
        0.5617,
        0.5615,
        0.5616,
        0.5574,
        0.5575
    ],
    "hyperparameters": {
        "batch_size": 128,
        "learning_rate": 0.0005,
        "momentum": 0.9,
        "weight_decay": 0.0001,
        "optimizer": "adam",
        "early_stopping": true,
        "patience": 10
    },
    "runtime_info": {
        "total_training_time": 190.63211107254028,
        "avg_epoch_time": 2.2967724225607262,
        "timestamp": "2025-04-16 17:05:05"
    }
}