{
    "model_name": "lr0.0005_drop0.5_wd0.0001_h256_128",
    "features": [
        "GELU",
        "Adam"
    ],
    "accuracy": 0.5595,
    "precision": 0.5594605526420534,
    "recall": 0.5595,
    "f1_score": 0.557123540396729,
    "loss": 1.231204293777369,
    "inference_time": 0.13976693153381348,
    "timestamp": "2025-04-16 17:05:05"
}