{
    "model_name": "Adam_GELU_standard",
    "features": [
        "GELU",
        "Adam"
    ],
    "accuracy": 0.4843,
    "precision": 0.5239729905133386,
    "recall": 0.4843,
    "f1_score": 0.4883037805443776,
    "loss": 1.4396782056738175,
    "inference_time": 0.143082857131958,
    "timestamp": "2025-04-12 21:09:27"
}