{
    "model_name": "Adam_GELU_standard",
    "features": [
        "GELU",
        "Adam"
    ],
    "epochs": 38,
    "best_epoch": 28,
    "best_val_acc": 0.4902,
    "training_time": 94.02181506156921,
    "train_losses": [
        2.1271119233093088,
        1.822075054037705,
        1.7372212080836786,
        1.6825121255447872,
        1.6506794387015415,
        1.623981850576857,
        1.6042260781611426,
        1.590533068609171,
        1.5819246796897917,
        1.5668438732781504,
        1.562991290738472,
        1.5573082927687667,
        1.5468959320549984,
        1.5383861187712586,
        1.5311918232073756,
        1.537520594901098,
        1.5234970019718517,
        1.5243812919734891,
        1.5204113118434397,
        1.5186166166615918,
        1.5194094292600309,
        1.5043228705312408,
        1.5111588911357647,
        1.5048059607269746,
        1.4922782971061832,
        1.4989988644201966,
        1.4959917162678933,
        1.4949034361798836,
        1.48368763426602,
        1.4942426404353484,
        1.486049253870482,
        1.490261326584067,
        1.4818937466586137,
        1.479678897003334,
        1.4839897474674697,
        1.4827602032253115,
        1.478147746262123,
        1.4775002824542938
    ],
    "val_losses": [
        1.775133841035477,
        1.6334156488683071,
        1.5757032412986451,
        1.5500271461866324,
        1.514529135158844,
        1.49738263397761,
        1.4918638588840234,
        1.4892437386783444,
        1.4681937521231354,
        1.487586053460521,
        1.4899822055746499,
        1.466788815644622,
        1.475726471923212,
        1.4618180677768344,
        1.4590178496381623,
        1.4571544422561145,
        1.4744087347456705,
        1.4656693715379314,
        1.4596596187619197,
        1.445812638332507,
        1.455025433334136,
        1.459994786025809,
        1.4598818416278367,
        1.4505871362970137,
        1.4598208442876415,
        1.4614253813472102,
        1.4555822589530945,
        1.4311081491563094,
        1.467183899967488,
        1.4587751638021487,
        1.4579544697507307,
        1.465970845396237,
        1.4522544313517263,
        1.454223705893573,
        1.4604436855588776,
        1.4624130997467422,
        1.4593498160823386,
        1.447340754676116
    ],
    "val_accs": [
        0.3671,
        0.4217,
        0.4345,
        0.4473,
        0.4471,
        0.4696,
        0.4678,
        0.4736,
        0.4728,
        0.4729,
        0.4652,
        0.4699,
        0.4776,
        0.4795,
        0.4804,
        0.4851,
        0.4756,
        0.4832,
        0.4841,
        0.4888,
        0.4786,
        0.4819,
        0.4771,
        0.482,
        0.4808,
        0.4763,
        0.4739,
        0.4902,
        0.4696,
        0.4778,
        0.4792,
        0.4709,
        0.4732,
        0.4701,
        0.4789,
        0.4797,
        0.4677,
        0.4796
    ],
    "hyperparameters": {
        "batch_size": 128,
        "learning_rate": 0.005,
        "momentum": 0.9,
        "weight_decay": 0.0001,
        "optimizer": "adam",
        "early_stopping": true,
        "patience": 10
    },
    "runtime_info": {
        "total_training_time": 94.02181506156921,
        "avg_epoch_time": 2.4742582910939266,
        "timestamp": "2025-04-12 21:09:27"
    }
}