{
    "model_name": "Adam_GELU_standard",
    "features": [
        "GELU",
        "Adam"
    ],
    "epochs": 30,
    "best_epoch": 20,
    "best_val_acc": 0.4866,
    "training_time": 82.41702699661255,
    "train_losses": [
        2.1125106243056035,
        1.813790778937415,
        1.7373819312634926,
        1.6858214023901905,
        1.6520635568565332,
        1.627922084242542,
        1.6099557503922923,
        1.5964497800172341,
        1.5814365988450545,
        1.571258057664121,
        1.5707960310671505,
        1.5589246839381323,
        1.5510639745248416,
        1.548180922843206,
        1.5350680762792983,
        1.5335076760780921,
        1.535210723722194,
        1.52202630593933,
        1.525646833786456,
        1.516521884838368,
        1.510789964900807,
        1.5094077731331201,
        1.5045970037930119,
        1.5075116140405436,
        1.5018019974552967,
        1.4943701810324996,
        1.5020828857097972,
        1.4893972719814983,
        1.4903055580702667,
        1.483741660149313
    ],
    "val_losses": [
        1.7559468996930325,
        1.6338944132248452,
        1.5795169656217407,
        1.545287832557347,
        1.534428734470318,
        1.502538964826592,
        1.4879513553235033,
        1.4655284895747487,
        1.4754272160884743,
        1.473007606741647,
        1.4647891154729376,
        1.4624163720143584,
        1.472725716756585,
        1.4574489304357505,
        1.4461389192459693,
        1.4613485857758446,
        1.464561597515501,
        1.460362326832574,
        1.452542345874044,
        1.4444491106475417,
        1.4608840467447592,
        1.4517046964225457,
        1.4547307618056469,
        1.4700509605341596,
        1.4544967610885333,
        1.4603948295663853,
        1.4668463648138543,
        1.472650896974719,
        1.4464152909816705,
        1.4493469383060607
    ],
    "val_accs": [
        0.3683,
        0.4143,
        0.4252,
        0.4507,
        0.4482,
        0.4608,
        0.4764,
        0.4778,
        0.4781,
        0.4765,
        0.4767,
        0.4777,
        0.4744,
        0.4816,
        0.484,
        0.4844,
        0.4794,
        0.477,
        0.4795,
        0.4866,
        0.4703,
        0.4856,
        0.4749,
        0.4703,
        0.4694,
        0.4813,
        0.469,
        0.472,
        0.4795,
        0.4858
    ],
    "hyperparameters": {
        "batch_size": 128,
        "learning_rate": 0.005,
        "momentum": 0.9,
        "weight_decay": 1e-05,
        "optimizer": "adam",
        "early_stopping": true,
        "patience": 10
    },
    "runtime_info": {
        "total_training_time": 82.41702699661255,
        "avg_epoch_time": 2.7472342332204183,
        "timestamp": "2025-04-12 21:07:51"
    }
}