{
    "model_name": "Adam_GELU_standard",
    "features": [
        "GELU",
        "Adam"
    ],
    "accuracy": 0.4836,
    "precision": 0.5421699922203934,
    "recall": 0.4836,
    "f1_score": 0.49144800079791695,
    "loss": 1.4326901785225965,
    "inference_time": 0.1587069034576416,
    "timestamp": "2025-04-12 21:07:51"
}