{
    "model_name": "Adam_BatchNorm_GELU_standard",
    "features": [
        "GELU",
        "Adam",
        "BatchNorm"
    ],
    "accuracy": 0.1365,
    "precision": 0.14982861436575662,
    "recall": 0.1365,
    "f1_score": 0.10732523171026309,
    "loss": 2.254294442356354,
    "inference_time": 0.07951092720031738,
    "timestamp": "2025-04-12 19:26:54"
}