{
    "model_name": "Adam_BatchNorm_GELU_standard",
    "features": [
        "GELU",
        "Adam",
        "BatchNorm"
    ],
    "epochs": 11,
    "best_epoch": 1,
    "best_val_acc": 0.141,
    "training_time": 15.718855142593384,
    "train_losses": [
        2.4195005059746983,
        2.057492079454143,
        2.0271537825005144,
        2.224435718562857,
        2.282589739430182,
        2.2843451971378936,
        2.2887635480399036,
        2.2911435521217776,
        2.292703363847986,
        2.2938679019722703,
        2.2950589566812116
    ],
    "val_losses": [
        2.2544853979317834,
        2.3026985214360636,
        2.340285971246287,
        2.3213608724122845,
        2.3125690172063806,
        2.3093306732660204,
        2.3084253030548503,
        2.307819353009735,
        2.3070555220622118,
        2.307138715053437,
        2.3065340375318955
    ],
    "val_accs": [
        0.141,
        0.0963,
        0.0825,
        0.0895,
        0.0643,
        0.0989,
        0.1019,
        0.1023,
        0.0977,
        0.1022,
        0.1022
    ],
    "hyperparameters": {
        "batch_size": 128,
        "learning_rate": 0.001,
        "momentum": 0.9,
        "weight_decay": 0.0001,
        "optimizer": "adam",
        "early_stopping": true,
        "patience": 10
    },
    "runtime_info": {
        "total_training_time": 15.718855142593384,
        "avg_epoch_time": 1.428986831144853,
        "timestamp": "2025-04-12 19:26:53"
    }
}