{
    "model_name": "Adam_GELU_standard",
    "features": [
        "GELU",
        "Adam"
    ],
    "accuracy": 0.565,
    "precision": 0.5666199650607581,
    "recall": 0.565,
    "f1_score": 0.5630170217564868,
    "loss": 1.217224685283491,
    "inference_time": 0.27544522285461426,
    "timestamp": "2025-04-13 17:46:10"
}