{
    "model_name": "Adam_GELU_standard",
    "features": [
        "GELU",
        "Adam"
    ],
    "epochs": 50,
    "best_epoch": 40,
    "best_val_acc": 0.5704,
    "training_time": 233.46844506263733,
    "train_losses": [
        2.5983306883387782,
        2.0848368243466804,
        1.9094428382778443,
        1.818455379006388,
        1.7554608790485862,
        1.703051506454871,
        1.6547791909136438,
        1.6128659140106252,
        1.580089897705278,
        1.5473156101816299,
        1.5175725701907303,
        1.4904459199819302,
        1.465149322333573,
        1.4383803895366916,
        1.4122256404990206,
        1.3970059442645342,
        1.3739880140781116,
        1.3567076980669532,
        1.3376112623562382,
        1.326449396695603,
        1.3029298323404743,
        1.2922851877833264,
        1.2808053339029375,
        1.2618433149761823,
        1.2499470429651651,
        1.237493512991598,
        1.221159450987982,
        1.211892015399786,
        1.1956834573035915,
        1.1953681864431431,
        1.1754180579682036,
        1.1670287787231493,
        1.169582460977433,
        1.1540369727206032,
        1.1410351043676288,
        1.135905379198163,
        1.1296064917956667,
        1.1202600467059542,
        1.1059272451096458,
        1.102143063972844,
        1.0957772865695732,
        1.0933772358717513,
        1.090472774913247,
        1.081991470322618,
        1.0756395495394093,
        1.0662865872076133,
        1.0598083350144958,
        1.0532021395253,
        1.0499844974651436,
        1.0455199772689336
    ],
    "val_losses": [
        2.148204307073515,
        1.8844440637851902,
        1.7689889695151149,
        1.6998094881785653,
        1.6438098101840697,
        1.6079499125818193,
        1.5609820703404378,
        1.5237478279064165,
        1.500932725821217,
        1.4735978068576479,
        1.4619335176838781,
        1.428611684716127,
        1.4157758024593277,
        1.4015072550603451,
        1.37799115439315,
        1.3563866233814479,
        1.3534111986517716,
        1.3401935777370264,
        1.32528483888363,
        1.3165931038725256,
        1.308858306755697,
        1.3023628385748351,
        1.2943453054011942,
        1.287791060719155,
        1.283219076050499,
        1.2752642241942882,
        1.2692753460876376,
        1.2652869680402232,
        1.2546198259348738,
        1.2550980574150779,
        1.244681256784405,
        1.244569695882618,
        1.2372232698423453,
        1.2345919266350605,
        1.2304388328729416,
        1.227477815714874,
        1.2307568031542748,
        1.226468779210071,
        1.2225162061357957,
        1.218648485905449,
        1.2214256810508113,
        1.2165155638112273,
        1.2163135144435033,
        1.2144080018711392,
        1.2131610329290736,
        1.2087441678769029,
        1.206312066849817,
        1.2103904471939477,
        1.211732707568125,
        1.2059505037028384
    ],
    "val_accs": [
        0.2436,
        0.3476,
        0.3909,
        0.4023,
        0.429,
        0.4395,
        0.4533,
        0.4656,
        0.4776,
        0.489,
        0.492,
        0.501,
        0.5001,
        0.5098,
        0.5163,
        0.5258,
        0.5273,
        0.5297,
        0.5342,
        0.536,
        0.5342,
        0.5384,
        0.5402,
        0.5441,
        0.543,
        0.5482,
        0.549,
        0.5541,
        0.552,
        0.5581,
        0.559,
        0.5568,
        0.5636,
        0.5644,
        0.5641,
        0.5652,
        0.5607,
        0.5616,
        0.567,
        0.5704,
        0.5689,
        0.5704,
        0.5692,
        0.5697,
        0.5702,
        0.5686,
        0.5699,
        0.5663,
        0.5666,
        0.5697
    ],
    "hyperparameters": {
        "batch_size": 128,
        "learning_rate": 0.0005,
        "momentum": 0.9,
        "weight_decay": 0.0001,
        "optimizer": "adam",
        "early_stopping": true,
        "patience": 10
    },
    "runtime_info": {
        "total_training_time": 233.46844506263733,
        "avg_epoch_time": 4.669368901252747,
        "timestamp": "2025-04-13 17:46:10"
    }
}