{
    "model_name": "Adam_GELU_standard",
    "features": [
        "GELU",
        "Adam"
    ],
    "epochs": 53,
    "best_epoch": 43,
    "best_val_acc": 0.5775,
    "training_time": 436.3682301044464,
    "train_losses": [
        2.466316540802021,
        1.973702048435893,
        1.8216710541074586,
        1.7313111953029081,
        1.6759439321724403,
        1.624418308532242,
        1.570044577170052,
        1.5272227834851453,
        1.486359651766815,
        1.4561902743001367,
        1.426366257133126,
        1.4044152803382566,
        1.381443141515812,
        1.353683127055328,
        1.3345967004844912,
        1.312630851327747,
        1.2981071328982854,
        1.2786715246317673,
        1.2591584264088038,
        1.2449533965983002,
        1.233766345493653,
        1.2210930509840514,
        1.2034640312105236,
        1.1894310511720858,
        1.1814692882448412,
        1.1690662885429701,
        1.1534259764770354,
        1.1473249420333016,
        1.1426475612658231,
        1.127357087500466,
        1.113023493091686,
        1.1106092898384208,
        1.1044925699721477,
        1.0982487368716636,
        1.0886867812089647,
        1.080675649339395,
        1.0720297725173111,
        1.0664589964764941,
        1.0606328470334858,
        1.0607922755513104,
        1.048671453955806,
        1.0393853833295252,
        1.036635637836251,
        1.0240443411833533,
        1.0272783220561288,
        1.0233294168280702,
        1.0172460753753167,
        1.0128039215957148,
        1.0050880307543173,
        1.0079565466242737,
        0.9981603214770749,
        0.9900754787719358,
        0.9834119458039141
    ],
    "val_losses": [
        2.011667650251128,
        1.793383293924699,
        1.698784854480425,
        1.6325249774842991,
        1.5725131984123994,
        1.5309478442612705,
        1.4875053226420127,
        1.4544417756448387,
        1.4323296120709816,
        1.4030651157360905,
        1.3931515258062952,
        1.3730710443334795,
        1.3496221632083987,
        1.330629733690591,
        1.3225060551639631,
        1.3224048631753655,
        1.3034611119222117,
        1.2921891834198242,
        1.2851284179336857,
        1.2801002219833202,
        1.2707026471118648,
        1.2637778746413486,
        1.2614157415732847,
        1.2494450810984392,
        1.246526786497991,
        1.245926466218469,
        1.2394915007521152,
        1.2395380039902324,
        1.2301262805531459,
        1.2286704654590777,
        1.2296488249408568,
        1.2227267996020619,
        1.2275235211493276,
        1.223577310866745,
        1.221646144605054,
        1.2180187019506103,
        1.2252698151481367,
        1.21674920046069,
        1.2212226970366813,
        1.21719703022846,
        1.2127892392513893,
        1.2161393499767073,
        1.2135038663462603,
        1.2119268747022982,
        1.2153371020272679,
        1.2142021238206389,
        1.2135429850726884,
        1.20886187060952,
        1.2077038609304314,
        1.213303207702754,
        1.209161762209023,
        1.211079444316233,
        1.209241779377217
    ],
    "val_accs": [
        0.3019,
        0.3784,
        0.4172,
        0.4355,
        0.4493,
        0.4703,
        0.4861,
        0.4931,
        0.4989,
        0.507,
        0.5129,
        0.5139,
        0.5286,
        0.5324,
        0.5372,
        0.5317,
        0.5399,
        0.5417,
        0.5466,
        0.5486,
        0.5493,
        0.5546,
        0.5483,
        0.5587,
        0.5569,
        0.5612,
        0.5603,
        0.5591,
        0.5677,
        0.5633,
        0.562,
        0.5675,
        0.5621,
        0.5689,
        0.5689,
        0.57,
        0.5669,
        0.5723,
        0.5709,
        0.5723,
        0.5754,
        0.571,
        0.5775,
        0.5753,
        0.5737,
        0.5731,
        0.5739,
        0.5742,
        0.5758,
        0.5718,
        0.5721,
        0.5767,
        0.5761
    ],
    "hyperparameters": {
        "batch_size": 64,
        "learning_rate": 0.0005,
        "momentum": 0.9,
        "weight_decay": 0.0001,
        "optimizer": "adam",
        "early_stopping": true,
        "patience": 10
    },
    "runtime_info": {
        "total_training_time": 436.3682301044464,
        "avg_epoch_time": 8.233362832159367,
        "timestamp": "2025-04-16 10:08:03"
    }
}