{
    "model_name": "Adam_GELU_standard",
    "features": [
        "GELU",
        "Adam"
    ],
    "accuracy": 0.5556,
    "precision": 0.5586107577958137,
    "recall": 0.5556,
    "f1_score": 0.5529798127889078,
    "loss": 1.2268706838217942,
    "inference_time": 0.14765429496765137,
    "timestamp": "2025-04-13 17:18:08"
}