{
    "model_name": "Adam_GELU_standard",
    "features": [
        "GELU",
        "Adam"
    ],
    "epochs": 82,
    "best_epoch": 72,
    "best_val_acc": 0.5649,
    "training_time": 209.41213631629944,
    "train_losses": [
        2.6168874520754364,
        2.1644546906911426,
        1.9888399023456544,
        1.8739321630116625,
        1.800088819128693,
        1.7417570071090942,
        1.6979141997923322,
        1.6621711076172447,
        1.6237296620922856,
        1.595039504331636,
        1.5642869170520923,
        1.5371472986298014,
        1.5096745012244934,
        1.4898130815897987,
        1.4721973012494696,
        1.4473672089336407,
        1.4328158862952527,
        1.4221672597487305,
        1.4083851642872858,
        1.3924113322547773,
        1.3743639493520508,
        1.3654429041268936,
        1.3614974952083585,
        1.3446886989650244,
        1.3353003400742718,
        1.3316997018486325,
        1.3245928479158855,
        1.3084587485521062,
        1.3066888906801024,
        1.2968821993287019,
        1.2911879686902843,
        1.2864265894246285,
        1.2779380837211527,
        1.274791741117863,
        1.2608234291748746,
        1.262442526614995,
        1.2594351180245416,
        1.2548798649749326,
        1.2508807420185255,
        1.2490873577733552,
        1.243579368125874,
        1.2344972085157044,
        1.2315147477951638,
        1.234652016538003,
        1.2341317606260687,
        1.2222083809404698,
        1.2163768394557324,
        1.217302629355519,
        1.2170770498825185,
        1.2135406824688717,
        1.2040207171312094,
        1.208246344408055,
        1.2059000374589197,
        1.2004166935741172,
        1.1962929489953562,
        1.1934910314639615,
        1.1948495638755765,
        1.1887626874565735,
        1.1891832603010246,
        1.1863153328263503,
        1.186441209258337,
        1.1816892856886985,
        1.183211629322563,
        1.1821688949742868,
        1.1757862172497735,
        1.1801121696350265,
        1.1728310680034755,
        1.1696013063348822,
        1.1684076635656648,
        1.1694235978618315,
        1.1703373835247497,
        1.1687339842581286,
        1.1661783684341567,
        1.162060494451678,
        1.1643259694412775,
        1.1616819781099206,
        1.1575822930487745,
        1.16106480363412,
        1.152191285657806,
        1.1569681905812028,
        1.1584751665340605,
        1.15608330288033
    ],
    "val_losses": [
        2.2362890662598742,
        1.9761864040599317,
        1.8204128822402443,
        1.7392683038072485,
        1.6720029888869237,
        1.6249652664277936,
        1.5918382603851426,
        1.5542233235775522,
        1.5239196465950182,
        1.4952546326661085,
        1.4683004433507065,
        1.4451680097223634,
        1.4165398704481689,
        1.408097901454402,
        1.3913787284565517,
        1.3735980313501905,
        1.361968059917364,
        1.3493272986928233,
        1.3448460990919295,
        1.3302681461977628,
        1.3212760796838807,
        1.3134503112944906,
        1.3065268472955265,
        1.2972787514012813,
        1.2927472406444303,
        1.2910278840455918,
        1.2850800309025052,
        1.2794502617883885,
        1.2772687090641872,
        1.2733951883609655,
        1.2737735926062015,
        1.2696366793086382,
        1.2641284721192483,
        1.259309923786152,
        1.258327109380575,
        1.256816929008506,
        1.2552575213155723,
        1.2521665690754438,
        1.2510170513776666,
        1.2512775447936215,
        1.2495242656120198,
        1.2467133722920303,
        1.2462637443904083,
        1.2440178122525856,
        1.2471884056843,
        1.2414342792099964,
        1.2428553161999008,
        1.2390277407617425,
        1.240574832786851,
        1.238001579120618,
        1.2364772569985152,
        1.2383409759729402,
        1.2374523813298384,
        1.2371394788450583,
        1.2330042437731834,
        1.2358589864500253,
        1.2353781890489133,
        1.2319825071139208,
        1.2349141071099212,
        1.233154912339607,
        1.2349288606937905,
        1.2339413348837887,
        1.2321812577840998,
        1.2330539115016983,
        1.2334119590634072,
        1.2337259883589404,
        1.2355848549012385,
        1.2304579506776885,
        1.2331766519699665,
        1.235327948607046,
        1.2339610939203074,
        1.2370061293244086,
        1.2336804143566522,
        1.2341677656243755,
        1.2325320367613337,
        1.2344797594716115,
        1.2327667838745977,
        1.2327836243832382,
        1.2323607419217322,
        1.2331217920590778,
        1.2342640958461386,
        1.2355409241466984
    ],
    "val_accs": [
        0.1801,
        0.3017,
        0.3628,
        0.3934,
        0.4167,
        0.4293,
        0.4436,
        0.461,
        0.4634,
        0.4739,
        0.484,
        0.4905,
        0.4955,
        0.4989,
        0.5043,
        0.5086,
        0.5128,
        0.5187,
        0.52,
        0.5283,
        0.5283,
        0.5331,
        0.5355,
        0.5389,
        0.5378,
        0.5378,
        0.5431,
        0.5431,
        0.5476,
        0.5472,
        0.5481,
        0.5489,
        0.5525,
        0.5526,
        0.5552,
        0.5511,
        0.5543,
        0.5551,
        0.5538,
        0.5566,
        0.5555,
        0.5596,
        0.5588,
        0.5582,
        0.5584,
        0.5596,
        0.5584,
        0.5607,
        0.5585,
        0.5588,
        0.5603,
        0.5596,
        0.5591,
        0.5614,
        0.5603,
        0.5574,
        0.5613,
        0.5609,
        0.5592,
        0.5595,
        0.5613,
        0.5602,
        0.5635,
        0.5636,
        0.5615,
        0.5611,
        0.5623,
        0.5617,
        0.5607,
        0.5613,
        0.5624,
        0.5649,
        0.5634,
        0.5619,
        0.562,
        0.5621,
        0.5615,
        0.5645,
        0.5629,
        0.5635,
        0.5627,
        0.5628
    ],
    "hyperparameters": {
        "batch_size": 64,
        "learning_rate": 0.0005,
        "momentum": 0.9,
        "weight_decay": 0.0001,
        "optimizer": "adam",
        "early_stopping": true,
        "patience": 10
    },
    "runtime_info": {
        "total_training_time": 209.41213631629944,
        "avg_epoch_time": 2.553806540442676,
        "timestamp": "2025-04-13 17:18:08"
    }
}