{
    "model_name": "Adam_GELU_standard",
    "features": [
        "GELU",
        "Adam"
    ],
    "epochs": 74,
    "best_epoch": 64,
    "best_val_acc": 0.5597,
    "training_time": 176.74645495414734,
    "train_losses": [
        2.7697362214940697,
        2.250954390724836,
        2.095552405010889,
        1.9806368659112523,
        1.9064055847638612,
        1.8469402951885314,
        1.7974437150419116,
        1.7614629271602533,
        1.7283173894250432,
        1.6966132683948658,
        1.6625447980550223,
        1.6388263977387272,
        1.6153759866791706,
        1.5863193512872058,
        1.5720843779111113,
        1.5483977648878962,
        1.5233908244439298,
        1.508214288081509,
        1.4922253462056205,
        1.477644860429515,
        1.463273196619529,
        1.4494153814365873,
        1.4351527394928631,
        1.4252638335817724,
        1.4111421776418587,
        1.3978151496116087,
        1.3925915340424595,
        1.3743637391426673,
        1.3708531706327043,
        1.3637527356928159,
        1.3529158810120578,
        1.345691386131876,
        1.3371970703946388,
        1.3283875145254636,
        1.321066332098535,
        1.3178836609926956,
        1.3067214489284715,
        1.3069112125252158,
        1.3029366430237153,
        1.289394173375255,
        1.2831526008679088,
        1.2802199114516293,
        1.2709817018989706,
        1.2732381244076953,
        1.26585016560975,
        1.2602883493698744,
        1.2525549294568925,
        1.2573981716662592,
        1.2452547154215543,
        1.2423834494921264,
        1.2409308572223932,
        1.2332817443839668,
        1.2339380592523244,
        1.2333247615563667,
        1.2294374797229932,
        1.2258969014756744,
        1.2251482507990685,
        1.2203935147324616,
        1.2166948791138918,
        1.2139249855195922,
        1.2109358748027756,
        1.2099820522048992,
        1.2067723017701955,
        1.207450082977725,
        1.2043641487207577,
        1.2002053637946404,
        1.1902543645731354,
        1.1883359032983767,
        1.190710101366033,
        1.1907972060405394,
        1.1918210194933172,
        1.1869631088375787,
        1.1832438660671603,
        1.1767012777068382
    ],
    "val_losses": [
        2.257314227080231,
        2.1147056007989,
        1.9387737838591268,
        1.8403247071616744,
        1.7664097574366568,
        1.7241565421467393,
        1.6793896908134258,
        1.6446894818679727,
        1.6185625455779444,
        1.589219426616142,
        1.5633078804950602,
        1.536316263528052,
        1.5152575513245568,
        1.4930780103592,
        1.4734233890543325,
        1.4541492569455328,
        1.4402932033107736,
        1.4286132100078885,
        1.4100073996762705,
        1.3971232153959605,
        1.3852650000234292,
        1.3763959005127053,
        1.3673818742247008,
        1.3595864929188828,
        1.3501519854680935,
        1.3407492638494798,
        1.339845189460879,
        1.3299083817073458,
        1.3248325105981644,
        1.3186225611142326,
        1.3124747850626652,
        1.3088783193540094,
        1.3030994898343349,
        1.2974958242717518,
        1.294101554344117,
        1.2898382691888797,
        1.2875337489775809,
        1.283579223447759,
        1.2809774633121134,
        1.2789462874310764,
        1.2766816224431414,
        1.275904640556045,
        1.2721144907388837,
        1.270137916328755,
        1.2668784518358902,
        1.2679354166568217,
        1.2666817357653086,
        1.264348803023461,
        1.2614935736022792,
        1.25949234079618,
        1.2599607162614603,
        1.2587726073998182,
        1.256000614993953,
        1.256803416029876,
        1.256238496747585,
        1.2516373843029263,
        1.2503052839975746,
        1.2516876970454704,
        1.251300903208596,
        1.2518707749578935,
        1.2488155067061493,
        1.2484982870881964,
        1.2481122670413276,
        1.2468262072142478,
        1.2463852080941473,
        1.246104374599032,
        1.2467918206264565,
        1.2470251839970348,
        1.2460562312599675,
        1.2435971300791586,
        1.2448040897872859,
        1.245158627578766,
        1.2419136815086491,
        1.2424881270283101
    ],
    "val_accs": [
        0.1666,
        0.2273,
        0.3082,
        0.3502,
        0.3826,
        0.3943,
        0.4101,
        0.4247,
        0.4272,
        0.4385,
        0.4475,
        0.4558,
        0.4642,
        0.4708,
        0.4779,
        0.4862,
        0.4868,
        0.4963,
        0.4999,
        0.5018,
        0.5049,
        0.5111,
        0.5167,
        0.5175,
        0.5231,
        0.5242,
        0.5238,
        0.5276,
        0.5322,
        0.5357,
        0.5337,
        0.5365,
        0.5365,
        0.54,
        0.5391,
        0.5428,
        0.5424,
        0.5427,
        0.5441,
        0.5423,
        0.5436,
        0.5444,
        0.5458,
        0.5473,
        0.5489,
        0.5474,
        0.549,
        0.5499,
        0.549,
        0.5499,
        0.5511,
        0.5504,
        0.5487,
        0.5492,
        0.5497,
        0.5563,
        0.5537,
        0.5553,
        0.5544,
        0.5534,
        0.5551,
        0.5539,
        0.5572,
        0.5597,
        0.5567,
        0.5559,
        0.5553,
        0.5575,
        0.5571,
        0.5578,
        0.5588,
        0.5585,
        0.5566,
        0.5568
    ],
    "hyperparameters": {
        "batch_size": 128,
        "learning_rate": 0.0005,
        "momentum": 0.9,
        "weight_decay": 0.0001,
        "optimizer": "adam",
        "early_stopping": true,
        "patience": 10
    },
    "runtime_info": {
        "total_training_time": 176.74645495414734,
        "avg_epoch_time": 2.3884656074884774,
        "timestamp": "2025-04-13 00:43:46"
    }
}