{
    "model_name": "Adam_BatchNorm_GELU_standard",
    "features": [
        "GELU",
        "Adam",
        "BatchNorm"
    ],
    "accuracy": 0.2525,
    "precision": 0.3453899613325951,
    "recall": 0.2525,
    "f1_score": 0.22417397855176555,
    "loss": 2.0667366625763104,
    "inference_time": 0.40782880783081055,
    "timestamp": "2025-04-13 13:04:28"
}