{
    "model_name": "Adam_GELU_standard",
    "features": [
        "GELU",
        "Adam"
    ],
    "accuracy": 0.554,
    "precision": 0.5571927951125284,
    "recall": 0.554,
    "f1_score": 0.5536724394152494,
    "loss": 1.3362920445841142,
    "inference_time": 0.5381491184234619,
    "timestamp": "2025-04-13 13:56:01"
}