{
    "model_name": "Adam_GELU_standard",
    "features": [
        "GELU",
        "Adam"
    ],
    "epochs": 56,
    "best_epoch": 46,
    "best_val_acc": 0.5598,
    "training_time": 346.8205370903015,
    "train_losses": [
        2.2412169004049094,
        1.7987009974485726,
        1.6544371373544808,
        1.5561813334237649,
        1.4723332955989492,
        1.4129907893063898,
        1.3562845056562942,
        1.3152775311062253,
        1.2645078475737612,
        1.2320571477015054,
        1.1921734027075106,
        1.1674559520050496,
        1.1394708084673468,
        1.1105640690937426,
        1.086240897022934,
        1.0598071832992333,
        1.036951410194854,
        1.0212894217187283,
        0.9968545853459653,
        0.9738899664214092,
        0.9558905314107482,
        0.9463683178170552,
        0.9285675427217265,
        0.9122589105588939,
        0.8960754619478492,
        0.8814626540074476,
        0.8721633260878214,
        0.8553364769561509,
        0.8451262949397544,
        0.8348589448630651,
        0.8184899381089311,
        0.8088544781045169,
        0.7942133986862298,
        0.7901596277677557,
        0.7791204516302662,
        0.7760567203631537,
        0.7556835702274863,
        0.7526533932232312,
        0.7471973174371238,
        0.7281042255548832,
        0.7229088888175479,
        0.7119893553982942,
        0.7112217664616466,
        0.709569850534388,
        0.701593291606329,
        0.6873108161845333,
        0.6845519715222197,
        0.6719037941736825,
        0.6743619157880013,
        0.6596155187890825,
        0.6598723542519438,
        0.6494264388824482,
        0.6493283788343316,
        0.6406669714673476,
        0.6450667147761622,
        0.6357136931525196
    ],
    "val_losses": [
        1.8010030597146316,
        1.6479606189573492,
        1.5705482406808688,
        1.5050979125291546,
        1.4533208141798444,
        1.4171194775280802,
        1.391166484406,
        1.3643761225040065,
        1.3447590257565243,
        1.3341837628160764,
        1.3273255003577622,
        1.3216157072984722,
        1.3139254437574095,
        1.2998738431156012,
        1.2936033583537214,
        1.291279248374095,
        1.289516775905145,
        1.286167035336789,
        1.2819198252191166,
        1.280684070326984,
        1.2767872148874626,
        1.281478232467682,
        1.2779074956319811,
        1.2823118635283233,
        1.2893603978650403,
        1.2884368567926028,
        1.2867394237192071,
        1.286747702294868,
        1.2916603729793918,
        1.2899969121133432,
        1.2973114168590796,
        1.2947621552225774,
        1.299661368261686,
        1.29923466360992,
        1.3118902131694918,
        1.306579824750712,
        1.3138401375584767,
        1.3134251610496814,
        1.3163111604604874,
        1.3191062362448418,
        1.3288167572565877,
        1.3270566474023968,
        1.327658251740375,
        1.3340348442538568,
        1.3347325197626814,
        1.3408319480677688,
        1.351462738516048,
        1.3475361803634833,
        1.3570035556595816,
        1.3517709410600618,
        1.3590292315394679,
        1.3715501353058963,
        1.3656810378642859,
        1.3751179227803747,
        1.3755603330613295,
        1.3805629961059167
    ],
    "val_accs": [
        0.3712,
        0.4255,
        0.4506,
        0.4749,
        0.4966,
        0.5046,
        0.5122,
        0.5219,
        0.5268,
        0.5292,
        0.5294,
        0.5354,
        0.5352,
        0.5409,
        0.5454,
        0.5406,
        0.5456,
        0.5452,
        0.5484,
        0.5509,
        0.5509,
        0.551,
        0.5504,
        0.5521,
        0.5464,
        0.5482,
        0.5478,
        0.5525,
        0.5515,
        0.5525,
        0.5528,
        0.5541,
        0.5546,
        0.5557,
        0.5506,
        0.5542,
        0.5554,
        0.5563,
        0.5541,
        0.5559,
        0.5542,
        0.5567,
        0.5541,
        0.5542,
        0.555,
        0.5598,
        0.5544,
        0.559,
        0.5524,
        0.5532,
        0.5548,
        0.5514,
        0.5513,
        0.5546,
        0.5556,
        0.5573
    ],
    "hyperparameters": {
        "batch_size": 128,
        "learning_rate": 0.0005,
        "momentum": 0.9,
        "weight_decay": 0.0001,
        "optimizer": "adam",
        "early_stopping": true,
        "patience": 10
    },
    "runtime_info": {
        "total_training_time": 346.8205370903015,
        "avg_epoch_time": 6.193223876612527,
        "timestamp": "2025-04-13 14:22:09"
    }
}