{
    "model_name": "Adam_GELU_standard",
    "features": [
        "GELU",
        "Adam"
    ],
    "accuracy": 0.5485,
    "precision": 0.5491318187397453,
    "recall": 0.5485,
    "f1_score": 0.5469352045721309,
    "loss": 1.3374739795735526,
    "inference_time": 0.4434819221496582,
    "timestamp": "2025-04-13 14:22:10"
}