{
    "model_name": "Adam_BatchNorm_GELU_standard",
    "features": [
        "GELU",
        "Adam",
        "BatchNorm"
    ],
    "accuracy": 0.1153,
    "precision": 0.1977466014502918,
    "recall": 0.1153,
    "f1_score": 0.08215849609646374,
    "loss": 2.2970082493802404,
    "inference_time": 0.04494309425354004,
    "timestamp": "2025-04-12 19:26:36"
}