{
    "model_name": "Adam_BatchNorm_GELU_standard",
    "features": [
        "GELU",
        "Adam",
        "BatchNorm"
    ],
    "epochs": 11,
    "best_epoch": 1,
    "best_val_acc": 0.113,
    "training_time": 9.088181018829346,
    "train_losses": [
        2.5279527290216093,
        2.2110039726041015,
        2.1852030551487363,
        2.2420660367677256,
        2.3069791529541592,
        2.2903454745932783,
        2.295889635437758,
        2.2978220036263743,
        2.2956490428977623,
        2.296297747865458,
        2.295618559832074
    ],
    "val_losses": [
        2.2989740029567836,
        2.310336385515507,
        2.301811087578871,
        2.330759770053927,
        2.316693673864974,
        2.3115415014231453,
        2.3089856304187997,
        2.3077231362871955,
        2.3063294856746706,
        2.3060667719438652,
        2.3072626994128047
    ],
    "val_accs": [
        0.113,
        0.1019,
        0.1026,
        0.0857,
        0.1013,
        0.1022,
        0.1033,
        0.0982,
        0.0977,
        0.0977,
        0.1014
    ],
    "hyperparameters": {
        "batch_size": 128,
        "learning_rate": 0.001,
        "momentum": 0.9,
        "weight_decay": 0.0001,
        "optimizer": "adam",
        "early_stopping": true,
        "patience": 10
    },
    "runtime_info": {
        "total_training_time": 9.088181018829346,
        "avg_epoch_time": 0.8261982744390314,
        "timestamp": "2025-04-12 19:26:36"
    }
}