{
    "model_name": "Adam_GELU_standard",
    "features": [
        "GELU",
        "Adam"
    ],
    "epochs": 97,
    "best_epoch": 87,
    "best_val_acc": 0.5838,
    "training_time": 606.1381030082703,
    "train_losses": [
        2.533660115913809,
        2.0606439034754653,
        1.9069553247702602,
        1.814920257857515,
        1.7524939438017626,
        1.6960169410951786,
        1.646796929268572,
        1.6051803238343625,
        1.5717846756893923,
        1.5372210323440438,
        1.5086958702208277,
        1.483257685124281,
        1.4545131864944592,
        1.4358226580553803,
        1.4106578075481064,
        1.3822922979743326,
        1.366983832420459,
        1.3439421761723918,
        1.326420605037283,
        1.312258963899919,
        1.2999491795380536,
        1.2828928341748478,
        1.2720131347950332,
        1.2628611768864377,
        1.2451159214922873,
        1.2349914516800278,
        1.227201926945151,
        1.2119502072877264,
        1.1998718312230159,
        1.1919171999943663,
        1.1820627381286721,
        1.1724692508441619,
        1.1561158312084396,
        1.1516754756807142,
        1.1407074828915191,
        1.1395965430845971,
        1.1300339311145486,
        1.11759636314105,
        1.1088699114499387,
        1.1121568803996478,
        1.087753549638738,
        1.089424286158305,
        1.0872848645899682,
        1.0773694483402594,
        1.0709504884477639,
        1.060374091230858,
        1.0577032963534168,
        1.0488361499905223,
        1.0492847950964974,
        1.0391713823435138,
        1.0363308358479395,
        1.0305747130324274,
        1.0257254724816316,
        1.0159532936758482,
        1.0215949993653284,
        1.0101326302694509,
        1.0142896205279144,
        1.0084846982305475,
        0.9945597808518285,
        0.9961636630957561,
        0.987782150993319,
        0.9962352015913781,
        0.9898012217196067,
        0.9781284036016774,
        0.9685400121464376,
        0.9680447505532849,
        0.9694727712255058,
        0.9656925461955151,
        0.9513693053839846,
        0.9642966534797726,
        0.9488180588479601,
        0.9495741330780259,
        0.9430108428905709,
        0.9489676919315767,
        0.9479177703889,
        0.9467623517597367,
        0.9372740861024044,
        0.9318600716193233,
        0.928493336473881,
        0.9331186544271388,
        0.9269268379695418,
        0.9281081892469252,
        0.9210591873226531,
        0.9205851028405627,
        0.922023164580135,
        0.9188913610029243,
        0.9097533565776635,
        0.9102768032253827,
        0.9057515024764486,
        0.8989035563620126,
        0.9020848467827625,
        0.8954184310500772,
        0.8986909679105048,
        0.8951834921210947,
        0.8919879915272171,
        0.8829197356138588,
        0.8901594289430212
    ],
    "val_losses": [
        2.116915545734223,
        1.8867018126886324,
        1.7672345793795727,
        1.7007086526353148,
        1.656373405374314,
        1.6066822598298114,
        1.5680385309183391,
        1.5363272175540048,
        1.5123439144481836,
        1.4766434937921977,
        1.4525336136929148,
        1.4347526126467278,
        1.4237194156811759,
        1.4003277720291116,
        1.3800097202065067,
        1.3629476851336553,
        1.3539978565197754,
        1.338234806869943,
        1.331320134945742,
        1.3154529300104838,
        1.3200638362316872,
        1.3063510256464208,
        1.2974088546655909,
        1.2946238221495674,
        1.2860741761707633,
        1.2731808077579243,
        1.2698846677513083,
        1.2601924693317175,
        1.2619325876059078,
        1.2577518083673724,
        1.2518019271351601,
        1.2456901177207869,
        1.2476740638967756,
        1.2430202019118761,
        1.2451023601999072,
        1.2402959104550508,
        1.2355602783065756,
        1.2322356137154125,
        1.2275123018711211,
        1.2241078989435312,
        1.222105101249537,
        1.2192687371345408,
        1.222225122730416,
        1.2231138682923317,
        1.219538508462255,
        1.218478207763548,
        1.2188222165713563,
        1.2125107921249056,
        1.2161415776712627,
        1.2155335100662166,
        1.2112364959740254,
        1.2114691213636444,
        1.2127602624334168,
        1.2108841946031177,
        1.2133679853116792,
        1.2102072880701085,
        1.2102370779790323,
        1.2097694241923487,
        1.210978711583944,
        1.2073983889273967,
        1.211145405713069,
        1.209738413671234,
        1.2102809611132928,
        1.2096328011889796,
        1.2098774643212213,
        1.2130195451803172,
        1.2101334264168622,
        1.206389950461286,
        1.2114206636366707,
        1.2095890720387863,
        1.2090265689937598,
        1.2118187653853352,
        1.210218370941614,
        1.209333506870496,
        1.2092743519994356,
        1.2044421321527214,
        1.2055643176844875,
        1.2087458531728037,
        1.2119086713305307,
        1.2074079451275948,
        1.2119197623373987,
        1.2091560749785621,
        1.2124901138873851,
        1.2079987798225553,
        1.2083723606496828,
        1.2116522302438828,
        1.2114893833457423,
        1.2137695029909232,
        1.2154510285466458,
        1.2145605489785514,
        1.2166901545212148,
        1.2124446268790952,
        1.2185070811956518,
        1.2115496245384152,
        1.2136321877034293,
        1.2119783101804122,
        1.2178433483628397
    ],
    "val_accs": [
        0.2559,
        0.3436,
        0.3937,
        0.4091,
        0.4244,
        0.4398,
        0.4495,
        0.4643,
        0.4701,
        0.4826,
        0.4916,
        0.4903,
        0.4994,
        0.5052,
        0.5165,
        0.5182,
        0.5249,
        0.5274,
        0.5291,
        0.5362,
        0.5364,
        0.5408,
        0.5444,
        0.5438,
        0.5438,
        0.548,
        0.55,
        0.5549,
        0.5546,
        0.5573,
        0.5578,
        0.5591,
        0.5593,
        0.5594,
        0.5571,
        0.5618,
        0.5618,
        0.5626,
        0.5619,
        0.5653,
        0.5642,
        0.5671,
        0.5658,
        0.5629,
        0.5643,
        0.5656,
        0.5627,
        0.5706,
        0.569,
        0.5677,
        0.5714,
        0.5754,
        0.5714,
        0.5722,
        0.5719,
        0.5704,
        0.5668,
        0.5714,
        0.5734,
        0.5759,
        0.5752,
        0.5751,
        0.5761,
        0.5742,
        0.5769,
        0.5759,
        0.5769,
        0.5773,
        0.5753,
        0.573,
        0.5755,
        0.5714,
        0.5744,
        0.5795,
        0.5765,
        0.5809,
        0.5781,
        0.576,
        0.578,
        0.5775,
        0.5778,
        0.5771,
        0.5779,
        0.5798,
        0.5812,
        0.5783,
        0.5838,
        0.5797,
        0.5786,
        0.5788,
        0.5777,
        0.5818,
        0.578,
        0.5802,
        0.5808,
        0.583,
        0.5813
    ],
    "hyperparameters": {
        "batch_size": 128,
        "learning_rate": 0.0005,
        "momentum": 0.9,
        "weight_decay": 0.0001,
        "optimizer": "adam",
        "early_stopping": true,
        "patience": 10
    },
    "runtime_info": {
        "total_training_time": 606.1381030082703,
        "avg_epoch_time": 6.248846422765673,
        "timestamp": "2025-04-13 13:35:43"
    }
}