{
    "model_name": "Adam_GELU_standard",
    "features": [
        "GELU",
        "Adam"
    ],
    "accuracy": 0.5488,
    "precision": 0.5573830850601678,
    "recall": 0.5488,
    "f1_score": 0.5471274933378886,
    "loss": 1.2633736300236293,
    "inference_time": 0.2917020320892334,
    "timestamp": "2025-04-13 19:23:30"
}