{
    "model_name": "Adam_GELU_standard",
    "features": [
        "GELU",
        "Adam"
    ],
    "epochs": 67,
    "best_epoch": 57,
    "best_val_acc": 0.5579,
    "training_time": 330.78199100494385,
    "train_losses": [
        2.880662875180096,
        2.2456313405716752,
        2.1089882789949455,
        1.9985946522764442,
        1.9359000485900408,
        1.879660036002869,
        1.8299444695340161,
        1.7951198942980195,
        1.7535386658527825,
        1.7313759064169385,
        1.700881847558658,
        1.6720765378513387,
        1.6511020848188356,
        1.6195093791911428,
        1.605245776006193,
        1.591541084676997,
        1.5716320795090897,
        1.554091701165577,
        1.5426849664134545,
        1.5274453193992894,
        1.5124568785278572,
        1.5026119057476806,
        1.484677415351739,
        1.4781680438558449,
        1.4697849325092731,
        1.4590126264283796,
        1.4421175720343,
        1.4411135791240446,
        1.4358059363154465,
        1.4242180438224548,
        1.417611590571442,
        1.412772258555703,
        1.4015120189331218,
        1.4003070815812435,
        1.3885278340894414,
        1.3895657430223562,
        1.380879907561657,
        1.3737593632163327,
        1.3677959041024528,
        1.363222660071695,
        1.357156932965504,
        1.3578403896719473,
        1.3502551599062256,
        1.3550104241631649,
        1.346737618388538,
        1.3418120967837315,
        1.3335401057924747,
        1.3342085749415298,
        1.328526038814904,
        1.3293216838568065,
        1.3180359331355467,
        1.3124100852873357,
        1.3222490611633684,
        1.312125321655249,
        1.312331763551495,
        1.309505934963898,
        1.303685161044656,
        1.3023712556068976,
        1.3022570182666682,
        1.2985196170030835,
        1.298241184121385,
        1.2892974835829767,
        1.3009203476070201,
        1.288525226915359,
        1.2883264149519766,
        1.2915953099260533,
        1.2855000936476246
    ],
    "val_losses": [
        2.3028462141033788,
        2.131145587017764,
        1.9527045868960853,
        1.8707212024735127,
        1.8011243895451567,
        1.7471575169749347,
        1.7039048878848917,
        1.6571288266896216,
        1.6236957921032227,
        1.5949791598181313,
        1.5676506288384229,
        1.5445138870323398,
        1.519347556588785,
        1.5023408038365083,
        1.4876525554651905,
        1.4649643526765002,
        1.4620283723089003,
        1.431301079197369,
        1.4271343389859343,
        1.4183724595882792,
        1.3998209951499276,
        1.3894861039426725,
        1.3838107791098722,
        1.3701683748328644,
        1.3604547999160324,
        1.3617511252978411,
        1.347217311351747,
        1.3449548792090966,
        1.3427872889674057,
        1.336029288674779,
        1.3269901330135352,
        1.3331714811446296,
        1.3118077623919806,
        1.317198544133583,
        1.3113970810539612,
        1.312711418709886,
        1.3043197804920827,
        1.3064577937409803,
        1.2958976610166537,
        1.2919495783420591,
        1.2913253718607265,
        1.2930697933633521,
        1.2936609524341656,
        1.2923208198078606,
        1.2927170837967707,
        1.2872514136514785,
        1.2839991726362918,
        1.2802003721358592,
        1.2760267974743773,
        1.279505710384114,
        1.27189579551651,
        1.277725056532934,
        1.2721154605925988,
        1.2658129459834597,
        1.2729723549775296,
        1.2718322340784654,
        1.2689907317992428,
        1.2729971754863614,
        1.2698115257097211,
        1.2688213457179052,
        1.271894220501517,
        1.264421865835424,
        1.2681966733306693,
        1.2703199865066739,
        1.267829319961821,
        1.2725515179604387,
        1.2669043261648498
    ],
    "val_accs": [
        0.0883,
        0.2265,
        0.3079,
        0.3574,
        0.3694,
        0.3818,
        0.4132,
        0.4245,
        0.436,
        0.4439,
        0.45,
        0.4546,
        0.4656,
        0.4673,
        0.4781,
        0.4879,
        0.489,
        0.4952,
        0.495,
        0.5013,
        0.5033,
        0.513,
        0.5127,
        0.5138,
        0.5267,
        0.5215,
        0.5298,
        0.523,
        0.5277,
        0.5327,
        0.5321,
        0.5326,
        0.5389,
        0.5388,
        0.5354,
        0.5392,
        0.5405,
        0.5401,
        0.5434,
        0.5456,
        0.5404,
        0.548,
        0.5507,
        0.5407,
        0.5487,
        0.5465,
        0.5475,
        0.5465,
        0.5476,
        0.5518,
        0.5519,
        0.551,
        0.5521,
        0.5548,
        0.5464,
        0.553,
        0.5579,
        0.5498,
        0.5513,
        0.5513,
        0.549,
        0.5542,
        0.5513,
        0.5501,
        0.5469,
        0.5464,
        0.5522
    ],
    "hyperparameters": {
        "batch_size": 128,
        "learning_rate": 0.001,
        "momentum": 0.9,
        "weight_decay": 0.0001,
        "optimizer": "adam",
        "early_stopping": true,
        "patience": 10
    },
    "runtime_info": {
        "total_training_time": 330.78199100494385,
        "avg_epoch_time": 4.9370446418648335,
        "timestamp": "2025-04-13 19:23:30"
    }
}