{
    "model_name": "Adam_GELU_standard",
    "features": [
        "GELU",
        "Adam"
    ],
    "epochs": 46,
    "best_epoch": 36,
    "best_val_acc": 0.5584,
    "training_time": 102.74567008018494,
    "train_losses": [
        2.3807338049270244,
        1.9617145692430156,
        1.7955589155978398,
        1.7087391560224232,
        1.6424869601758765,
        1.5867363698024735,
        1.5455953979433663,
        1.5047437126781618,
        1.4672256621241537,
        1.4369507600980462,
        1.4029424118226632,
        1.3836537416771462,
        1.3608082622384272,
        1.3359788029827453,
        1.3139695674099343,
        1.2976486531004918,
        1.2740976122005159,
        1.2668759923158694,
        1.2487634032045911,
        1.2344423583677797,
        1.2122166826847245,
        1.2018455955507141,
        1.197372210798875,
        1.1765108968702251,
        1.1744541838197076,
        1.1606018471570465,
        1.1545408005801314,
        1.1439744576180106,
        1.1324662882103738,
        1.1266258470570376,
        1.1155747436108079,
        1.1103934105052151,
        1.099725051381153,
        1.09265567959189,
        1.0868456136674263,
        1.075356848906228,
        1.0772185265079819,
        1.0624143731593654,
        1.0655827813703391,
        1.0557783709304147,
        1.0478135332717795,
        1.0492237894918999,
        1.0352293297535666,
        1.0315841118786155,
        1.024903411897544,
        1.025619293745535
    ],
    "val_losses": [
        2.000856339224847,
        1.7712690221387024,
        1.6815838123292408,
        1.6180262161868895,
        1.5673606290436322,
        1.536317824904185,
        1.5019277533123043,
        1.4704907797919835,
        1.4473346659754,
        1.422387987470466,
        1.4076696341530652,
        1.3876583084418108,
        1.3781557836080103,
        1.359616030991285,
        1.3498951669120658,
        1.3373939019638335,
        1.331794667662683,
        1.32270744764137,
        1.3202221829452696,
        1.310180623840673,
        1.3026206701751706,
        1.296441999017442,
        1.2944952178294644,
        1.287672039386007,
        1.2869151635165461,
        1.2811620956380374,
        1.2782492132417949,
        1.2760294472350446,
        1.2744990716545657,
        1.2724818424838136,
        1.2685609977854464,
        1.2650370424240152,
        1.2693203534110218,
        1.2616998865479512,
        1.261200293907009,
        1.2602181004096096,
        1.2573467182138272,
        1.256486892266893,
        1.257574810236599,
        1.2583981364863654,
        1.2611141801430215,
        1.26182352009043,
        1.2593376658732789,
        1.2579943794995607,
        1.2601583511871381,
        1.259334549363303
    ],
    "val_accs": [
        0.2927,
        0.3783,
        0.4084,
        0.4284,
        0.4445,
        0.4554,
        0.4699,
        0.4781,
        0.487,
        0.4956,
        0.4986,
        0.507,
        0.5143,
        0.519,
        0.5228,
        0.5284,
        0.5262,
        0.5281,
        0.5292,
        0.5345,
        0.538,
        0.5404,
        0.5426,
        0.5439,
        0.5429,
        0.5466,
        0.549,
        0.5476,
        0.5525,
        0.5461,
        0.5522,
        0.5523,
        0.5531,
        0.5528,
        0.5573,
        0.5584,
        0.5575,
        0.5567,
        0.5533,
        0.557,
        0.5536,
        0.5543,
        0.5532,
        0.5528,
        0.5584,
        0.5551
    ],
    "hyperparameters": {
        "batch_size": 128,
        "learning_rate": 0.0005,
        "momentum": 0.9,
        "weight_decay": 0.0001,
        "optimizer": "adam",
        "early_stopping": true,
        "patience": 10
    },
    "runtime_info": {
        "total_training_time": 102.74567008018494,
        "avg_epoch_time": 2.2336015234822812,
        "timestamp": "2025-04-12 21:38:55"
    }
}