{
    "model_name": "Adam_GELU_standard",
    "features": [
        "GELU",
        "Adam"
    ],
    "accuracy": 0.5466,
    "precision": 0.5490260550717703,
    "recall": 0.5466,
    "f1_score": 0.5445627102981034,
    "loss": 1.2584323797858858,
    "inference_time": 0.14041590690612793,
    "timestamp": "2025-04-12 21:38:55"
}