{
    "model_name": "Adam_GELU_standard",
    "features": [
        "GELU",
        "Adam"
    ],
    "epochs": 67,
    "best_epoch": 57,
    "best_val_acc": 0.581,
    "training_time": 425.5617392063141,
    "train_losses": [
        2.5644092334235147,
        2.0741713515501687,
        1.9081163263781888,
        1.813632989752482,
        1.7392035728619544,
        1.685704229407078,
        1.6439851154227343,
        1.6049253765730849,
        1.5647393662242137,
        1.533713209866878,
        1.5065248308509258,
        1.4743527036739004,
        1.4474227439288203,
        1.4308406633000483,
        1.404021928582616,
        1.380491408908242,
        1.359057299997894,
        1.3418879381171305,
        1.328534730078581,
        1.3127735052350893,
        1.2954181078971558,
        1.2831778069779043,
        1.2689724881837556,
        1.2539218292117627,
        1.2464087520093192,
        1.2311523249866847,
        1.217542316123959,
        1.2166729297331347,
        1.1927208942882332,
        1.1879914425044842,
        1.1761459158864738,
        1.1655521107419604,
        1.1622325924304833,
        1.154754467361281,
        1.1432072584578086,
        1.1352281095336128,
        1.1260833580488676,
        1.1203004686588656,
        1.1068524125808552,
        1.104830055388388,
        1.0928976841320128,
        1.0940483113876596,
        1.0812110773787216,
        1.0764450880936023,
        1.0722025535571178,
        1.0646540367367792,
        1.050853605186764,
        1.0564501160043451,
        1.0428828683772267,
        1.042973027191651,
        1.0363171521347216,
        1.0306397250997286,
        1.0265792738125221,
        1.0243540931247346,
        1.0205266141804865,
        1.0150156658500045,
        1.0027204330494546,
        1.00296311042443,
        0.9995224250981276,
        0.9962232021261376,
        0.9931987535101523,
        0.9875358492068926,
        0.9862798308516831,
        0.9814737080460743,
        0.9728568261814511,
        0.9728897142177582,
        0.9665569005917716
    ],
    "val_losses": [
        2.1367499448199023,
        1.888325876273803,
        1.7690409637199707,
        1.699190966326085,
        1.6422083356772073,
        1.6010113290909982,
        1.5599094326003968,
        1.526341216264803,
        1.5055964418404602,
        1.4685589032726194,
        1.4475476088368058,
        1.4200829619191677,
        1.4002884577812211,
        1.3881259866253621,
        1.3704391496529018,
        1.3599873296835654,
        1.347574565196189,
        1.3392374400708125,
        1.3291343448251245,
        1.3199677785416741,
        1.3134950333102662,
        1.3003868279580175,
        1.288488189931594,
        1.2872584405000904,
        1.2810926377458283,
        1.2705916310232621,
        1.2670713392464896,
        1.2631218275657985,
        1.2583519797540212,
        1.2523439366020797,
        1.245720953515037,
        1.2464864965424385,
        1.242992231236215,
        1.2381793966208547,
        1.2372373903842995,
        1.2306113912776753,
        1.2295177375585824,
        1.2282194357592313,
        1.2239596693030312,
        1.2212831982560102,
        1.227044206294297,
        1.2192460795892672,
        1.2168245533769448,
        1.2162731441779726,
        1.2143588731185848,
        1.2128150950577032,
        1.211104911423284,
        1.2093180752947799,
        1.2089171592441694,
        1.2093831301972422,
        1.2086261872299744,
        1.2087232645784027,
        1.208457499372763,
        1.2053393700388633,
        1.201730467185045,
        1.200624047588951,
        1.2010262701605876,
        1.2050110386441388,
        1.2034039990844314,
        1.2066481176921866,
        1.204751791052673,
        1.2014758802466043,
        1.2050986406515485,
        1.204439320085791,
        1.2088954713151179,
        1.204045929028558,
        1.2031402564512346
    ],
    "val_accs": [
        0.248,
        0.3492,
        0.3882,
        0.4114,
        0.4253,
        0.4379,
        0.4569,
        0.4682,
        0.4765,
        0.4843,
        0.495,
        0.5029,
        0.5086,
        0.5154,
        0.5211,
        0.5229,
        0.5295,
        0.5308,
        0.5308,
        0.5364,
        0.5424,
        0.5421,
        0.5464,
        0.5442,
        0.5454,
        0.5508,
        0.5554,
        0.5576,
        0.5546,
        0.5594,
        0.5603,
        0.5596,
        0.5629,
        0.565,
        0.563,
        0.5679,
        0.5657,
        0.5654,
        0.5718,
        0.5694,
        0.5614,
        0.5705,
        0.5717,
        0.5679,
        0.5733,
        0.5742,
        0.5716,
        0.5735,
        0.5734,
        0.574,
        0.5748,
        0.5748,
        0.5768,
        0.5741,
        0.5775,
        0.5788,
        0.581,
        0.5761,
        0.5766,
        0.5787,
        0.5768,
        0.5774,
        0.5759,
        0.5792,
        0.5742,
        0.5765,
        0.578
    ],
    "hyperparameters": {
        "batch_size": 128,
        "learning_rate": 0.0005,
        "momentum": 0.9,
        "weight_decay": 0.0001,
        "optimizer": "adam",
        "early_stopping": true,
        "patience": 10
    },
    "runtime_info": {
        "total_training_time": 425.5617392063141,
        "avg_epoch_time": 6.351667749347971,
        "timestamp": "2025-04-16 09:23:35"
    }
}