{
    "model_name": "Adam_GELU_standard",
    "features": [
        "GELU",
        "Adam"
    ],
    "accuracy": 0.5724,
    "precision": 0.5723544283654813,
    "recall": 0.5724,
    "f1_score": 0.5699598094206941,
    "loss": 1.200138071231731,
    "inference_time": 0.37691283226013184,
    "timestamp": "2025-04-16 09:23:35"
}