{
    "model_name": "Adam_GELU_standard",
    "features": [
        "GELU",
        "Adam"
    ],
    "accuracy": 0.545,
    "precision": 0.5485759652194873,
    "recall": 0.545,
    "f1_score": 0.5450648811960654,
    "loss": 1.3338149090950269,
    "inference_time": 0.2782418727874756,
    "timestamp": "2025-04-13 19:13:23"
}