{
    "model_name": "Adam_GELU_standard",
    "features": [
        "GELU",
        "Adam"
    ],
    "epochs": 35,
    "best_epoch": 25,
    "best_val_acc": 0.5555,
    "training_time": 167.40340900421143,
    "train_losses": [
        2.0279483646768997,
        1.6520631164468957,
        1.5070335180577896,
        1.4079690689857636,
        1.3297465976930554,
        1.2664701128463511,
        1.2123520977443272,
        1.168048955597598,
        1.1213478912081751,
        1.078246475538722,
        1.0464166818692822,
        1.0144998662108384,
        0.9868529930200147,
        0.9696171138111803,
        0.9341304296587818,
        0.9159169749133889,
        0.897260466489828,
        0.8775252635672304,
        0.8595223038574954,
        0.8426047709409343,
        0.8293374083705768,
        0.8193576484827664,
        0.7902231123433832,
        0.7930028110107279,
        0.7665230244601177,
        0.7631977249231676,
        0.7501243845572986,
        0.7469848191660866,
        0.7276449918785631,
        0.7262728236842566,
        0.712555990895866,
        0.7147865596388226,
        0.697562507003481,
        0.6975364254337867,
        0.677214981716861
    ],
    "val_losses": [
        1.6688815438594224,
        1.5375965252570305,
        1.458208013555405,
        1.4082970189462607,
        1.3615838119984436,
        1.3410043944968004,
        1.3145347483522558,
        1.310852356631989,
        1.297218259089973,
        1.285182581289032,
        1.288066533067663,
        1.2914934387101766,
        1.288916714940324,
        1.2845955886347797,
        1.2896464193651653,
        1.2948768164991467,
        1.3039625213158879,
        1.2957516255386574,
        1.3051274883183825,
        1.3119961178958859,
        1.3208363457014254,
        1.3271578589890642,
        1.3353281491221272,
        1.3337385655755634,
        1.345191401049113,
        1.349655232581783,
        1.350611515106545,
        1.356851317603531,
        1.3699890188369543,
        1.3625862137942157,
        1.3724145179121223,
        1.3780859401419416,
        1.3870816314747223,
        1.3801799886443529,
        1.3885263177491525
    ],
    "val_accs": [
        0.4169,
        0.4626,
        0.4854,
        0.4969,
        0.518,
        0.5255,
        0.5378,
        0.5387,
        0.5407,
        0.5498,
        0.543,
        0.548,
        0.5454,
        0.5482,
        0.5478,
        0.5506,
        0.5486,
        0.5506,
        0.55,
        0.5458,
        0.5469,
        0.5464,
        0.548,
        0.5468,
        0.5555,
        0.5474,
        0.5516,
        0.5526,
        0.5522,
        0.5467,
        0.5507,
        0.5504,
        0.5471,
        0.5478,
        0.5512
    ],
    "hyperparameters": {
        "batch_size": 128,
        "learning_rate": 0.001,
        "momentum": 0.9,
        "weight_decay": 0.0001,
        "optimizer": "adam",
        "early_stopping": true,
        "patience": 10
    },
    "runtime_info": {
        "total_training_time": 167.40340900421143,
        "avg_epoch_time": 4.782954542977469,
        "timestamp": "2025-04-13 19:13:22"
    }
}