{
    "model_name": "lr0.0005_drop0.7_wd0.0001_h256_128",
    "features": [
        "GELU",
        "Adam"
    ],
    "epochs": 99,
    "best_epoch": 89,
    "best_val_acc": 0.527,
    "training_time": 235.2059531211853,
    "train_losses": [
        3.6697718954993297,
        2.463341884672069,
        2.3396511647665577,
        2.303995165679873,
        2.272594973162091,
        2.2317678244714583,
        2.1774626664382946,
        2.1243720341497365,
        2.0742751869381792,
        2.033146410422325,
        1.9954325752468969,
        1.9628526308393237,
        1.9319986988198863,
        1.9123341789655584,
        1.8833944094645207,
        1.868235662463324,
        1.845736738259486,
        1.8197458148565442,
        1.8073574983519736,
        1.7958371622297478,
        1.7756344282015633,
        1.7635686179237122,
        1.74549995798075,
        1.7346836318560679,
        1.716931245705525,
        1.7059007998263793,
        1.693030203196524,
        1.6898401391663704,
        1.6667862745926476,
        1.6676481818252307,
        1.6611021992415596,
        1.6457118526725198,
        1.640395774518175,
        1.635311051430708,
        1.6165106160903888,
        1.616417931035377,
        1.6184061404837395,
        1.604725543554075,
        1.5962094530067612,
        1.5928783419879575,
        1.5817158575957955,
        1.576630095609503,
        1.5752595203936168,
        1.5665507405301171,
        1.558642846991794,
        1.5601679993835094,
        1.5548445188233755,
        1.5480826129634395,
        1.547026574138847,
        1.534055439902696,
        1.533003741665059,
        1.5307119064341028,
        1.5221835969239679,
        1.5225827002740555,
        1.514830103485339,
        1.5079757185753795,
        1.5135554865569198,
        1.50311270818991,
        1.5050968192180396,
        1.5032689956868546,
        1.5004366940858174,
        1.5023413733061626,
        1.4926593721519963,
        1.4898086488770057,
        1.4821531049498653,
        1.4810199648711686,
        1.478747730929987,
        1.4820515077024066,
        1.481647641829922,
        1.4784189648067516,
        1.4735588505597292,
        1.4684207159378906,
        1.4748879994202266,
        1.478234899172937,
        1.4691229938260941,
        1.4665970612140355,
        1.454649238369826,
        1.461238870243387,
        1.462682621318668,
        1.4595768605959338,
        1.465132020367342,
        1.4540685373950883,
        1.454336839290708,
        1.4501222848929527,
        1.455832411405348,
        1.451808036596716,
        1.4436493752030253,
        1.446777495295279,
        1.4472950570434082,
        1.444620955786087,
        1.4411539672554037,
        1.4362071895730675,
        1.4394347387808621,
        1.4433263170486825,
        1.4390676995980212,
        1.4369645991465767,
        1.4370134088946094,
        1.4367505897172181,
        1.429529833219485
    ],
    "val_losses": [
        2.300620656246566,
        2.3057295833073104,
        2.298207119377581,
        2.284792296929261,
        2.250565251211932,
        2.1823513005059807,
        2.085617591824998,
        2.0208570877713368,
        1.954113742146991,
        1.9022133293560957,
        1.865317925301062,
        1.8322201227331198,
        1.7936813367201054,
        1.7743144369091157,
        1.7421160116245247,
        1.7272776048056258,
        1.7020942349447643,
        1.6827508903506616,
        1.6665912091550017,
        1.6473544106625941,
        1.6300249758513954,
        1.614945243833366,
        1.6019791848816902,
        1.5890067870699174,
        1.5787097392203246,
        1.5663573314428352,
        1.554210208806172,
        1.5434998230345247,
        1.5307553746751785,
        1.5267810886844184,
        1.5199247324947727,
        1.5068879139453872,
        1.500355148193276,
        1.4952242485806644,
        1.4838548156085536,
        1.4795776188948029,
        1.4736010934010009,
        1.469683610823432,
        1.4625550968639691,
        1.4583372780218682,
        1.4501622456705412,
        1.4452094296414084,
        1.4438349915778566,
        1.4336872633965654,
        1.4301276864303027,
        1.424382570184557,
        1.4241498958488705,
        1.4196649038210392,
        1.4127647174317444,
        1.4078383930959233,
        1.403766091537771,
        1.401158806326249,
        1.3969145148162672,
        1.3944266641910454,
        1.3903673934592184,
        1.3870147545440608,
        1.385543958417754,
        1.3820875671640516,
        1.381145936200365,
        1.3791635962016837,
        1.3747438500988671,
        1.3759663532468551,
        1.3707287367795438,
        1.3709940491528096,
        1.3649167170536984,
        1.3655151055088688,
        1.3623514392523932,
        1.364649371567468,
        1.362139060323036,
        1.3568743912025552,
        1.3551253126845793,
        1.3551308386129763,
        1.355459359550007,
        1.3534482121925646,
        1.350610235879901,
        1.3503447396860262,
        1.3480794899416313,
        1.3482395204885398,
        1.3487712981861693,
        1.3429407089523053,
        1.3461147743742883,
        1.344107616576347,
        1.3421324144746496,
        1.3402240925170792,
        1.3399829976263615,
        1.3368755183003456,
        1.3341225241633852,
        1.3354214420878108,
        1.3364261935379196,
        1.3351703545319957,
        1.3357300315912572,
        1.3335114636704408,
        1.3328001108969734,
        1.3303158996658093,
        1.3298918398585566,
        1.3297202700676678,
        1.3301588432972804,
        1.329996874116102,
        1.3305047440379747
    ],
    "val_accs": [
        0.1057,
        0.0933,
        0.098,
        0.1121,
        0.1487,
        0.2077,
        0.2503,
        0.2744,
        0.2932,
        0.3161,
        0.3307,
        0.342,
        0.3711,
        0.3706,
        0.3792,
        0.3857,
        0.39,
        0.4067,
        0.4116,
        0.4194,
        0.4172,
        0.4288,
        0.4287,
        0.4383,
        0.4409,
        0.4425,
        0.4438,
        0.4496,
        0.4514,
        0.4563,
        0.457,
        0.4613,
        0.4611,
        0.4637,
        0.4711,
        0.4671,
        0.4731,
        0.4726,
        0.476,
        0.4807,
        0.4826,
        0.4848,
        0.4864,
        0.4856,
        0.4869,
        0.489,
        0.4922,
        0.4938,
        0.4965,
        0.4972,
        0.4988,
        0.4969,
        0.5021,
        0.5005,
        0.5014,
        0.5037,
        0.5011,
        0.5084,
        0.5046,
        0.5082,
        0.51,
        0.5115,
        0.5082,
        0.505,
        0.5111,
        0.5066,
        0.5108,
        0.5099,
        0.5136,
        0.5167,
        0.5172,
        0.5156,
        0.5187,
        0.5193,
        0.5188,
        0.5165,
        0.5168,
        0.5197,
        0.521,
        0.523,
        0.5206,
        0.5196,
        0.5217,
        0.5185,
        0.5242,
        0.5242,
        0.5216,
        0.5232,
        0.527,
        0.5232,
        0.5188,
        0.523,
        0.5205,
        0.5233,
        0.5224,
        0.5234,
        0.5231,
        0.5222,
        0.5217
    ],
    "hyperparameters": {
        "batch_size": 128,
        "learning_rate": 0.0005,
        "momentum": 0.9,
        "weight_decay": 0.0001,
        "optimizer": "adam",
        "early_stopping": true,
        "patience": 10
    },
    "runtime_info": {
        "total_training_time": 235.2059531211853,
        "avg_epoch_time": 2.375817708294801,
        "timestamp": "2025-04-16 17:22:34"
    }
}