{
    "model_name": "lr0.0005_drop0.7_wd0.0001_h256_128",
    "features": [
        "GELU",
        "Adam"
    ],
    "accuracy": 0.5198,
    "precision": 0.5183615769090247,
    "recall": 0.5198,
    "f1_score": 0.5110698539047269,
    "loss": 1.32963518160733,
    "inference_time": 0.1454169750213623,
    "timestamp": "2025-04-16 17:22:34"
}