{
    "model_name": "Adam_GELU_standard",
    "features": [
        "GELU",
        "Adam"
    ],
    "epochs": 88,
    "best_epoch": 78,
    "best_val_acc": 0.5636,
    "training_time": 205.92932724952698,
    "train_losses": [
        2.761807087679042,
        2.2710947319285957,
        2.127411348148375,
        1.9953771755088214,
        1.908047693481445,
        1.8529525284731199,
        1.805734561788954,
        1.7682146690907505,
        1.7314164834374888,
        1.692167075957099,
        1.6594466051807861,
        1.6354084187332287,
        1.6112041845666416,
        1.586488487748187,
        1.5666735909089393,
        1.5419819475687677,
        1.5309547707904214,
        1.5078369974572305,
        1.4925037961745677,
        1.4750407268653083,
        1.4625905331392488,
        1.4465456888101276,
        1.4375826567546253,
        1.4208843885951528,
        1.40898944548766,
        1.3991145730328383,
        1.3992864104944882,
        1.3835207083699907,
        1.3788667427001828,
        1.3616308312156646,
        1.3517950159666665,
        1.3402096015010387,
        1.332074382957902,
        1.3276826528119972,
        1.317564285918767,
        1.3154618708156103,
        1.3023248258682136,
        1.3039751881633765,
        1.3008356738083702,
        1.290074823092015,
        1.2922779991615083,
        1.2873335521787517,
        1.2773021164663187,
        1.272870196053969,
        1.2613650919718418,
        1.261268962389335,
        1.255695966808759,
        1.2513732946515428,
        1.253610147810147,
        1.2442346003561735,
        1.2426024469928336,
        1.2385570838325988,
        1.2362231822677252,
        1.2366145631840524,
        1.2308741084371568,
        1.2280573040266456,
        1.2208613578205787,
        1.2211179010288225,
        1.2228762560684086,
        1.211956040817768,
        1.2097566807462115,
        1.2087338627918416,
        1.2116428566421895,
        1.2098605633242032,
        1.2038284734953968,
        1.197956092805295,
        1.197999371951148,
        1.1918593400032114,
        1.1974200197754807,
        1.1872140064380121,
        1.1868113791353962,
        1.1898535101371515,
        1.1745437063687771,
        1.1748322151117925,
        1.1846293230540477,
        1.1708103571451816,
        1.1811626250052918,
        1.1709997308540792,
        1.1711036018724599,
        1.1739230430849261,
        1.1661749316078727,
        1.1685063373510793,
        1.167707251084757,
        1.1655201671043627,
        1.1647394650224818,
        1.1682391230872324,
        1.149473238318495,
        1.162503557608908
    ],
    "val_losses": [
        2.2691233330497105,
        2.1681551753905497,
        1.9627657651250254,
        1.8449107743209439,
        1.7784829753587255,
        1.7247710605930697,
        1.688496862216296,
        1.6512475394409873,
        1.6179623624848145,
        1.583605226130121,
        1.563952286789504,
        1.5419941823819958,
        1.516251904837441,
        1.4974123125013872,
        1.4780723320807094,
        1.4573468630538469,
        1.443302307337162,
        1.42828340250845,
        1.4164311516676507,
        1.4039067699951708,
        1.3932620932660946,
        1.3814734841848595,
        1.3712089476349634,
        1.3628647121685205,
        1.3537074842686985,
        1.3453864742188835,
        1.3391527539043349,
        1.3293904959434752,
        1.325411213619765,
        1.3178881005818226,
        1.3110369477202604,
        1.3040101238600903,
        1.2999373828877097,
        1.2955581472747069,
        1.2909156140347318,
        1.2888522978500652,
        1.2846313425247111,
        1.283053297289826,
        1.2797830816612477,
        1.277762555091897,
        1.27178293319064,
        1.2704992809328515,
        1.2677839220008087,
        1.2656201554842854,
        1.2626404527217088,
        1.2586220815590279,
        1.2582623658377288,
        1.2550105174273452,
        1.2545136585547043,
        1.2536771195355954,
        1.2523151620302766,
        1.2503519564324002,
        1.2489287717090565,
        1.247943710277207,
        1.2486256175896278,
        1.2468541953773815,
        1.2463164759571501,
        1.2434090755586806,
        1.2415933229143894,
        1.2402290328485386,
        1.2394047414764637,
        1.2407848099760193,
        1.2380665481011779,
        1.2368701329069702,
        1.2375771740021708,
        1.238664373820569,
        1.2371519419365054,
        1.2378740934099597,
        1.2377009882626218,
        1.2402290156560514,
        1.2385259052310138,
        1.2359269445513485,
        1.2360946140894962,
        1.234786677127477,
        1.2329630895704071,
        1.2345630411155954,
        1.234209093278665,
        1.232184278454603,
        1.2320975106535004,
        1.2320362878092797,
        1.2336064596874934,
        1.2333825742164066,
        1.2322016757237817,
        1.2296065536168739,
        1.2298027330910144,
        1.234102176552074,
        1.2339497818565457,
        1.2329483301486588
    ],
    "val_accs": [
        0.1488,
        0.214,
        0.3002,
        0.344,
        0.3703,
        0.3924,
        0.4022,
        0.4234,
        0.4282,
        0.4394,
        0.4466,
        0.4539,
        0.4675,
        0.4711,
        0.4735,
        0.4836,
        0.4895,
        0.4927,
        0.4937,
        0.5046,
        0.5052,
        0.5098,
        0.5163,
        0.5196,
        0.5228,
        0.5276,
        0.5284,
        0.5325,
        0.534,
        0.5343,
        0.5385,
        0.5405,
        0.5419,
        0.5405,
        0.5443,
        0.5426,
        0.5438,
        0.5451,
        0.5463,
        0.5456,
        0.5488,
        0.5483,
        0.5458,
        0.5478,
        0.5509,
        0.5508,
        0.5527,
        0.5515,
        0.5526,
        0.5542,
        0.5576,
        0.554,
        0.5536,
        0.5525,
        0.5505,
        0.5557,
        0.5525,
        0.5558,
        0.5545,
        0.5583,
        0.5569,
        0.5572,
        0.559,
        0.5564,
        0.5555,
        0.5572,
        0.5567,
        0.5588,
        0.5594,
        0.5579,
        0.5585,
        0.5564,
        0.5588,
        0.5585,
        0.56,
        0.5595,
        0.5592,
        0.5636,
        0.5603,
        0.559,
        0.5588,
        0.5596,
        0.5604,
        0.5602,
        0.5614,
        0.5599,
        0.5589,
        0.5576
    ],
    "hyperparameters": {
        "batch_size": 128,
        "learning_rate": 0.0005,
        "momentum": 0.9,
        "weight_decay": 0.0001,
        "optimizer": "adam",
        "early_stopping": true,
        "patience": 10
    },
    "runtime_info": {
        "total_training_time": 205.92932724952698,
        "avg_epoch_time": 2.3401059914718974,
        "timestamp": "2025-04-13 00:33:57"
    }
}