{
    "model_name": "Adam_GELU_standard",
    "features": [
        "GELU",
        "Adam"
    ],
    "epochs": 29,
    "best_epoch": 19,
    "best_val_acc": 0.523,
    "training_time": 69.442538022995,
    "train_losses": [
        2.145208290630856,
        1.7309617798546129,
        1.5798483779273396,
        1.4838660630481524,
        1.3996791907429051,
        1.3316160296051809,
        1.2781427270320418,
        1.2308914880386084,
        1.1876340306404474,
        1.149569130409601,
        1.1147978817645312,
        1.0869588956072462,
        1.0569555246638895,
        1.0329882125741399,
        1.0066177103624354,
        0.9833693995783982,
        0.9645672454322738,
        0.9396489188635302,
        0.9267680758099726,
        0.9077862607545557,
        0.8883429249834726,
        0.8837428932755491,
        0.8643090418786555,
        0.8467294493832705,
        0.8365910929611361,
        0.8243544352936126,
        0.8085865328860251,
        0.8007618426322776,
        0.7865308696453073
    ],
    "val_losses": [
        1.8020441720965872,
        1.6559738561152717,
        1.5788672711041853,
        1.5204699973313303,
        1.4782168667913793,
        1.4445957559676978,
        1.4269856900971218,
        1.4127368207887023,
        1.4001147505914384,
        1.3946690520447973,
        1.3899274194422713,
        1.3864338676298342,
        1.3893471659057883,
        1.3862905549565898,
        1.3901518444886747,
        1.395782962807438,
        1.4008595469727678,
        1.40604812429023,
        1.407951546727591,
        1.4167419724372605,
        1.4226615502898448,
        1.432402246939132,
        1.4416911562897152,
        1.4446219755041723,
        1.4576134057210504,
        1.45973671620945,
        1.4715957784350695,
        1.4743140197055866,
        1.4834348337313106
    ],
    "val_accs": [
        0.3633,
        0.4145,
        0.4401,
        0.4641,
        0.4821,
        0.491,
        0.4969,
        0.5029,
        0.5091,
        0.5133,
        0.5099,
        0.5162,
        0.5178,
        0.5198,
        0.5193,
        0.5217,
        0.5209,
        0.5196,
        0.523,
        0.5188,
        0.5197,
        0.5176,
        0.5207,
        0.52,
        0.5174,
        0.5176,
        0.5177,
        0.5174,
        0.5175
    ],
    "hyperparameters": {
        "batch_size": 128,
        "learning_rate": 0.0005,
        "momentum": 0.9,
        "weight_decay": 0.0001,
        "optimizer": "adam",
        "early_stopping": true,
        "patience": 10
    },
    "runtime_info": {
        "total_training_time": 69.442538022995,
        "avg_epoch_time": 2.3945702766549997,
        "timestamp": "2025-04-13 10:14:32"
    }
}