{
    "model_name": "lr0.01_drop0.5_wd0.0001_h512_256",
    "features": [
        "GELU",
        "Adam"
    ],
    "accuracy": 0.3399,
    "precision": 0.41067634718584667,
    "recall": 0.3399,
    "f1_score": 0.34673302774224307,
    "loss": 1.7892132351278567,
    "inference_time": 0.2801971435546875,
    "timestamp": "2025-04-16 17:23:37"
}