{
    "model_name": "lr0.01_drop0.5_wd0.0001_h512_256",
    "features": [
        "GELU",
        "Adam"
    ],
    "epochs": 12,
    "best_epoch": 2,
    "best_val_acc": 0.346,
    "training_time": 60.638726234436035,
    "train_losses": [
        2.103106365643522,
        1.9875535004735285,
        1.9946860096962413,
        1.9883973185098451,
        1.99316403917272,
        2.008805689162077,
        1.9844285986611172,
        1.9831709922941734,
        1.9868210185168065,
        1.9889105395512259,
        1.9985003529655798,
        2.010837692778404
    ],
    "val_losses": [
        1.8510442503320992,
        1.8025202772972193,
        1.8993629193797823,
        1.861211573879152,
        1.909959796832477,
        1.8704294775666237,
        1.8476068124318556,
        1.8387841063804067,
        1.8483979738185863,
        1.8404826654366155,
        1.8644509590342244,
        1.9222678611130126
    ],
    "val_accs": [
        0.3301,
        0.346,
        0.288,
        0.3151,
        0.3001,
        0.3051,
        0.319,
        0.3197,
        0.3181,
        0.3217,
        0.3062,
        0.2724
    ],
    "hyperparameters": {
        "batch_size": 128,
        "learning_rate": 0.01,
        "momentum": 0.9,
        "weight_decay": 0.0001,
        "optimizer": "adam",
        "early_stopping": true,
        "patience": 10
    },
    "runtime_info": {
        "total_training_time": 60.638726234436035,
        "avg_epoch_time": 5.053227186203003,
        "timestamp": "2025-04-16 17:23:36"
    }
}