{
    "model_name": "Adam_GELU_standard",
    "features": [
        "GELU",
        "Adam"
    ],
    "epochs": 56,
    "best_epoch": 46,
    "best_val_acc": 0.5782,
    "training_time": 487.682501077652,
    "train_losses": [
        2.343664419757198,
        1.8849777011958089,
        1.743778086008665,
        1.657197452308575,
        1.593436225950152,
        1.528088787654191,
        1.4863703291307693,
        1.4480251131747,
        1.4083496467696859,
        1.3811782812002509,
        1.3591877188836363,
        1.3279616605970272,
        1.3051863333031393,
        1.287843964160292,
        1.2683722463144511,
        1.2506140692187078,
        1.2323220471912473,
        1.2148916200511428,
        1.2041063484632002,
        1.193688582646443,
        1.1810597156525136,
        1.1661552561439785,
        1.1573976693027193,
        1.1439603446411823,
        1.130739595408581,
        1.125243940027519,
        1.1175656990760359,
        1.1063584601414969,
        1.0989210950611958,
        1.0864788895153603,
        1.0810992162122182,
        1.0804503767713896,
        1.069876876684105,
        1.0594616772149772,
        1.060693938507178,
        1.053607929985936,
        1.0405096642857143,
        1.036146069416066,
        1.0210829577188711,
        1.0266397459219638,
        1.0203583818833597,
        1.0185422799729897,
        1.0056865332155474,
        1.009709180901266,
        1.011461794270022,
        0.9989201641062492,
        1.0019909777718707,
        0.9969614984127532,
        0.983678001322349,
        0.9811737203865846,
        0.9850924662117913,
        0.9732613940616854,
        0.9691179205511464,
        0.9651302070271581,
        0.9587514408444331,
        0.9642826928275983
    ],
    "val_losses": [
        1.882754365294392,
        1.7077145584879687,
        1.619388609460311,
        1.5483125754616234,
        1.494486635385972,
        1.4615129440997403,
        1.4198411009202159,
        1.3890808898563354,
        1.3638879689600338,
        1.3486481198883,
        1.3348298343780762,
        1.3230336564487415,
        1.3095838470870793,
        1.2934647548784552,
        1.2805191907198297,
        1.2876301002654815,
        1.2788219306928261,
        1.2616711048977045,
        1.2548972757602261,
        1.2585667423134563,
        1.2562581008671332,
        1.2435631157388554,
        1.2416509423328232,
        1.240208561593971,
        1.2390329126933763,
        1.2348985883412984,
        1.2361775018674106,
        1.2330671620136764,
        1.231309950515188,
        1.2284549103243914,
        1.2285514589380429,
        1.2283580075021203,
        1.2276881420513286,
        1.2264342554077583,
        1.22834350672994,
        1.2266847897103188,
        1.227497423014311,
        1.2268902129028973,
        1.2282324881798643,
        1.222332303139106,
        1.228166345136662,
        1.2192817546169743,
        1.2252685462856325,
        1.2229828822598365,
        1.2282648456681957,
        1.2236070788251279,
        1.2273202267701442,
        1.2257780339797202,
        1.2244277459494335,
        1.226237949187317,
        1.227373203100804,
        1.2256194119665633,
        1.2274446856251322,
        1.2264667007342367,
        1.2360203086457975,
        1.230566824092601
    ],
    "val_accs": [
        0.3409,
        0.4113,
        0.4382,
        0.4597,
        0.4747,
        0.491,
        0.5049,
        0.5072,
        0.5218,
        0.5224,
        0.5244,
        0.5309,
        0.5384,
        0.5488,
        0.55,
        0.5443,
        0.546,
        0.5524,
        0.5606,
        0.5588,
        0.5547,
        0.5614,
        0.5626,
        0.5593,
        0.5593,
        0.5612,
        0.5625,
        0.5631,
        0.5663,
        0.5674,
        0.5661,
        0.567,
        0.5671,
        0.5711,
        0.5688,
        0.57,
        0.5694,
        0.5636,
        0.5711,
        0.572,
        0.5694,
        0.5737,
        0.573,
        0.5725,
        0.5687,
        0.5782,
        0.5693,
        0.5679,
        0.5731,
        0.5728,
        0.5732,
        0.5756,
        0.5716,
        0.5685,
        0.569,
        0.5728
    ],
    "hyperparameters": {
        "batch_size": 32,
        "learning_rate": 0.0005,
        "momentum": 0.9,
        "weight_decay": 0.0001,
        "optimizer": "adam",
        "early_stopping": true,
        "patience": 10
    },
    "runtime_info": {
        "total_training_time": 487.682501077652,
        "avg_epoch_time": 8.708616090672356,
        "timestamp": "2025-04-13 17:08:55"
    }
}