{
    "model_name": "Adam_GELU_standard",
    "features": [
        "GELU",
        "Adam"
    ],
    "accuracy": 0.5761,
    "precision": 0.5806655248515913,
    "recall": 0.5761,
    "f1_score": 0.5746183221085395,
    "loss": 1.2121661113756539,
    "inference_time": 0.4076962471008301,
    "timestamp": "2025-04-13 17:08:55"
}