{
    "model_name": "Adam_GELU_standard",
    "features": [
        "GELU",
        "Adam"
    ],
    "accuracy": 0.5568,
    "precision": 0.5587107130009206,
    "recall": 0.5568,
    "f1_score": 0.5556680573974461,
    "loss": 1.2260990638771494,
    "inference_time": 0.170579195022583,
    "timestamp": "2025-04-13 00:54:53"
}