{
    "model_name": "Adam_GELU_standard",
    "features": [
        "GELU",
        "Adam"
    ],
    "epochs": 100,
    "best_epoch": 90,
    "best_val_acc": 0.5675,
    "training_time": 249.16121411323547,
    "train_losses": [
        2.6995550427981057,
        2.254108914455873,
        2.1106366776659877,
        1.9909129856616932,
        1.9022658050993635,
        1.8426022126410613,
        1.7886761819453567,
        1.7465034075231491,
        1.7132159014202808,
        1.682336199246787,
        1.6517516976661897,
        1.6279229284142285,
        1.593561170080284,
        1.5758433851198574,
        1.5577107791424274,
        1.5377120809367022,
        1.5188845322018545,
        1.5050703855904979,
        1.483385075983583,
        1.4754280273566753,
        1.454745643685902,
        1.4399238909417893,
        1.4325849541819695,
        1.416759940787057,
        1.4082823288609367,
        1.3967954007580976,
        1.3875057639308475,
        1.3756041231776728,
        1.3646343817388518,
        1.3623384504263376,
        1.3451527292259358,
        1.3535548227856622,
        1.3351624208485455,
        1.326845944514746,
        1.3185511129991414,
        1.30750309268315,
        1.3097695657117328,
        1.3023085176293498,
        1.3003416759556965,
        1.288006424219139,
        1.2914306226103933,
        1.2786446723481184,
        1.2723280087037407,
        1.2675913869043174,
        1.2598203917292676,
        1.25484024387368,
        1.257302887028621,
        1.257077149267399,
        1.2505577878376333,
        1.2442904690303878,
        1.2414615356133312,
        1.2444188926650825,
        1.2347574304667912,
        1.232482441462505,
        1.2274208929729065,
        1.2266990674614855,
        1.220879343666895,
        1.2132975942395126,
        1.2180488260123656,
        1.215873660685993,
        1.207357250656298,
        1.2117292577197856,
        1.2073510324461982,
        1.1995581953746173,
        1.19792866306953,
        1.1979046454562603,
        1.1955404630374638,
        1.1957969562481765,
        1.1857572567148735,
        1.1861485821411097,
        1.1882826515854301,
        1.189269035062641,
        1.1872363400736974,
        1.1812736850122725,
        1.1797441992707394,
        1.170573684579795,
        1.1697015244421274,
        1.1745360830330267,
        1.1761165152441253,
        1.1681240053839055,
        1.1714283554022498,
        1.1673217275242882,
        1.163292124434343,
        1.1618839516994475,
        1.1628545086812623,
        1.1658471508172032,
        1.162597755890327,
        1.1589380297884142,
        1.1495540509390159,
        1.1535181281393152,
        1.1511157555976173,
        1.1562468718761714,
        1.1567622276757095,
        1.1487489931456571,
        1.1485420604604684,
        1.1529602971034139,
        1.140668175945933,
        1.1445560220045012,
        1.1446382530890342,
        1.139798255572501
    ],
    "val_losses": [
        2.2609452720994287,
        2.1538420818365642,
        1.9658779865640863,
        1.8551700938112605,
        1.784917404883522,
        1.718702182919998,
        1.6711432294734143,
        1.645400907635397,
        1.6101855556887426,
        1.5821123274142683,
        1.5590924216059354,
        1.5319797621124562,
        1.5092096327068567,
        1.4908355244182927,
        1.472450850101952,
        1.4527135106031674,
        1.4411810726712515,
        1.427433593017117,
        1.411443026759804,
        1.399194701604046,
        1.384961546393951,
        1.3735710183691896,
        1.3681767938968519,
        1.3570914005599124,
        1.350867252826579,
        1.3397693140232436,
        1.3328312085825882,
        1.3262514268376748,
        1.323012634410532,
        1.3178899303835212,
        1.3083062024706087,
        1.306657773344099,
        1.2998588027268412,
        1.2916617147482268,
        1.2897925948141393,
        1.2894079106201566,
        1.2809103467242011,
        1.2782991752571746,
        1.2732534681358942,
        1.2715946918032204,
        1.2690192760172236,
        1.2684499834206981,
        1.26465730860841,
        1.262318134442455,
        1.2585546971282053,
        1.2585825902354375,
        1.2562982654851589,
        1.256318813243769,
        1.255669507778135,
        1.2522911512230765,
        1.248647489418543,
        1.2508084638109427,
        1.2484104966946905,
        1.2447088603150418,
        1.2468258989553345,
        1.2440745535287914,
        1.2397910208345717,
        1.2393444511473275,
        1.2377727624052561,
        1.236680549239496,
        1.236881741544466,
        1.2372429363391249,
        1.2365903006659986,
        1.2345644908049203,
        1.2339766023148624,
        1.2344927917260506,
        1.236684960817941,
        1.2347835801248754,
        1.2321518830031273,
        1.2323848451906114,
        1.2313299072328494,
        1.2307168449444652,
        1.2299190029099534,
        1.2321273801076766,
        1.2292682950059797,
        1.227892029651787,
        1.2284502431943147,
        1.228644715960408,
        1.2292642664830427,
        1.2298227531299644,
        1.2305591091228492,
        1.2292880262001724,
        1.229444948588728,
        1.2297692405642333,
        1.2291322436145011,
        1.2305764112741335,
        1.2304580115734793,
        1.228676887749607,
        1.2296721376369293,
        1.2280049653409186,
        1.2306600549419837,
        1.2291477643410902,
        1.2300593950865384,
        1.231182565086492,
        1.2306848754753714,
        1.2290872482478403,
        1.2284147306501116,
        1.2266347577685173,
        1.228542905860964,
        1.2260509533643007
    ],
    "val_accs": [
        0.1629,
        0.2288,
        0.3008,
        0.3487,
        0.3728,
        0.401,
        0.4188,
        0.426,
        0.4335,
        0.4455,
        0.456,
        0.4598,
        0.4646,
        0.4688,
        0.4791,
        0.483,
        0.4849,
        0.491,
        0.4961,
        0.505,
        0.5074,
        0.5127,
        0.5153,
        0.518,
        0.5249,
        0.5262,
        0.5259,
        0.529,
        0.5274,
        0.5302,
        0.5353,
        0.5342,
        0.5385,
        0.5404,
        0.5404,
        0.5409,
        0.5421,
        0.5457,
        0.5446,
        0.5458,
        0.5454,
        0.5477,
        0.5519,
        0.5508,
        0.5504,
        0.5542,
        0.5519,
        0.5504,
        0.5493,
        0.5525,
        0.5533,
        0.5517,
        0.556,
        0.5563,
        0.552,
        0.5533,
        0.5574,
        0.5547,
        0.5578,
        0.5557,
        0.556,
        0.5557,
        0.555,
        0.5577,
        0.5596,
        0.5585,
        0.5588,
        0.5581,
        0.5566,
        0.559,
        0.5598,
        0.5578,
        0.5578,
        0.5593,
        0.5589,
        0.5609,
        0.5621,
        0.5624,
        0.5607,
        0.5584,
        0.5599,
        0.5627,
        0.5617,
        0.5601,
        0.5624,
        0.5614,
        0.5615,
        0.5643,
        0.5664,
        0.5675,
        0.5594,
        0.5636,
        0.5627,
        0.5644,
        0.5614,
        0.5629,
        0.5639,
        0.5639,
        0.5623,
        0.5642
    ],
    "hyperparameters": {
        "batch_size": 128,
        "learning_rate": 0.0005,
        "momentum": 0.9,
        "weight_decay": 0.0001,
        "optimizer": "adam",
        "early_stopping": true,
        "patience": 10
    },
    "runtime_info": {
        "total_training_time": 249.16121411323547,
        "avg_epoch_time": 2.4916121411323546,
        "timestamp": "2025-04-13 00:54:53"
    }
}