{
    "model_name": "Adam_GELU_standard",
    "features": [
        "GELU",
        "Adam"
    ],
    "epochs": 91,
    "best_epoch": 81,
    "best_val_acc": 0.5501,
    "training_time": 274.3479199409485,
    "train_losses": [
        2.6862854013339463,
        2.3189681118512597,
        2.2885593644035036,
        2.2214922402609885,
        2.119756955119827,
        2.049438930821825,
        1.983115971950493,
        1.931178998355586,
        1.8968861295923813,
        1.8683706190259672,
        1.8325476973415051,
        1.8005776028211593,
        1.7789621932213793,
        1.7497558689773525,
        1.7189156671865926,
        1.6966141178962808,
        1.6729798390036361,
        1.6541599911294123,
        1.6306144263121456,
        1.6134535866081567,
        1.596751139299135,
        1.5815549910361926,
        1.5692508325082266,
        1.5537537373628194,
        1.5431169605106878,
        1.5319558268015494,
        1.5139355382562685,
        1.4970396533532053,
        1.485905225061077,
        1.4834751633168097,
        1.463139442285634,
        1.4639619894676499,
        1.451889828903809,
        1.4425635319250019,
        1.4386464024037509,
        1.4329508412508682,
        1.4221552668818764,
        1.4165553671441875,
        1.4032925173701234,
        1.4006441532513418,
        1.39345872097781,
        1.3876708814672611,
        1.381694103147571,
        1.3688801461775473,
        1.369551135805465,
        1.3651270458953884,
        1.3537098496760918,
        1.356609754779103,
        1.3537447447307245,
        1.3486978158232485,
        1.3422718707453227,
        1.331646325170381,
        1.3352410399686365,
        1.3290385676090524,
        1.3359677016707647,
        1.3246601195477714,
        1.3219755461984295,
        1.3174521840807167,
        1.3100987500893193,
        1.3070564435928904,
        1.2978395073941307,
        1.3041065012013755,
        1.2929957533384189,
        1.2927072311008956,
        1.2955398635387625,
        1.2872164868823732,
        1.2882821709851875,
        1.2851462969107297,
        1.2853583877030974,
        1.281245249612803,
        1.281055405545721,
        1.2853755304984642,
        1.2791261970439467,
        1.2738904302863139,
        1.2714959558660273,
        1.2711730323055912,
        1.2705858841193332,
        1.2666402632892546,
        1.2658610106508381,
        1.2569356270152714,
        1.2607035947213905,
        1.255217085246773,
        1.251302473643254,
        1.2536321434893916,
        1.2569743328938883,
        1.2560423110645857,
        1.2516241841196796,
        1.2388112852226605,
        1.2438018072183645,
        1.2423700626626057,
        1.2390020371779713
    ],
    "val_losses": [
        2.312586122495604,
        2.299196812556164,
        2.235882639822105,
        2.081414195876468,
        1.9825627366378695,
        1.903242835933357,
        1.8398459298955394,
        1.801899083673174,
        1.7705313016587751,
        1.7475058367037228,
        1.7209652033684049,
        1.692734998737875,
        1.672979680882365,
        1.6486136043205333,
        1.621478060336098,
        1.594280140430588,
        1.5735624917576774,
        1.5603086751926887,
        1.5405906257651527,
        1.5253306747030773,
        1.5033215101292887,
        1.4911706053307525,
        1.4766516014931053,
        1.4706155854200398,
        1.4556988411763507,
        1.4510049897089214,
        1.4381429786007698,
        1.4305227899471675,
        1.4187505166515992,
        1.414751887614838,
        1.4046635149915616,
        1.4015344487229202,
        1.392971639774242,
        1.386030342450962,
        1.3815023199389915,
        1.3697586024422503,
        1.3673076963358486,
        1.3626338583834103,
        1.3565417621262634,
        1.3528337841056592,
        1.3488365282447787,
        1.3503105076808288,
        1.343417243178608,
        1.341766672346438,
        1.3377709912871834,
        1.3350900703084823,
        1.3329275972328094,
        1.3325954031675078,
        1.3265864394368259,
        1.322615636850037,
        1.323565931223907,
        1.3182039521722422,
        1.3197835857683022,
        1.3123668299417168,
        1.3119483283256987,
        1.3098852685472135,
        1.3101276565107611,
        1.3099377011421567,
        1.3079463215983873,
        1.305394529183078,
        1.3042947681374826,
        1.300609390715955,
        1.2990449573198317,
        1.3002290281956603,
        1.2986228939683582,
        1.2993993371341246,
        1.2933918336630534,
        1.2988655383166314,
        1.2935832759783996,
        1.2934484983729904,
        1.2924785159531755,
        1.2959939069663113,
        1.2928198987876007,
        1.2951787605977305,
        1.2919468853624463,
        1.289767873768766,
        1.2922896635272483,
        1.289719978539571,
        1.2881219164582203,
        1.2905635866337053,
        1.287035817116669,
        1.2874572417143244,
        1.2901598728956996,
        1.2881993233420936,
        1.2858920899457782,
        1.2847022819268656,
        1.286344530212371,
        1.2882499162798613,
        1.2893172482403061,
        1.2897739578177498,
        1.288742939113861
    ],
    "val_accs": [
        0.0975,
        0.0874,
        0.1902,
        0.2317,
        0.2372,
        0.2688,
        0.2903,
        0.3097,
        0.3123,
        0.3287,
        0.3437,
        0.3582,
        0.373,
        0.3761,
        0.3967,
        0.4099,
        0.4213,
        0.4258,
        0.4291,
        0.4353,
        0.4408,
        0.4458,
        0.4532,
        0.4586,
        0.473,
        0.4704,
        0.4778,
        0.4827,
        0.4881,
        0.4889,
        0.4951,
        0.495,
        0.4992,
        0.5024,
        0.4998,
        0.5009,
        0.507,
        0.5104,
        0.5128,
        0.5144,
        0.5168,
        0.5151,
        0.5192,
        0.5183,
        0.5192,
        0.522,
        0.5257,
        0.5246,
        0.5291,
        0.5296,
        0.5264,
        0.5362,
        0.5346,
        0.5367,
        0.5336,
        0.5376,
        0.5357,
        0.537,
        0.5423,
        0.5378,
        0.5402,
        0.5393,
        0.5404,
        0.5388,
        0.542,
        0.5389,
        0.5434,
        0.5422,
        0.5428,
        0.5433,
        0.5459,
        0.5394,
        0.5456,
        0.5466,
        0.5451,
        0.5455,
        0.5448,
        0.5485,
        0.5457,
        0.5492,
        0.5501,
        0.5468,
        0.5453,
        0.5483,
        0.5468,
        0.5477,
        0.5479,
        0.5451,
        0.5454,
        0.5461,
        0.5458
    ],
    "hyperparameters": {
        "batch_size": 64,
        "learning_rate": 0.0005,
        "momentum": 0.9,
        "weight_decay": 0.0001,
        "optimizer": "adam",
        "early_stopping": true,
        "patience": 10
    },
    "runtime_info": {
        "total_training_time": 274.3479199409485,
        "avg_epoch_time": 3.01481230704339,
        "timestamp": "2025-04-13 17:27:46"
    }
}