{
    "model_name": "Adam_BatchNorm_standard",
    "features": [
        "Adam",
        "BatchNorm"
    ],
    "epochs": 11,
    "best_epoch": 1,
    "best_val_acc": 0.1108,
    "training_time": 13.483353853225708,
    "train_losses": [
        2.360671158919015,
        1.9887875247457678,
        1.932096139271181,
        2.0492464523989002,
        2.2694083986458025,
        2.292698508234866,
        2.2892602688072543,
        2.288109892552106,
        2.2896352323498106,
        2.2901989326823675,
        2.293256450045838
    ],
    "val_losses": [
        2.290125994884785,
        2.3046037982297385,
        2.310714785474382,
        2.319693192963211,
        2.322381202124404,
        2.3181188229186427,
        2.3161949107753217,
        2.3146050844071255,
        2.3145996597169733,
        2.3141301257621674,
        2.3139580029322806
    ],
    "val_accs": [
        0.1108,
        0.1033,
        0.1023,
        0.1014,
        0.1014,
        0.1022,
        0.1014,
        0.1022,
        0.1022,
        0.1014,
        0.1014
    ],
    "hyperparameters": {
        "batch_size": 128,
        "learning_rate": 0.001,
        "momentum": 0.9,
        "weight_decay": 0.0001,
        "optimizer": "adam",
        "early_stopping": true,
        "patience": 10
    },
    "runtime_info": {
        "total_training_time": 13.483353853225708,
        "avg_epoch_time": 1.2257594412023372,
        "timestamp": "2025-04-12 19:35:13"
    }
}