{
    "model_name": "Adam_BatchNorm_GELU_minmax",
    "features": [
        "GELU",
        "Adam",
        "BatchNorm"
    ],
    "accuracy": 0.1,
    "precision": 0.01,
    "recall": 0.1,
    "f1_score": 0.01818181818181818,
    "loss": 2.306521170386942,
    "inference_time": 0.13862204551696777,
    "timestamp": "2025-04-12 19:39:29"
}