{
    "model_name": "Adam_BatchNorm_GELU_standard",
    "features": [
        "GELU",
        "Adam",
        "BatchNorm"
    ],
    "accuracy": 0.15,
    "precision": 0.1725612043469269,
    "recall": 0.15,
    "f1_score": 0.12627259956269382,
    "loss": 2.2673526934047583,
    "inference_time": 0.19679903984069824,
    "timestamp": "2025-04-12 19:41:14"
}