{
    "model_name": "Adam_BatchNorm_GELU_standard",
    "features": [
        "GELU",
        "Adam",
        "BatchNorm"
    ],
    "epochs": 11,
    "best_epoch": 1,
    "best_val_acc": 0.1555,
    "training_time": 37.1950740814209,
    "train_losses": [
        2.4431098538779095,
        2.1166002849647074,
        2.02394987855669,
        2.201618467164006,
        2.3258772820965863,
        2.309251274061834,
        2.3064233444477606,
        2.306822668522704,
        2.306049304894549,
        2.306592799014719,
        2.305952829142989
    ],
    "val_losses": [
        2.268037323440168,
        2.3211632063494374,
        2.2727598200281727,
        2.3102557697289487,
        2.3047321131802905,
        2.3037996216882317,
        2.3034562826252527,
        2.3032046218896625,
        2.30306998543046,
        2.3028036414905793,
        2.302980075158572
    ],
    "val_accs": [
        0.1555,
        0.0883,
        0.1545,
        0.0952,
        0.0952,
        0.0952,
        0.0997,
        0.0997,
        0.0997,
        0.1003,
        0.0952
    ],
    "hyperparameters": {
        "batch_size": 128,
        "learning_rate": 0.001,
        "momentum": 0.9,
        "weight_decay": 0.0001,
        "optimizer": "adam",
        "early_stopping": true,
        "patience": 10
    },
    "runtime_info": {
        "total_training_time": 37.1950740814209,
        "avg_epoch_time": 3.3813703710382637,
        "timestamp": "2025-04-12 19:41:14"
    }
}