{
    "model_name": "Adam_BatchNorm_GELU_minmax",
    "features": [
        "GELU",
        "Adam",
        "BatchNorm"
    ],
    "epochs": 16,
    "best_epoch": 6,
    "best_val_acc": 0.1014,
    "training_time": 40.98681592941284,
    "train_losses": [
        2.3314278046810677,
        2.1119069389724987,
        2.1398157522423102,
        2.155249945831847,
        2.1656009798719227,
        2.180880116464379,
        2.177249363015028,
        2.1733334224049785,
        2.17383515444556,
        2.174695592880559,
        2.1721108861783978,
        2.163984264179592,
        2.1566071535523648,
        2.158005894286375,
        2.1643951681546936,
        2.1583924537852326
    ],
    "val_losses": [
        2.311751591254725,
        2.3034337128362123,
        2.304361548745224,
        2.305519898977608,
        2.305922126591768,
        2.305554802310424,
        2.305818892170525,
        2.3064039739426376,
        2.3066684832631994,
        2.3066342268036335,
        2.306998760581732,
        2.3077983757755423,
        2.3081927340852,
        2.3090196942443946,
        2.3093602178884463,
        2.3099093908734982
    ],
    "val_accs": [
        0.0919,
        0.0977,
        0.0977,
        0.0977,
        0.0977,
        0.1014,
        0.1014,
        0.1014,
        0.1014,
        0.1014,
        0.1014,
        0.1014,
        0.1014,
        0.1014,
        0.1014,
        0.1014
    ],
    "hyperparameters": {
        "batch_size": 128,
        "learning_rate": 0.001,
        "momentum": 0.9,
        "weight_decay": 0.0001,
        "optimizer": "adam",
        "early_stopping": true,
        "patience": 10
    },
    "runtime_info": {
        "total_training_time": 40.98681592941284,
        "avg_epoch_time": 2.5616759955883026,
        "timestamp": "2025-04-12 19:39:29"
    }
}