{
    "model_name": "Adam_BatchNorm_standard",
    "features": [
        "Adam",
        "BatchNorm"
    ],
    "accuracy": 0.1102,
    "precision": 0.1801300189180803,
    "recall": 0.1102,
    "f1_score": 0.05064442317805836,
    "loss": 2.290777356850213,
    "inference_time": 0.036373138427734375,
    "timestamp": "2025-04-12 19:35:13"
}