{
    "model_name": "Adam_GELU_standard",
    "features": [
        "GELU",
        "Adam"
    ],
    "epochs": 65,
    "best_epoch": 55,
    "best_val_acc": 0.5643,
    "training_time": 159.79064226150513,
    "train_losses": [
        2.5456653530885935,
        2.087077421448878,
        1.9130683903250796,
        1.8167428686963505,
        1.7496714657914925,
        1.696375051678946,
        1.6465535816171237,
        1.6043656662923182,
        1.573353269087132,
        1.5345362397448667,
        1.5030276470256796,
        1.480228499513414,
        1.4518709359069988,
        1.4364129331120292,
        1.4163167954830942,
        1.4053818402553861,
        1.3881223076333489,
        1.3735128830548238,
        1.3532334413208138,
        1.3453650938375947,
        1.3349407782163212,
        1.323939323909295,
        1.313290269051639,
        1.3102436597269056,
        1.3023335722543354,
        1.290746333761583,
        1.2894788978416614,
        1.2797362168251687,
        1.2731070088499907,
        1.265346979997898,
        1.260420162263207,
        1.2569805088095671,
        1.2513245024057205,
        1.2476405042791157,
        1.2417728289152112,
        1.2438383053037063,
        1.2377674653909572,
        1.235840747603362,
        1.2360395957320507,
        1.2206766404223695,
        1.220895677811889,
        1.2159455824251482,
        1.211392071945001,
        1.2126413858355938,
        1.216065421525499,
        1.20761909353884,
        1.2115241916559332,
        1.2036065839707497,
        1.2021599937754823,
        1.193569692745511,
        1.1990600129159317,
        1.1969162421273332,
        1.1949403057072279,
        1.1892044645294568,
        1.183929120896543,
        1.1837480332124706,
        1.1930542173681362,
        1.179536338660501,
        1.1862361581966492,
        1.1840799214465842,
        1.1780940960484254,
        1.1818042731480318,
        1.1730419509080103,
        1.1729888859483126,
        1.1754915238678985
    ],
    "val_losses": [
        2.178952757755572,
        1.8918051483175866,
        1.7482971328294021,
        1.6904515593298453,
        1.6277012870484464,
        1.5775393920191823,
        1.5324717325111479,
        1.495102673245331,
        1.4653161065683,
        1.4402155583894283,
        1.40957742625167,
        1.3888468743885005,
        1.3671187449873565,
        1.3553558058537911,
        1.3446188784641484,
        1.336613846286025,
        1.3232355467562877,
        1.3165552028953806,
        1.310320343234265,
        1.2995787606646123,
        1.2948727911954483,
        1.2943373891942531,
        1.2870172063181058,
        1.284478309100721,
        1.2769241509539198,
        1.2757311596227112,
        1.2729473816340524,
        1.269208858593544,
        1.2664464249478034,
        1.262752949829163,
        1.262193573594053,
        1.2593614613257875,
        1.258837813881935,
        1.2538528668820406,
        1.251667498488106,
        1.2510035797216215,
        1.2514870115789654,
        1.2549271853826511,
        1.253279052837546,
        1.2527388512469082,
        1.2559051924364422,
        1.251835469019128,
        1.2517612270975524,
        1.2466701276649867,
        1.2485405492737727,
        1.2506427820285229,
        1.246920382341159,
        1.249088906934506,
        1.2497228597766934,
        1.2510257064408525,
        1.2511011537205874,
        1.24584577659384,
        1.2494634072951087,
        1.2476854433726814,
        1.2488413619394823,
        1.2478554898066334,
        1.2478313893636064,
        1.2490999489766743,
        1.2495041401684885,
        1.2479653784960345,
        1.2494105095282444,
        1.2475950187957485,
        1.2473577279307693,
        1.2502174682040517,
        1.2497357364125514
    ],
    "val_accs": [
        0.2147,
        0.3266,
        0.3906,
        0.408,
        0.4291,
        0.4458,
        0.4599,
        0.4687,
        0.4803,
        0.4946,
        0.5029,
        0.5077,
        0.518,
        0.5213,
        0.5258,
        0.5292,
        0.5362,
        0.533,
        0.5388,
        0.5394,
        0.5415,
        0.5433,
        0.5442,
        0.5449,
        0.5482,
        0.5487,
        0.5516,
        0.5506,
        0.5519,
        0.5516,
        0.5541,
        0.5575,
        0.5574,
        0.5575,
        0.5573,
        0.5567,
        0.5593,
        0.5559,
        0.5597,
        0.561,
        0.5543,
        0.5556,
        0.5562,
        0.5614,
        0.561,
        0.5557,
        0.5603,
        0.5584,
        0.5606,
        0.5572,
        0.5565,
        0.5635,
        0.5599,
        0.5605,
        0.5643,
        0.5586,
        0.5607,
        0.5571,
        0.5595,
        0.5568,
        0.5556,
        0.558,
        0.5596,
        0.559,
        0.5551
    ],
    "hyperparameters": {
        "batch_size": 128,
        "learning_rate": 0.001,
        "momentum": 0.9,
        "weight_decay": 0.0001,
        "optimizer": "adam",
        "early_stopping": true,
        "patience": 10
    },
    "runtime_info": {
        "total_training_time": 159.79064226150513,
        "avg_epoch_time": 2.458317573253925,
        "timestamp": "2025-04-12 19:45:26"
    }
}