{
    "model_name": "BatchNorm_GELU_standard",
    "features": [
        "GELU",
        "BatchNorm"
    ],
    "epochs": 12,
    "best_epoch": 2,
    "best_val_acc": 0.2034,
    "training_time": 29.5296528339386,
    "train_losses": [
        2.2871810650597575,
        1.9869777202787504,
        1.9039172896381507,
        1.8596582643298782,
        1.8312099733571081,
        1.8351342146190497,
        1.831189085824346,
        1.8260653494047743,
        1.8784549557147077,
        1.9031613090634565,
        1.9680308468513472,
        2.033359050176258
    ],
    "val_losses": [
        2.1647836310115616,
        2.1639037643495223,
        2.20233442452068,
        2.248367077885603,
        2.2973306409885845,
        2.3310580287772615,
        2.345994170052021,
        2.349893822715631,
        2.351543466278818,
        2.356065583684652,
        2.358619033341732,
        2.365193429925623
    ],
    "val_accs": [
        0.1934,
        0.2034,
        0.1773,
        0.1541,
        0.1251,
        0.1052,
        0.0968,
        0.0969,
        0.094,
        0.1023,
        0.1022,
        0.1014
    ],
    "hyperparameters": {
        "batch_size": 128,
        "learning_rate": 0.01,
        "momentum": 0.9,
        "weight_decay": 0.0001,
        "optimizer": "sgd",
        "early_stopping": true,
        "patience": 10
    },
    "runtime_info": {
        "total_training_time": 29.5296528339386,
        "avg_epoch_time": 2.4608044028282166,
        "timestamp": "2025-04-12 19:35:44"
    }
}