{
    "model_name": "lr0.0001_drop0.3_wd0.001_h512_256",
    "features": [
        "GELU",
        "Adam"
    ],
    "accuracy": 0.5492,
    "precision": 0.5502582101054808,
    "recall": 0.5492,
    "f1_score": 0.5451054787555412,
    "loss": 1.2717742233229492,
    "inference_time": 0.345714807510376,
    "timestamp": "2025-04-16 15:09:55"
}