{
    "model_name": "lr0.0001_drop0.3_wd0.001_h512_256",
    "features": [
        "GELU",
        "Adam"
    ],
    "epochs": 100,
    "best_epoch": 96,
    "best_val_acc": 0.5556,
    "training_time": 580.041433095932,
    "train_losses": [
        2.737379364034661,
        2.269960096557155,
        2.1003003908261872,
        1.9790274600218756,
        1.9013057394423087,
        1.8343947694643812,
        1.7862723760592147,
        1.7480633103379453,
        1.7156265422615702,
        1.6776006543196562,
        1.6538778727219614,
        1.6253738865604257,
        1.59974722932165,
        1.5756057044422813,
        1.552726881502557,
        1.5316495678076243,
        1.511942988587217,
        1.4937075011650245,
        1.4752133605492794,
        1.4591556590361867,
        1.440294287115595,
        1.4232986743961544,
        1.4088057392181115,
        1.3935076692363264,
        1.3807796208692318,
        1.3679285099587388,
        1.3569612131916657,
        1.3460509991558995,
        1.3335049665398404,
        1.320975334022986,
        1.3125273011531944,
        1.2965760436726343,
        1.2882870597513263,
        1.2745518730937209,
        1.2617341129490274,
        1.2610758520936813,
        1.246905663350396,
        1.2369200469256965,
        1.229826798416703,
        1.2226179815237241,
        1.2098126255355055,
        1.2046346931503011,
        1.2019920018795571,
        1.187623313440072,
        1.1742115510865456,
        1.1758601081671187,
        1.1646846179016543,
        1.1596441206700516,
        1.1506178876360451,
        1.138660131531676,
        1.137986621111434,
        1.1276915415221744,
        1.120658386939674,
        1.111604373594212,
        1.1055666091017409,
        1.0991239926571073,
        1.0967746593758545,
        1.0887911928028375,
        1.0797810080845172,
        1.075506509745209,
        1.0719300740283082,
        1.0582752736952254,
        1.0584082189800184,
        1.0511307337052311,
        1.0489962038583842,
        1.0437343564541683,
        1.0395342540025834,
        1.0384629159638785,
        1.0274638255273338,
        1.0260856985145417,
        1.0196341540493972,
        1.0070660768323025,
        1.0077740774291044,
        1.0067643772028707,
        0.9933456461366709,
        0.9878844434920495,
        0.9845955926007963,
        0.9807369699613706,
        0.9718137952242623,
        0.9694330810034794,
        0.971799114210028,
        0.9612596561330005,
        0.9519329854166066,
        0.9486292160565388,
        0.9495309325208934,
        0.9469899082872211,
        0.9398272967908332,
        0.9355138038996277,
        0.9358882189035562,
        0.9336339729502404,
        0.9244597080916928,
        0.9271853257622273,
        0.9154014987072985,
        0.9125307472610462,
        0.9079491236982743,
        0.9062283804083918,
        0.8989000566516916,
        0.9001300810497672,
        0.8901233552586316,
        0.8894727889950543
    ],
    "val_losses": [
        2.172479998394625,
        2.0333607774062927,
        1.9235443536535466,
        1.8344559504765023,
        1.775273529298032,
        1.7306684452862742,
        1.6980723174606625,
        1.6720463355657278,
        1.648185752800957,
        1.6254722644233217,
        1.6066982151384317,
        1.5876312290567574,
        1.570089097762844,
        1.5557529347917143,
        1.5411694664106184,
        1.526019960009626,
        1.5123477260424107,
        1.5005152069111773,
        1.4876152981783506,
        1.4766558101018932,
        1.4664440502266245,
        1.4570378618977056,
        1.4454818144985588,
        1.434287674384785,
        1.4299381237080044,
        1.418257924022137,
        1.412207263610854,
        1.4060438548009258,
        1.3977950457375325,
        1.3906856131270566,
        1.3867897562049891,
        1.3784786782324172,
        1.3742009490973564,
        1.3703027306850952,
        1.3631146857782912,
        1.3576477608913924,
        1.3557404532003536,
        1.347409405080909,
        1.3480369124174605,
        1.3433178799588672,
        1.3370785400978051,
        1.3369717868982953,
        1.3315517077389978,
        1.326767160503254,
        1.3258264688499588,
        1.3217256343951311,
        1.3194861807109057,
        1.3143329354129143,
        1.3136750636505747,
        1.3108964430570111,
        1.30741291623019,
        1.3040170656484882,
        1.3047738836334732,
        1.303661404975683,
        1.3011707149807819,
        1.295800380419904,
        1.297014937946554,
        1.295340636890151,
        1.2954809650429628,
        1.2919507511850574,
        1.2917933266557584,
        1.2899223112231812,
        1.2889760138331139,
        1.2868715482298951,
        1.28553765997051,
        1.2851966610091767,
        1.284501355075935,
        1.284007384129884,
        1.2824662785276997,
        1.2810168045764334,
        1.2792285619677777,
        1.2786210325519134,
        1.2783356041432419,
        1.2789824790233153,
        1.2760054718159575,
        1.2758101891487386,
        1.2767734345436357,
        1.2731804693426079,
        1.2770177603965993,
        1.274987667411931,
        1.2740826467919188,
        1.2739390438745282,
        1.274019190336352,
        1.2727774373753884,
        1.2739762504231358,
        1.2728047404905367,
        1.2736944096571914,
        1.2736398610372923,
        1.2737970031294845,
        1.2750343593895521,
        1.2744296837601825,
        1.2744922372066696,
        1.2722084353511915,
        1.2700458984214118,
        1.271486210471477,
        1.2725438764348316,
        1.2696411931732638,
        1.2722393051566938,
        1.2712720846538774,
        1.2746732271248586
    ],
    "val_accs": [
        0.2274,
        0.2947,
        0.3349,
        0.3653,
        0.3857,
        0.4004,
        0.4093,
        0.4147,
        0.4245,
        0.4303,
        0.4371,
        0.4451,
        0.4522,
        0.457,
        0.4607,
        0.4653,
        0.4731,
        0.4769,
        0.4806,
        0.4853,
        0.4872,
        0.4941,
        0.4961,
        0.5007,
        0.5028,
        0.5062,
        0.5062,
        0.5089,
        0.5096,
        0.5115,
        0.5147,
        0.5165,
        0.5189,
        0.5207,
        0.5236,
        0.5254,
        0.5275,
        0.5311,
        0.5286,
        0.5282,
        0.532,
        0.5304,
        0.5323,
        0.5323,
        0.5337,
        0.5313,
        0.5327,
        0.5364,
        0.5364,
        0.537,
        0.5397,
        0.5385,
        0.5386,
        0.5387,
        0.5392,
        0.5408,
        0.5418,
        0.5426,
        0.5434,
        0.5425,
        0.5442,
        0.544,
        0.5452,
        0.5459,
        0.5443,
        0.5452,
        0.5461,
        0.5466,
        0.5482,
        0.5464,
        0.547,
        0.5482,
        0.5491,
        0.546,
        0.5502,
        0.5489,
        0.5485,
        0.5498,
        0.5499,
        0.5498,
        0.5529,
        0.5531,
        0.5514,
        0.5504,
        0.5505,
        0.5528,
        0.5522,
        0.5543,
        0.5531,
        0.5511,
        0.5519,
        0.5516,
        0.5528,
        0.5549,
        0.5539,
        0.5556,
        0.5556,
        0.5541,
        0.5549,
        0.5527
    ],
    "hyperparameters": {
        "batch_size": 128,
        "learning_rate": 0.0001,
        "momentum": 0.9,
        "weight_decay": 0.001,
        "optimizer": "adam",
        "early_stopping": true,
        "patience": 10
    },
    "runtime_info": {
        "total_training_time": 580.041433095932,
        "avg_epoch_time": 5.80041433095932,
        "timestamp": "2025-04-16 15:09:55"
    }
}