{
    "model_name": "Adam_GELU_standard",
    "features": [
        "GELU",
        "Adam"
    ],
    "epochs": 49,
    "best_epoch": 39,
    "best_val_acc": 0.559,
    "training_time": 115.30008602142334,
    "train_losses": [
        2.392206002480951,
        1.9757681797951514,
        1.8156173863671357,
        1.7236145649025458,
        1.6547929676717636,
        1.5978535946576824,
        1.552605752198409,
        1.5078701211130048,
        1.4680538827223863,
        1.4355725278111013,
        1.4162973810418984,
        1.3841428428045939,
        1.3636114779568824,
        1.3403985647689336,
        1.3225504626174627,
        1.3019200806081743,
        1.2820420052382215,
        1.2652448106889405,
        1.25049638560173,
        1.2373240300869404,
        1.2253418490515116,
        1.2077553354053518,
        1.2027617859545243,
        1.1820567350046616,
        1.1721714054482297,
        1.1661345495852848,
        1.1613377365493012,
        1.1438252342526127,
        1.1365183964373977,
        1.1242445189974932,
        1.1213390351807144,
        1.1109073730709216,
        1.1018466214834683,
        1.0919739317774537,
        1.0869839271626596,
        1.0787115588141563,
        1.073150702363564,
        1.0667160939575733,
        1.0635845294882842,
        1.0630995141153636,
        1.0478549915322752,
        1.0455751450363826,
        1.0317795482163197,
        1.029215213377631,
        1.0302845130137637,
        1.0192305671918391,
        1.0226034124758814,
        1.012353426145824,
        1.0065092510045175
    ],
    "val_losses": [
        2.0254915313500272,
        1.7858568830738506,
        1.6952714372389774,
        1.6324382437868603,
        1.5879199218073259,
        1.5399314999369615,
        1.5015376911446006,
        1.466598586855474,
        1.4429285312933129,
        1.4199063685140056,
        1.4010621297630015,
        1.3856537189491112,
        1.369943428609315,
        1.3570811535535976,
        1.3449073997315404,
        1.3374064172063693,
        1.3318649215209462,
        1.3195466814832513,
        1.3161658037371302,
        1.3052170574805029,
        1.2996002889340117,
        1.2952008312632406,
        1.291217569555905,
        1.2864161380195227,
        1.281327264552898,
        1.277297694029013,
        1.275397843767427,
        1.2719607120126228,
        1.267660477870365,
        1.2668524463929658,
        1.2660397251065256,
        1.2640609917573151,
        1.2632061645447847,
        1.261430534154626,
        1.2575994467038807,
        1.2582987549801332,
        1.2556942888722211,
        1.2552932630855946,
        1.2566311316146923,
        1.2572920074949578,
        1.256724011987827,
        1.2575958529089792,
        1.2556494710543116,
        1.2555839674659819,
        1.2542315176821426,
        1.260203805777239,
        1.2558078314975396,
        1.2581333758952347,
        1.2581954382499048
    ],
    "val_accs": [
        0.2904,
        0.3762,
        0.4051,
        0.4295,
        0.4455,
        0.4592,
        0.4764,
        0.4795,
        0.4891,
        0.4981,
        0.5045,
        0.5092,
        0.5135,
        0.5196,
        0.5246,
        0.5258,
        0.5268,
        0.5361,
        0.5319,
        0.5374,
        0.5369,
        0.5425,
        0.5435,
        0.5439,
        0.5461,
        0.5499,
        0.5481,
        0.551,
        0.5529,
        0.5554,
        0.5533,
        0.5542,
        0.5542,
        0.5531,
        0.5554,
        0.5545,
        0.5571,
        0.556,
        0.559,
        0.5547,
        0.5527,
        0.5544,
        0.5558,
        0.5556,
        0.556,
        0.5512,
        0.5554,
        0.554,
        0.5543
    ],
    "hyperparameters": {
        "batch_size": 128,
        "learning_rate": 0.0005,
        "momentum": 0.9,
        "weight_decay": 0.0001,
        "optimizer": "adam",
        "early_stopping": true,
        "patience": 10
    },
    "runtime_info": {
        "total_training_time": 115.30008602142334,
        "avg_epoch_time": 2.3530629800290477,
        "timestamp": "2025-04-13 16:11:34"
    }
}