{
    "model_name": "Adam_GELU_standard",
    "features": [
        "GELU",
        "Adam"
    ],
    "accuracy": 0.5514,
    "precision": 0.5505759841112365,
    "recall": 0.5514,
    "f1_score": 0.5481311117102532,
    "loss": 1.2510132555972742,
    "inference_time": 0.14580917358398438,
    "timestamp": "2025-04-13 16:11:34"
}