{
    "model_name": "lr0.0001_drop0.7_wd0.0001_h512_256",
    "features": [
        "GELU",
        "Adam"
    ],
    "epochs": 12,
    "best_epoch": 2,
    "best_val_acc": 0.147,
    "training_time": 58.044421911239624,
    "train_losses": [
        5.316776886827746,
        3.7274781256324983,
        3.024828359375662,
        2.6948489625976966,
        2.5369352288364557,
        2.4479281317208987,
        2.3924307310883997,
        2.3557189250028876,
        2.33075470359693,
        2.3101230326447,
        2.2887838116256263,
        2.273005260405821
    ],
    "val_losses": [
        2.3210261551194855,
        2.27786101998604,
        2.294675253927814,
        2.3071888125767237,
        2.3134353227272637,
        2.3152991866204227,
        2.3147229440139494,
        2.312562278163362,
        2.308208501361183,
        2.299596831731223,
        2.2852513168329627,
        2.2694556080654698
    ],
    "val_accs": [
        0.141,
        0.147,
        0.1233,
        0.0889,
        0.0706,
        0.0644,
        0.0618,
        0.0656,
        0.0734,
        0.0845,
        0.1131,
        0.1383
    ],
    "hyperparameters": {
        "batch_size": 128,
        "learning_rate": 0.0001,
        "momentum": 0.9,
        "weight_decay": 0.0001,
        "optimizer": "adam",
        "early_stopping": true,
        "patience": 10
    },
    "runtime_info": {
        "total_training_time": 58.044421911239624,
        "avg_epoch_time": 4.837035159269969,
        "timestamp": "2025-04-16 16:54:58"
    }
}