{
    "model_name": "lr0.0001_drop0.7_wd0.0001_h512_256",
    "features": [
        "GELU",
        "Adam"
    ],
    "accuracy": 0.1506,
    "precision": 0.14666890624681553,
    "recall": 0.1506,
    "f1_score": 0.14278476859029773,
    "loss": 2.2745256897824473,
    "inference_time": 0.29196619987487793,
    "timestamp": "2025-04-16 16:54:58"
}