{
    "model_name": "Adam_GELU_standard",
    "features": [
        "GELU",
        "Adam"
    ],
    "epochs": 100,
    "best_epoch": 99,
    "best_val_acc": 0.5304,
    "training_time": 131.53677320480347,
    "train_losses": [
        2.891113869074084,
        2.3443820264701936,
        2.2654355183470494,
        2.190864774834494,
        2.1051163506990402,
        2.0257877784441938,
        1.9593071351686966,
        1.9158314261023788,
        1.8688883222202444,
        1.837336209853444,
        1.8102295588217028,
        1.7821286554287672,
        1.7570762286807087,
        1.7318043197495605,
        1.7143767964948262,
        1.6942454750462221,
        1.6780700414294343,
        1.6594357453468163,
        1.6441345542523,
        1.6331454921589348,
        1.6090846721841443,
        1.597210782786995,
        1.5910723763111472,
        1.5719316939269596,
        1.565486037726189,
        1.5557559414681523,
        1.5496041643112353,
        1.5439542352990627,
        1.5291933495372212,
        1.5218835797971577,
        1.5149158766939332,
        1.5113731542632634,
        1.5083903975381094,
        1.4993610299463196,
        1.4979602076923197,
        1.4914607458965206,
        1.4848997332049183,
        1.481398624742394,
        1.4781159907239276,
        1.4745830780421518,
        1.4664180297015963,
        1.4668410707148924,
        1.4566090764993616,
        1.4642472035322658,
        1.4547616539748418,
        1.452026900623496,
        1.4451528156212112,
        1.4524704634784693,
        1.440423439401096,
        1.4444070474439308,
        1.4356278913539822,
        1.4351976517095069,
        1.4348233336365235,
        1.4282545001422091,
        1.42467452532368,
        1.4194308146868437,
        1.4252715234004878,
        1.419893784597707,
        1.4170563952469815,
        1.4153462738372884,
        1.4180946934342793,
        1.4142004511310686,
        1.4177482835476267,
        1.4104034319372716,
        1.4118013020033748,
        1.4064656824516504,
        1.4041370739355143,
        1.4023646429198828,
        1.3989976176318863,
        1.4031126271386698,
        1.4021980962956058,
        1.3987165899606662,
        1.4020076174602656,
        1.3973839686548286,
        1.3930842174217457,
        1.4001106558997676,
        1.3924297600314444,
        1.3898103217034616,
        1.3899388009181775,
        1.389358723128938,
        1.3882679984157953,
        1.3876886747147215,
        1.3903671084180733,
        1.3838181372725478,
        1.3886267546248294,
        1.3808126618936443,
        1.3836072497514054,
        1.384493013636332,
        1.382428952632054,
        1.381605034285774,
        1.384790493223869,
        1.3799920157614098,
        1.3779321005724314,
        1.3765258443326662,
        1.37574440655226,
        1.375003821380979,
        1.3750194957535335,
        1.373005148371292,
        1.3730062510947383,
        1.3805299839423855
    ],
    "val_losses": [
        2.28695547746581,
        2.269156268244474,
        2.1936466498134575,
        2.0823651172885937,
        1.9664614629121047,
        1.8845672154856479,
        1.8258874629897746,
        1.7826353746906785,
        1.7426109346385423,
        1.7141216861892021,
        1.6824127914439404,
        1.6539507538560931,
        1.632575123795569,
        1.6084197939517189,
        1.5911581836566544,
        1.5746106694304876,
        1.5575232617372452,
        1.5372141457132158,
        1.5266851559917558,
        1.5157177066879626,
        1.5019262688165511,
        1.4890174045863445,
        1.481317803865215,
        1.4656456490210792,
        1.4584332882399027,
        1.4500099258238444,
        1.4429295461251517,
        1.4371947008172412,
        1.4275684929783614,
        1.4231456148194739,
        1.4171394950868206,
        1.4115895371192282,
        1.4079970561777582,
        1.4031200089466658,
        1.398597546440025,
        1.39372827590762,
        1.3897863103501837,
        1.387198102450406,
        1.3824858013735095,
        1.3799910282471737,
        1.3735343164344265,
        1.3738032870401746,
        1.3687161101175593,
        1.3686984385421124,
        1.3658497753141392,
        1.3635531073064786,
        1.358571126465227,
        1.3571781053920455,
        1.354530730901,
        1.354750579478207,
        1.352396367517014,
        1.3509484781934185,
        1.3493131296651906,
        1.3462478019714914,
        1.3454809196519981,
        1.3428067692683687,
        1.3438348488806908,
        1.3420865633802204,
        1.3403670855785705,
        1.339619341754841,
        1.3396584855013622,
        1.3388549040767554,
        1.3377113385268464,
        1.3364927909403594,
        1.3359720123813756,
        1.333222529588352,
        1.3313198691753507,
        1.330689597592971,
        1.3304236841091912,
        1.3318266955913969,
        1.3326738412087105,
        1.32983831556581,
        1.3303265182128934,
        1.329884938194853,
        1.3277795739737037,
        1.329224873304451,
        1.3266150806884236,
        1.3279292784976364,
        1.3261037842855343,
        1.3251695628760543,
        1.3258490059187094,
        1.3253299722364067,
        1.3245847429492008,
        1.3232309619069866,
        1.3242504200078256,
        1.3215435049148136,
        1.3214545479721207,
        1.3209563939557614,
        1.3236883484823385,
        1.3227694929673257,
        1.3213654260453187,
        1.3198161623172107,
        1.320929803327664,
        1.3224732267534351,
        1.3208179140290095,
        1.3198362656479448,
        1.3174359331044583,
        1.3177863613874197,
        1.3178033935368698,
        1.3188739503120759
    ],
    "val_accs": [
        0.1306,
        0.1528,
        0.2223,
        0.2636,
        0.3026,
        0.3277,
        0.346,
        0.3637,
        0.3741,
        0.3854,
        0.4003,
        0.4075,
        0.4182,
        0.4283,
        0.4382,
        0.439,
        0.443,
        0.4496,
        0.4539,
        0.4574,
        0.4653,
        0.471,
        0.4726,
        0.4793,
        0.478,
        0.4799,
        0.4859,
        0.4867,
        0.4918,
        0.4927,
        0.4931,
        0.4941,
        0.4977,
        0.4986,
        0.4975,
        0.501,
        0.5009,
        0.5021,
        0.5056,
        0.5066,
        0.5065,
        0.5083,
        0.5095,
        0.5086,
        0.5112,
        0.5117,
        0.5136,
        0.5102,
        0.511,
        0.5125,
        0.5115,
        0.5164,
        0.5143,
        0.5193,
        0.5196,
        0.5179,
        0.5162,
        0.5178,
        0.5182,
        0.5192,
        0.5204,
        0.522,
        0.5195,
        0.5221,
        0.5247,
        0.5247,
        0.5236,
        0.5256,
        0.5232,
        0.5202,
        0.5221,
        0.521,
        0.5216,
        0.5234,
        0.5223,
        0.5238,
        0.5234,
        0.5258,
        0.5256,
        0.5219,
        0.5243,
        0.5251,
        0.5246,
        0.5252,
        0.5252,
        0.5263,
        0.5253,
        0.5282,
        0.5287,
        0.528,
        0.5274,
        0.5274,
        0.5268,
        0.5265,
        0.528,
        0.529,
        0.5286,
        0.5278,
        0.5304,
        0.5285
    ],
    "hyperparameters": {
        "batch_size": 128,
        "learning_rate": 0.0005,
        "momentum": 0.9,
        "weight_decay": 0.0001,
        "optimizer": "adam",
        "early_stopping": true,
        "patience": 10
    },
    "runtime_info": {
        "total_training_time": 131.53677320480347,
        "avg_epoch_time": 1.3153677320480346,
        "timestamp": "2025-04-12 21:48:47"
    }
}