{
    "model_name": "Adam_BatchNorm_GELU_standard",
    "features": [
        "GELU",
        "Adam",
        "BatchNorm"
    ],
    "epochs": 15,
    "best_epoch": 5,
    "best_val_acc": 0.1645,
    "training_time": 37.500752210617065,
    "train_losses": [
        2.8349107555268613,
        2.5766636376581182,
        2.434754652540819,
        2.3335205476867116,
        2.247156195896292,
        2.18329846991094,
        2.1246287294146904,
        2.0798924633156455,
        2.0414630910842533,
        2.009847256059407,
        1.986476873321957,
        1.962149498987306,
        1.940178827201501,
        1.9267631521726953,
        1.9085195077036807
    ],
    "val_losses": [
        2.5950415213521865,
        2.4150581073690196,
        2.305457218074822,
        2.249126885264762,
        2.2321143992744297,
        2.23529261319458,
        2.247302874143248,
        2.262512288861631,
        2.2744674205481044,
        2.2859669986536546,
        2.2952217380026823,
        2.3017199308503367,
        2.3082212788031815,
        2.311328130141667,
        2.3124848534481877
    ],
    "val_accs": [
        0.123,
        0.135,
        0.1475,
        0.1587,
        0.1645,
        0.1623,
        0.1568,
        0.14,
        0.1225,
        0.1106,
        0.1004,
        0.0918,
        0.0797,
        0.0733,
        0.0698
    ],
    "hyperparameters": {
        "batch_size": 128,
        "learning_rate": 0.0001,
        "momentum": 0.9,
        "weight_decay": 0.0001,
        "optimizer": "adam",
        "early_stopping": true,
        "patience": 10
    },
    "runtime_info": {
        "total_training_time": 37.500752210617065,
        "avg_epoch_time": 2.500050147374471,
        "timestamp": "2025-04-12 19:20:04"
    }
}