{
    "model_name": "Adam_BatchNorm_GELU_standard",
    "features": [
        "GELU",
        "Adam",
        "BatchNorm"
    ],
    "accuracy": 0.1593,
    "precision": 0.19188701590553314,
    "recall": 0.1593,
    "f1_score": 0.1305528157604452,
    "loss": 2.2344669403837534,
    "inference_time": 0.1413578987121582,
    "timestamp": "2025-04-12 19:20:04"
}