{
    "model_name": "Adam_GELU_standard",
    "features": [
        "GELU",
        "Adam"
    ],
    "epochs": 91,
    "best_epoch": 81,
    "best_val_acc": 0.5612,
    "training_time": 205.8424379825592,
    "train_losses": [
        2.892752241523646,
        2.3344670622281276,
        2.2219766992213223,
        2.113171312289714,
        2.0262511251893036,
        1.9622941925454433,
        1.910943434332699,
        1.8704978213785663,
        1.8276309862967604,
        1.8016730773149139,
        1.7739882506800682,
        1.7470918865113911,
        1.7249799573757496,
        1.7041568211450542,
        1.6795221313990947,
        1.6640793058079177,
        1.6418400274783018,
        1.6212367086839958,
        1.6052579156895728,
        1.5867016650360826,
        1.573762481814925,
        1.5563693229246154,
        1.5464800426151144,
        1.5306668405702113,
        1.5102644104609835,
        1.50016730625388,
        1.4914638312155606,
        1.478595186117705,
        1.4642450131007028,
        1.4566422400971533,
        1.4464853778859053,
        1.4310680756679346,
        1.4317223560281542,
        1.4165630048236704,
        1.4021896518789305,
        1.4048978351743358,
        1.3973852698049467,
        1.387427976371111,
        1.3727380069090045,
        1.374632100064326,
        1.3655059858734035,
        1.3582160292772694,
        1.3491514832121267,
        1.3444296781139682,
        1.3393738327276543,
        1.3304974380069332,
        1.3264972613749453,
        1.3208725782689488,
        1.3171414827360515,
        1.3132936350750448,
        1.3087297230618833,
        1.3005182342745827,
        1.2974802031094912,
        1.2900823924486033,
        1.2848243943063737,
        1.2800360568362774,
        1.275549535946437,
        1.2768594683496424,
        1.2691443912771287,
        1.2640908759578444,
        1.2667434514614069,
        1.2624331400498632,
        1.2568635770250414,
        1.2506857416033812,
        1.2521643036364078,
        1.2455067914426086,
        1.2368677027733643,
        1.2397196356950784,
        1.2315731900964986,
        1.2370348457494995,
        1.2232841541705524,
        1.2266774627876849,
        1.2269633495439953,
        1.223721959031642,
        1.222996287225734,
        1.2185835431976566,
        1.2138059591379626,
        1.212058523906654,
        1.2081203225745234,
        1.2080219546174957,
        1.212029882078532,
        1.20369756502078,
        1.2002465764090788,
        1.1908726320420164,
        1.1977920197485987,
        1.1994515215140673,
        1.189667608008337,
        1.185973546065262,
        1.191398548440174,
        1.1804427400370587,
        1.1865471307752846
    ],
    "val_losses": [
        2.265651733070642,
        2.2392041033998327,
        2.111416283522164,
        1.9722995701962263,
        1.8901124713934139,
        1.832863534603022,
        1.7849454589428293,
        1.7495775568881697,
        1.7121196325489745,
        1.6858981876760997,
        1.6595119748070581,
        1.6380746925021183,
        1.616865266543638,
        1.5955350552710323,
        1.5750549038738886,
        1.5629671707499997,
        1.541309943258905,
        1.5266262312821057,
        1.5121668339101921,
        1.491665875865558,
        1.4801264615401006,
        1.4683773711552486,
        1.4589076568859871,
        1.4466197371562626,
        1.4367281272719499,
        1.4246004115623925,
        1.4149969269425864,
        1.4072304217877052,
        1.3968432332332927,
        1.389356040700337,
        1.3798388126754384,
        1.3727958355919065,
        1.367352214189946,
        1.360535898380556,
        1.3513157171345995,
        1.349311684944119,
        1.3426335126719553,
        1.3375243743887673,
        1.3329562277899605,
        1.3285657923791976,
        1.3219187977663802,
        1.3163340259537675,
        1.3123248576843733,
        1.3109454678616472,
        1.3056609620960917,
        1.3031223050747311,
        1.300211282595938,
        1.2945927233609678,
        1.2907931884548007,
        1.2883763523815455,
        1.2858680982386794,
        1.2806541316493643,
        1.2786548311156545,
        1.2768494821919623,
        1.2718402605050712,
        1.2706194107182573,
        1.2694251110110908,
        1.2683962716356856,
        1.2648419805435203,
        1.2648789272539527,
        1.2623757833692513,
        1.2616405173109129,
        1.2582979656965658,
        1.2566699168861608,
        1.2542818333045227,
        1.2530834032952853,
        1.2511447908098452,
        1.2482777063351673,
        1.2472515391083223,
        1.2464637312278246,
        1.2445826666249133,
        1.2422476646277476,
        1.2409619338056883,
        1.2407265718239,
        1.2416968553339818,
        1.2396031395147145,
        1.238480995189995,
        1.2371373586275047,
        1.2368753931093197,
        1.2365686211868425,
        1.2348032268002382,
        1.2342040432214476,
        1.231809005781771,
        1.2316697028537875,
        1.232526038422375,
        1.2320547122367147,
        1.2322731035220633,
        1.2307243193071875,
        1.232024598690449,
        1.2330212826015627,
        1.2318548458079028
    ],
    "val_accs": [
        0.1548,
        0.1811,
        0.2484,
        0.305,
        0.3387,
        0.3607,
        0.3794,
        0.3923,
        0.4032,
        0.4157,
        0.4234,
        0.4312,
        0.4402,
        0.4452,
        0.455,
        0.4568,
        0.4633,
        0.4694,
        0.4723,
        0.4768,
        0.4833,
        0.4855,
        0.4889,
        0.4906,
        0.4946,
        0.4979,
        0.5044,
        0.5043,
        0.5068,
        0.5086,
        0.5124,
        0.5159,
        0.5162,
        0.5207,
        0.5236,
        0.5214,
        0.5247,
        0.5269,
        0.5254,
        0.5287,
        0.5301,
        0.5297,
        0.5334,
        0.5358,
        0.5376,
        0.5385,
        0.5387,
        0.5417,
        0.5409,
        0.5435,
        0.5466,
        0.5438,
        0.5455,
        0.5451,
        0.5441,
        0.5483,
        0.5483,
        0.5472,
        0.548,
        0.5472,
        0.5514,
        0.5498,
        0.5515,
        0.5553,
        0.5568,
        0.5543,
        0.5547,
        0.5549,
        0.5543,
        0.5558,
        0.5607,
        0.5576,
        0.559,
        0.5593,
        0.5567,
        0.5593,
        0.5576,
        0.5599,
        0.5568,
        0.5584,
        0.5612,
        0.5596,
        0.5593,
        0.5603,
        0.5572,
        0.5585,
        0.559,
        0.5607,
        0.5604,
        0.5593,
        0.5598
    ],
    "hyperparameters": {
        "batch_size": 256,
        "learning_rate": 0.0005,
        "momentum": 0.9,
        "weight_decay": 0.0001,
        "optimizer": "adam",
        "early_stopping": true,
        "patience": 10
    },
    "runtime_info": {
        "total_training_time": 205.8424379825592,
        "avg_epoch_time": 2.262004812995156,
        "timestamp": "2025-04-13 15:56:17"
    }
}