{
    "model_name": "Adam_GELU_standard",
    "features": [
        "GELU",
        "Adam"
    ],
    "epochs": 84,
    "best_epoch": 74,
    "best_val_acc": 0.5674,
    "training_time": 197.38081407546997,
    "train_losses": [
        2.769987394299583,
        2.272220259321916,
        2.12869749914533,
        2.001765616465939,
        1.9190000331938402,
        1.8561485214597313,
        1.8065060812362583,
        1.7662084381162189,
        1.7275510637613043,
        1.694140272507843,
        1.6679570498252372,
        1.6350703440515408,
        1.616458728159048,
        1.595204225977269,
        1.5717591455770432,
        1.5466848896605894,
        1.5280450493872266,
        1.5067344759508503,
        1.4912049952423654,
        1.483270721378672,
        1.4697277251182854,
        1.4573983545596296,
        1.4404149711000216,
        1.4220653016744973,
        1.4236293716581605,
        1.4104228458653094,
        1.392524603303431,
        1.3859378132689604,
        1.3786617100938765,
        1.3663245717585755,
        1.3541217078459744,
        1.345840571506428,
        1.3412998791773458,
        1.3337817793743516,
        1.329915981665835,
        1.3212182906721666,
        1.3181974540629957,
        1.3093019965333952,
        1.3022727910229859,
        1.2928379090012578,
        1.2906407740463826,
        1.284735733195947,
        1.2824983533727836,
        1.2748991000041592,
        1.2718831634866807,
        1.2681333755767912,
        1.2616551437443853,
        1.2599048376102742,
        1.2505767579651759,
        1.2498052668604003,
        1.247085791539811,
        1.241440517767568,
        1.2392082495726808,
        1.2401028700399384,
        1.2306501988098086,
        1.2322531930898837,
        1.2237092715813216,
        1.2195254264492212,
        1.222961166655319,
        1.2109078713310684,
        1.2200155098224255,
        1.2056906953191462,
        1.2094717233565224,
        1.2066211064695211,
        1.2044673541193915,
        1.1986081567001028,
        1.2052040439436973,
        1.197653348322561,
        1.1964835474546323,
        1.1951450206196947,
        1.1883149232202805,
        1.1857754547672765,
        1.178233497964989,
        1.1849370369990488,
        1.179807235900119,
        1.1770956358239182,
        1.182963580632988,
        1.1716850570532344,
        1.1693120447859882,
        1.1676207091158302,
        1.1748240351012376,
        1.1699285924668419,
        1.1695761497421804,
        1.1692919837182414
    ],
    "val_losses": [
        2.2705491513128333,
        2.1693291067692138,
        1.9771834401433614,
        1.8527995079796473,
        1.789256751779194,
        1.742055564312578,
        1.6853551671703233,
        1.6540436556692673,
        1.6210914255179065,
        1.5908099418472301,
        1.5640402661238229,
        1.5379835232500783,
        1.5155075601824457,
        1.493132571125699,
        1.4713770602114902,
        1.4532677674716725,
        1.433340229897475,
        1.4247233239792247,
        1.4094654768004893,
        1.3995973764378071,
        1.3907766325444817,
        1.3795857108515284,
        1.36761823395807,
        1.359965992520462,
        1.3532410326523607,
        1.3411830443210415,
        1.3336555361750493,
        1.3268656953981277,
        1.3203075481039106,
        1.3135803395153907,
        1.3093546189839982,
        1.3029733151950458,
        1.3004108920806816,
        1.2948025025671592,
        1.2907400274813423,
        1.2848939814717313,
        1.2844792291650107,
        1.2794096626415814,
        1.2770699792269653,
        1.2721973413994232,
        1.267942811691915,
        1.2679105788928926,
        1.2639874789199903,
        1.2619026742815667,
        1.2613918493074117,
        1.2576428783008857,
        1.2573735241751551,
        1.2547624855589778,
        1.2555316024844547,
        1.2539241812749808,
        1.248735512629454,
        1.2476373401349776,
        1.2463809079378025,
        1.2442448854431563,
        1.2426538213995948,
        1.239700168557405,
        1.2394026174123698,
        1.2381639615957631,
        1.2373712239196117,
        1.2348776131296428,
        1.2367282307857863,
        1.2350597734252304,
        1.2346869989626768,
        1.235718433809442,
        1.2332665692837401,
        1.2331033037647368,
        1.2331222716852295,
        1.2344320444319725,
        1.2323262669550545,
        1.2338930236856156,
        1.2319737587206423,
        1.2297474436959597,
        1.2288466427923124,
        1.2275645495261345,
        1.2260686329676616,
        1.2267139554750834,
        1.2272974895502513,
        1.2284452998604298,
        1.229917052395052,
        1.2272021664880146,
        1.226466600266398,
        1.227277343789962,
        1.2258270682462657,
        1.2259798663676098
    ],
    "val_accs": [
        0.1479,
        0.2172,
        0.2966,
        0.3457,
        0.3634,
        0.381,
        0.4006,
        0.4138,
        0.4272,
        0.4344,
        0.4464,
        0.4515,
        0.4577,
        0.4714,
        0.4778,
        0.4842,
        0.4908,
        0.4918,
        0.5022,
        0.5073,
        0.503,
        0.5112,
        0.5145,
        0.5163,
        0.521,
        0.525,
        0.5244,
        0.5256,
        0.5308,
        0.5334,
        0.5358,
        0.5343,
        0.5368,
        0.5378,
        0.5396,
        0.541,
        0.5433,
        0.5457,
        0.5466,
        0.5449,
        0.5494,
        0.5468,
        0.5514,
        0.5527,
        0.5509,
        0.5513,
        0.5497,
        0.5506,
        0.5478,
        0.5495,
        0.5528,
        0.5566,
        0.5577,
        0.5549,
        0.5548,
        0.5578,
        0.5573,
        0.5578,
        0.5609,
        0.5616,
        0.5607,
        0.5627,
        0.5605,
        0.5616,
        0.5639,
        0.563,
        0.5647,
        0.56,
        0.5614,
        0.5649,
        0.5599,
        0.5641,
        0.5634,
        0.5674,
        0.5648,
        0.5646,
        0.5622,
        0.5643,
        0.563,
        0.5652,
        0.5658,
        0.5642,
        0.5646,
        0.5644
    ],
    "hyperparameters": {
        "batch_size": 128,
        "learning_rate": 0.0005,
        "momentum": 0.9,
        "weight_decay": 0.0001,
        "optimizer": "adam",
        "early_stopping": true,
        "patience": 10
    },
    "runtime_info": {
        "total_training_time": 197.38081407546997,
        "avg_epoch_time": 2.3497715961365473,
        "timestamp": "2025-04-13 15:14:49"
    }
}