{
    "model_name": "Adam_GELU_standard",
    "features": [
        "GELU",
        "Adam"
    ],
    "accuracy": 0.5536,
    "precision": 0.5537983091349834,
    "recall": 0.5536,
    "f1_score": 0.5505346893864642,
    "loss": 1.232733501674671,
    "inference_time": 0.14216208457946777,
    "timestamp": "2025-04-13 15:14:49"
}