{
    "model_name": "Adam_GELU_standard",
    "features": [
        "GELU",
        "Adam"
    ],
    "accuracy": 0.5078,
    "precision": 0.505721302021119,
    "recall": 0.5078,
    "f1_score": 0.5024823137152156,
    "loss": 1.3608578088733938,
    "inference_time": 0.1447010040283203,
    "timestamp": "2025-04-12 20:01:03"
}