{
    "model_name": "Adam_GELU_standard",
    "features": [
        "GELU",
        "Adam"
    ],
    "epochs": 100,
    "best_epoch": 97,
    "best_val_acc": 0.5068,
    "training_time": 251.6628611087799,
    "train_losses": [
        3.5609611922513023,
        2.826840203800874,
        2.5408985690048955,
        2.4160341157578173,
        2.3464694458116964,
        2.3083571180676334,
        2.2761725249225333,
        2.239562842498782,
        2.2031316381478563,
        2.1599700868257052,
        2.124044832466272,
        2.08657715017817,
        2.0531603785663,
        2.0231054102735286,
        1.9949863608597977,
        1.9663073081939149,
        1.9422520395444174,
        1.9273832736261138,
        1.9053078622942734,
        1.894894109156538,
        1.8674549220797263,
        1.8557684095016553,
        1.8420032973887335,
        1.834136883301461,
        1.8121557692364956,
        1.8089148502476722,
        1.79577920628868,
        1.7858262222313794,
        1.7811097370107571,
        1.7672049396537335,
        1.7560720323190395,
        1.7480852018566755,
        1.739214254173528,
        1.7315041288259156,
        1.7245783569317847,
        1.7155255464599626,
        1.7027879698571713,
        1.7011840023700706,
        1.6978126007672398,
        1.6852850788195881,
        1.6768816778240527,
        1.6728718038521564,
        1.6639163201297982,
        1.655192576638937,
        1.6532002323169743,
        1.6419595346580216,
        1.6376503437120216,
        1.6264906265847614,
        1.631724713742609,
        1.6253388935819961,
        1.613044307099842,
        1.6093789652594208,
        1.6050283965813366,
        1.5956459983158093,
        1.5992594194463088,
        1.5865835486352888,
        1.581359889975661,
        1.5765151366733092,
        1.5713784442430985,
        1.5633378896206653,
        1.5655093076072724,
        1.5536788981680099,
        1.5485578442813432,
        1.550346547999236,
        1.5427213291155786,
        1.5436907291219049,
        1.5356243568042973,
        1.5285116316196623,
        1.525355242059098,
        1.522034487990277,
        1.515943354090864,
        1.5120922600571385,
        1.5125514486421707,
        1.5095507586272898,
        1.5030391774780274,
        1.501529285976473,
        1.4983809088013593,
        1.490983307733345,
        1.4896936389402862,
        1.4862844069131043,
        1.4775026960020337,
        1.4798019708556034,
        1.4731050038149356,
        1.4730671942716063,
        1.4678867423407973,
        1.4640144646214328,
        1.4593432811396512,
        1.454307569141281,
        1.4533053857659817,
        1.4484467066595865,
        1.4531402958714308,
        1.4463678552804244,
        1.4421589055543393,
        1.4358821092763292,
        1.438070446999541,
        1.4319823714607927,
        1.4266511949609604,
        1.4225021272152547,
        1.428203933366648,
        1.417658055071451
    ],
    "val_losses": [
        2.3546060725488904,
        2.274089876479148,
        2.260321494925204,
        2.2578857663063485,
        2.2539695376096462,
        2.2445462736803568,
        2.2240825564196283,
        2.1906070066855587,
        2.146016009923866,
        2.0928935331500047,
        2.0429690108873,
        1.9951235121918205,
        1.9557018563666855,
        1.9189840273203804,
        1.8919738314500045,
        1.8656197326050052,
        1.8405963013153075,
        1.8215729469039634,
        1.80226219570075,
        1.788995098976001,
        1.7681738472988355,
        1.7537487829939957,
        1.741787130698971,
        1.7302790687750822,
        1.7170475203030051,
        1.7079701578307318,
        1.6971848183590483,
        1.6885503012073249,
        1.68007755932567,
        1.671968639482843,
        1.6631443540129351,
        1.6533549921528814,
        1.6441890978541123,
        1.637128603025536,
        1.6287555670940927,
        1.6219510727484623,
        1.6146410237735285,
        1.605712099176625,
        1.603102652891153,
        1.5958361584044856,
        1.5901409527876136,
        1.5851048413127793,
        1.576100858443559,
        1.5699010224271146,
        1.56612886809028,
        1.5587511874335058,
        1.5544347978498685,
        1.548034177748909,
        1.544371696717959,
        1.5397291416249443,
        1.5324385691438753,
        1.5275606822929244,
        1.5238838354524784,
        1.5191173215498954,
        1.51408807776382,
        1.5102346721683186,
        1.504721249995793,
        1.4996749616209253,
        1.4951133964178878,
        1.4909205401377357,
        1.4877647555515994,
        1.484221542053066,
        1.480582842131588,
        1.4782943607500048,
        1.4726295838016548,
        1.470088148428721,
        1.466661675745342,
        1.4619733131030077,
        1.4581987966023116,
        1.4550228419076896,
        1.4506973928053413,
        1.4477807058547107,
        1.4446939868252802,
        1.4424687597881745,
        1.438031599853644,
        1.4351015247590102,
        1.4316531140252298,
        1.4295502505940723,
        1.425555966006209,
        1.4230843555768704,
        1.4199859183473031,
        1.4171792455196015,
        1.4137672535234036,
        1.411435057060161,
        1.4087831663460768,
        1.4064646649572805,
        1.4041302964106832,
        1.4012259143812547,
        1.3983373686828393,
        1.3961333942392467,
        1.3945141054781713,
        1.3920503321472806,
        1.3888831711880658,
        1.3860193216527081,
        1.3846576165457138,
        1.3819827716494073,
        1.3791113316912607,
        1.3774862103326178,
        1.376342541404028,
        1.373274252177677
    ],
    "val_accs": [
        0.1314,
        0.1518,
        0.163,
        0.164,
        0.1668,
        0.1758,
        0.1921,
        0.213,
        0.2368,
        0.261,
        0.277,
        0.2968,
        0.3084,
        0.3213,
        0.33,
        0.3396,
        0.3502,
        0.357,
        0.3619,
        0.3675,
        0.3762,
        0.3793,
        0.3838,
        0.3899,
        0.3959,
        0.4,
        0.4054,
        0.4104,
        0.4143,
        0.416,
        0.42,
        0.4244,
        0.4246,
        0.4288,
        0.4327,
        0.4337,
        0.4366,
        0.4386,
        0.4406,
        0.4425,
        0.4417,
        0.4436,
        0.4452,
        0.4481,
        0.4494,
        0.4504,
        0.45,
        0.4529,
        0.4533,
        0.4556,
        0.4584,
        0.4596,
        0.459,
        0.4613,
        0.4644,
        0.4646,
        0.4649,
        0.4696,
        0.4704,
        0.4697,
        0.4711,
        0.4725,
        0.4731,
        0.4736,
        0.4761,
        0.4759,
        0.4792,
        0.4788,
        0.4809,
        0.4816,
        0.4822,
        0.4826,
        0.4846,
        0.4861,
        0.4874,
        0.4887,
        0.4906,
        0.4886,
        0.4915,
        0.4926,
        0.4943,
        0.4952,
        0.4955,
        0.497,
        0.4988,
        0.4977,
        0.4983,
        0.4993,
        0.5023,
        0.5023,
        0.5036,
        0.5042,
        0.5022,
        0.5025,
        0.5043,
        0.5032,
        0.5068,
        0.5047,
        0.506,
        0.5056
    ],
    "hyperparameters": {
        "batch_size": 128,
        "learning_rate": 0.0001,
        "momentum": 0.9,
        "weight_decay": 0.0001,
        "optimizer": "adam",
        "early_stopping": true,
        "patience": 10
    },
    "runtime_info": {
        "total_training_time": 251.6628611087799,
        "avg_epoch_time": 2.516628611087799,
        "timestamp": "2025-04-12 20:01:03"
    }
}