{
    "model_name": "Adam_GELU_standard",
    "features": [
        "GELU",
        "Adam"
    ],
    "epochs": 56,
    "best_epoch": 46,
    "best_val_acc": 0.5504,
    "training_time": 133.5165150165558,
    "train_losses": [
        2.2859962362203965,
        1.8548292157236876,
        1.702210967891223,
        1.604853507636933,
        1.535302287828397,
        1.4778492226898847,
        1.425556868359752,
        1.3779985870960523,
        1.3463438355993325,
        1.3120551548371364,
        1.2790656835903094,
        1.2482486832762503,
        1.2260440626723672,
        1.2045254837472976,
        1.18468545424859,
        1.1641251498317229,
        1.1415359322939618,
        1.1283173405009344,
        1.113085276376784,
        1.0908179956232418,
        1.0823458842414098,
        1.0731597724010942,
        1.0484421189698454,
        1.0444213445855837,
        1.0322875673073,
        1.0140671962466927,
        1.0093343364056082,
        0.9944607860099568,
        0.9906072657916952,
        0.9810752973256177,
        0.9745781820760312,
        0.9613181672079865,
        0.9514702899110353,
        0.9437027053601222,
        0.9349495405440587,
        0.9322603312016994,
        0.9166891270032305,
        0.920079558039831,
        0.9118600362515781,
        0.8986879631634666,
        0.896722044707644,
        0.8886898081415947,
        0.8781420984416238,
        0.8822245998057032,
        0.8769330424509784,
        0.8658700797859007,
        0.8630657354400858,
        0.8562820598829606,
        0.8455525444891357,
        0.8471252477180405,
        0.8449131444459653,
        0.8390893217285871,
        0.8302282066556277,
        0.8282839133994527,
        0.8222705040712733,
        0.8295259455529747
    ],
    "val_losses": [
        1.9124882298613626,
        1.704740919184115,
        1.6208077625480268,
        1.5605137824236373,
        1.5132869693368258,
        1.4788099968284831,
        1.4525697484994748,
        1.4247121507249139,
        1.4056986803864326,
        1.3872417735992388,
        1.3757687801514311,
        1.3676558664782812,
        1.3556331393151422,
        1.3494987877644766,
        1.341943361127806,
        1.3335867015850096,
        1.3305446671440613,
        1.335447656873977,
        1.3251747477406928,
        1.323153968575872,
        1.3224873308736707,
        1.3195643379842823,
        1.3241607717062762,
        1.319594060189753,
        1.317301442382074,
        1.322009821000903,
        1.322105871761594,
        1.3203663136508204,
        1.3207624026213505,
        1.3229054557678854,
        1.320906812108445,
        1.3221358637151324,
        1.3249676508791628,
        1.3279380800729093,
        1.32864116540944,
        1.3294207424354931,
        1.3392740481501535,
        1.3355060588487366,
        1.3369599184368617,
        1.3423477747004167,
        1.3418441307450224,
        1.3421899035381462,
        1.352373337539507,
        1.349428563657141,
        1.350852930524349,
        1.3544571433256842,
        1.3576436306268271,
        1.357102423009907,
        1.370471427607927,
        1.366320418674414,
        1.361788892120675,
        1.3617368486086983,
        1.3698106541758504,
        1.3739061819522762,
        1.3803411757271602,
        1.3772519233024674
    ],
    "val_accs": [
        0.3235,
        0.3977,
        0.4271,
        0.4503,
        0.4667,
        0.4808,
        0.4912,
        0.4986,
        0.5072,
        0.5124,
        0.5161,
        0.5181,
        0.5228,
        0.523,
        0.531,
        0.5314,
        0.5348,
        0.5359,
        0.539,
        0.5395,
        0.5427,
        0.5432,
        0.54,
        0.5422,
        0.5437,
        0.5418,
        0.5413,
        0.5466,
        0.5445,
        0.5458,
        0.5455,
        0.5435,
        0.5456,
        0.5435,
        0.5427,
        0.547,
        0.5465,
        0.5455,
        0.5454,
        0.5442,
        0.5477,
        0.5482,
        0.5461,
        0.5472,
        0.5491,
        0.5504,
        0.5492,
        0.5486,
        0.5478,
        0.5487,
        0.5482,
        0.5504,
        0.546,
        0.545,
        0.5443,
        0.5434
    ],
    "hyperparameters": {
        "batch_size": 128,
        "learning_rate": 0.0005,
        "momentum": 0.9,
        "weight_decay": 0.0001,
        "optimizer": "adam",
        "early_stopping": true,
        "patience": 10
    },
    "runtime_info": {
        "total_training_time": 133.5165150165558,
        "avg_epoch_time": 2.3842234824384962,
        "timestamp": "2025-04-13 06:52:58"
    }
}