{
    "model_name": "Adam_GELU_standard",
    "features": [
        "GELU",
        "Adam"
    ],
    "epochs": 81,
    "best_epoch": 71,
    "best_val_acc": 0.5544,
    "training_time": 236.52993988990784,
    "train_losses": [
        2.74862090494859,
        2.3191583560520295,
        2.2775245152506187,
        2.179853369566509,
        2.072437631440872,
        1.9982326526716878,
        1.9333502543168903,
        1.8893644482160346,
        1.8442896233914516,
        1.8087637722878875,
        1.7716111899575,
        1.7397443896808054,
        1.7189840401357561,
        1.692807689984616,
        1.6729742069711722,
        1.6466256628406313,
        1.631049806266367,
        1.6074305170205492,
        1.5933678632502535,
        1.581699638534862,
        1.5590260261081401,
        1.5518436578558095,
        1.534951007736597,
        1.5193925167657547,
        1.506531906028865,
        1.491382742511883,
        1.48031081687187,
        1.4663530127873947,
        1.4643564347453228,
        1.4561773602312018,
        1.443216897345802,
        1.4308862556273438,
        1.4253270127788935,
        1.4187720183157675,
        1.415096526045679,
        1.3997256278762535,
        1.3969928335373536,
        1.385387079944958,
        1.3869836578800492,
        1.3810918044439542,
        1.3715629674984062,
        1.3617154496043506,
        1.3591775931488512,
        1.3570991128285226,
        1.3502323265977776,
        1.3373340607668434,
        1.3394485388551678,
        1.334049212287675,
        1.3292284175940863,
        1.3318235108325933,
        1.3189882090523968,
        1.317455646821543,
        1.322249614119257,
        1.3047148856635113,
        1.3059662198403958,
        1.2967045783925495,
        1.2989937505547595,
        1.295779088699362,
        1.299216669446116,
        1.2930206125982084,
        1.287058959228718,
        1.2847449887118154,
        1.286724410640586,
        1.2745531262109895,
        1.2761272646211146,
        1.274485032222919,
        1.2671604332669948,
        1.2691675233384156,
        1.2671558544266162,
        1.260835509872864,
        1.262736126441942,
        1.259352649895262,
        1.255493871501425,
        1.2531012389283644,
        1.2453560767955079,
        1.2428544478838968,
        1.2406654135870872,
        1.2506126235378456,
        1.242522730354898,
        1.242474214921247,
        1.2379288811017124
    ],
    "val_losses": [
        2.297115361851925,
        2.281758704143382,
        2.173834674267272,
        2.0232726805414436,
        1.9156458427230199,
        1.8589931659282029,
        1.7949032682856705,
        1.7487471785773216,
        1.7120245817250244,
        1.6859250437540647,
        1.6460827458906933,
        1.6155919948265072,
        1.5883827526552836,
        1.5670531486405659,
        1.5529955940147606,
        1.5334124908398057,
        1.5143942149552692,
        1.4994065074140663,
        1.4825895703723853,
        1.4687165124634287,
        1.4532881944602905,
        1.4500768004874216,
        1.4366599638897706,
        1.4284591641577702,
        1.4157976757527082,
        1.405151131909943,
        1.3969052798594337,
        1.387100449436505,
        1.3785825659816378,
        1.3721110189813137,
        1.3673303068530605,
        1.359644542078416,
        1.3516277162859198,
        1.3483493566887774,
        1.3408743294620482,
        1.3352306701630754,
        1.3365478651294753,
        1.3271341985276173,
        1.325152820814221,
        1.3220392137576484,
        1.3195685184098425,
        1.3169532329947926,
        1.3162151103042767,
        1.311167093687061,
        1.309125379333994,
        1.3051955944560556,
        1.3017381582003422,
        1.3032860756358506,
        1.3006947845016152,
        1.2971181774100284,
        1.2913434884347852,
        1.292953563218839,
        1.293537515158139,
        1.2914003723624912,
        1.2934031252570979,
        1.2914037569811756,
        1.2920572264162526,
        1.2919162329004505,
        1.2888961387284137,
        1.2868092826005066,
        1.2832006330581285,
        1.2854946930405575,
        1.2841759807657886,
        1.2858318766021113,
        1.2869884022243343,
        1.2841450632127802,
        1.282977441913367,
        1.2812030413212026,
        1.2805750825867441,
        1.2787674839220813,
        1.2796328846229452,
        1.2767880853881877,
        1.2769788159267859,
        1.2789620428129505,
        1.2809301707317018,
        1.2806739713122115,
        1.2787920673685702,
        1.2836192510013211,
        1.2796599856603075,
        1.2806411238551012,
        1.28009682618316
    ],
    "val_accs": [
        0.1279,
        0.1312,
        0.1885,
        0.2282,
        0.2896,
        0.3161,
        0.3387,
        0.3608,
        0.375,
        0.3878,
        0.3995,
        0.4081,
        0.4166,
        0.4286,
        0.4347,
        0.4416,
        0.4529,
        0.4554,
        0.4631,
        0.476,
        0.4791,
        0.4826,
        0.4865,
        0.4871,
        0.4947,
        0.4998,
        0.4987,
        0.497,
        0.5079,
        0.509,
        0.5146,
        0.5152,
        0.5188,
        0.5231,
        0.526,
        0.5294,
        0.5239,
        0.5275,
        0.5285,
        0.5321,
        0.5339,
        0.5352,
        0.5331,
        0.5372,
        0.5397,
        0.5374,
        0.5383,
        0.5417,
        0.5452,
        0.5405,
        0.5466,
        0.5432,
        0.5443,
        0.5441,
        0.5425,
        0.5442,
        0.5451,
        0.5464,
        0.5477,
        0.5482,
        0.5491,
        0.5496,
        0.5507,
        0.5493,
        0.5493,
        0.5506,
        0.5485,
        0.551,
        0.5498,
        0.5499,
        0.5544,
        0.5529,
        0.5495,
        0.5487,
        0.5495,
        0.5526,
        0.5491,
        0.5492,
        0.5501,
        0.5517,
        0.5503
    ],
    "hyperparameters": {
        "batch_size": 64,
        "learning_rate": 0.0005,
        "momentum": 0.9,
        "weight_decay": 0.0001,
        "optimizer": "adam",
        "early_stopping": true,
        "patience": 10
    },
    "runtime_info": {
        "total_training_time": 236.52993988990784,
        "avg_epoch_time": 2.92012271469022,
        "timestamp": "2025-04-13 11:12:44"
    }
}