{
    "model_name": "Adam_BatchNorm_GELU_standard",
    "features": [
        "GELU",
        "Adam",
        "BatchNorm"
    ],
    "accuracy": 0.1089,
    "precision": 0.11626237853280588,
    "recall": 0.1089,
    "f1_score": 0.10033670757652463,
    "loss": 2.280697463124725,
    "inference_time": 0.14497613906860352,
    "timestamp": "2025-04-12 19:25:55"
}