{
    "model_name": "Adam_BatchNorm_GELU_standard",
    "features": [
        "GELU",
        "Adam",
        "BatchNorm"
    ],
    "epochs": 11,
    "best_epoch": 1,
    "best_val_acc": 0.1055,
    "training_time": 26.822237968444824,
    "train_losses": [
        2.294633429445175,
        1.9280196635091724,
        1.865174053177284,
        1.9773178906074398,
        2.2163715315272636,
        2.2791163871562183,
        2.2745783361237275,
        2.278770046122155,
        2.2779766866094793,
        2.280141830034648,
        2.282205164770164
    ],
    "val_losses": [
        2.2797672040374337,
        2.3062978802336276,
        2.313005372978629,
        2.3142399885791294,
        2.3123240490790975,
        2.313241167126501,
        2.31290565951905,
        2.312706464473791,
        2.3124475270272655,
        2.3138440558630164,
        2.313716799186819
    ],
    "val_accs": [
        0.1055,
        0.0957,
        0.0776,
        0.0611,
        0.1014,
        0.1022,
        0.1022,
        0.1022,
        0.1022,
        0.1022,
        0.1022
    ],
    "hyperparameters": {
        "batch_size": 128,
        "learning_rate": 0.001,
        "momentum": 0.9,
        "weight_decay": 0.0001,
        "optimizer": "adam",
        "early_stopping": true,
        "patience": 10
    },
    "runtime_info": {
        "total_training_time": 26.822237968444824,
        "avg_epoch_time": 2.4383852698586206,
        "timestamp": "2025-04-12 19:25:55"
    }
}