{
    "model_name": "Adam_GELU_standard",
    "features": [
        "GELU",
        "Adam"
    ],
    "epochs": 85,
    "best_epoch": 75,
    "best_val_acc": 0.5647,
    "training_time": 204.7831039428711,
    "train_losses": [
        2.7682626293080044,
        2.268580386339583,
        2.1231099275352756,
        2.0023805767442626,
        1.910408352389408,
        1.8505409002326867,
        1.8019629318054604,
        1.7552190114408712,
        1.7208554044404067,
        1.6931189724630615,
        1.6605086109371423,
        1.6262219681635897,
        1.6064780497127549,
        1.581323150690837,
        1.5690665634964678,
        1.545756982005118,
        1.5227496579711248,
        1.5083078372808414,
        1.4917531748137696,
        1.4732172149638967,
        1.4655408865693953,
        1.4472635744391096,
        1.4360082842581634,
        1.4236234341648113,
        1.413460269794074,
        1.4043962535640446,
        1.3938805518065678,
        1.3744690961724961,
        1.3681833661068747,
        1.3606420535746908,
        1.3519620849923708,
        1.343765467992357,
        1.330473680143535,
        1.3286059808033865,
        1.3194794277997262,
        1.3129137493653296,
        1.3070507117585697,
        1.301500869583922,
        1.2924478806181963,
        1.2871934750430574,
        1.2880184628924383,
        1.2735084755630985,
        1.2778045624697028,
        1.270013267789651,
        1.2631687507216642,
        1.2567594003011302,
        1.2515381696920749,
        1.255140615817698,
        1.2514779189601024,
        1.2456793102330173,
        1.2386940771683406,
        1.2384809119459717,
        1.2328984863455068,
        1.232345843096325,
        1.2249543842593,
        1.2267527697709164,
        1.2178389129395297,
        1.2114544131636746,
        1.2113232752939838,
        1.2116467503596313,
        1.207392944695926,
        1.202024264844423,
        1.2059371514384836,
        1.2028173446354657,
        1.2010552188720918,
        1.1946867497419378,
        1.1891989287389773,
        1.1839072552200167,
        1.1863816263117979,
        1.1873616661751594,
        1.1887594594837252,
        1.1850038671733674,
        1.1768578829209113,
        1.17703880939786,
        1.1760192245018581,
        1.1695635032241267,
        1.168943935272677,
        1.17149576125054,
        1.168737489040538,
        1.1715643981679227,
        1.1673696163228722,
        1.1615529324010605,
        1.1634042749735936,
        1.167030034051196,
        1.1608494218301402
    ],
    "val_losses": [
        2.2644034294669892,
        2.153898622280109,
        1.9614712456046883,
        1.845313524135312,
        1.7710895652816,
        1.7127240449187764,
        1.6754358755993288,
        1.6397128765347526,
        1.6061717576583807,
        1.5834377023711932,
        1.5568371745699103,
        1.5287773799659845,
        1.5085089428194285,
        1.4926021919629828,
        1.4709193898202975,
        1.4535951690627917,
        1.4388547801872669,
        1.4278100626749908,
        1.4117106981715868,
        1.397116956045325,
        1.3875494999553795,
        1.3799676015783011,
        1.3681495132730523,
        1.358295233942665,
        1.3531559391722148,
        1.3425293803632699,
        1.3352320709074723,
        1.3287471933176842,
        1.3208788481672473,
        1.316626350945103,
        1.310979558206394,
        1.3050004629123144,
        1.2989039299950822,
        1.2927675141778603,
        1.2891312588938053,
        1.286544316767476,
        1.2826622471546136,
        1.2798015325580956,
        1.2774306650805916,
        1.2742445098030624,
        1.2727006619120516,
        1.2706280325380392,
        1.2684275340795468,
        1.2641030912754756,
        1.2636079139366931,
        1.2594154202408503,
        1.2584746391446493,
        1.2550006057760115,
        1.2536439639466903,
        1.254032798528297,
        1.2510837965655512,
        1.250968814488266,
        1.2490979374747384,
        1.2474661292691454,
        1.2483118285922068,
        1.2422250187539567,
        1.2404796865232706,
        1.2414304593198595,
        1.2399627284949184,
        1.2398701606050735,
        1.2393899339520844,
        1.2382507364180202,
        1.2383645640133882,
        1.236487370143857,
        1.2353160870514883,
        1.2350704918620394,
        1.2351520003329954,
        1.2335764952528157,
        1.2334454563100532,
        1.233336781642162,
        1.2311740910833444,
        1.231140207296954,
        1.2299379338069454,
        1.2326662913110675,
        1.229457030873022,
        1.231716925956496,
        1.2277347158189234,
        1.2294273611668085,
        1.2298070367972913,
        1.2296221947709889,
        1.2292208013002925,
        1.2304787529550667,
        1.2296748199429248,
        1.2295479095302628,
        1.2301498121234902
    ],
    "val_accs": [
        0.1482,
        0.2369,
        0.3062,
        0.3447,
        0.3786,
        0.3934,
        0.4107,
        0.4248,
        0.4327,
        0.4451,
        0.4471,
        0.4527,
        0.4649,
        0.4671,
        0.4769,
        0.4825,
        0.4875,
        0.4922,
        0.4948,
        0.4982,
        0.5052,
        0.5087,
        0.5132,
        0.5137,
        0.5181,
        0.5204,
        0.5215,
        0.5261,
        0.5306,
        0.53,
        0.5352,
        0.5346,
        0.5378,
        0.5401,
        0.5402,
        0.5425,
        0.5423,
        0.5443,
        0.5459,
        0.5463,
        0.5464,
        0.5473,
        0.5495,
        0.5513,
        0.5492,
        0.5523,
        0.5533,
        0.5555,
        0.5528,
        0.5553,
        0.5549,
        0.5538,
        0.5517,
        0.5569,
        0.5559,
        0.5568,
        0.557,
        0.5594,
        0.5569,
        0.5559,
        0.554,
        0.5596,
        0.5606,
        0.5576,
        0.557,
        0.5589,
        0.5618,
        0.5605,
        0.5568,
        0.5628,
        0.5602,
        0.5635,
        0.5621,
        0.5599,
        0.5647,
        0.5624,
        0.5616,
        0.5606,
        0.5594,
        0.5613,
        0.5609,
        0.5583,
        0.5622,
        0.5618,
        0.5632
    ],
    "hyperparameters": {
        "batch_size": 128,
        "learning_rate": 0.0005,
        "momentum": 0.9,
        "weight_decay": 1e-05,
        "optimizer": "adam",
        "early_stopping": true,
        "patience": 10
    },
    "runtime_info": {
        "total_training_time": 204.7831039428711,
        "avg_epoch_time": 2.409212987563189,
        "timestamp": "2025-04-12 21:29:49"
    }
}