{
    "model_name": "Adam_GELU_standard",
    "features": [
        "GELU",
        "Adam"
    ],
    "epochs": 100,
    "best_epoch": 100,
    "best_val_acc": 0.5632,
    "training_time": 220.42845702171326,
    "train_losses": [
        2.908448736793834,
        2.3386519308046134,
        2.2350761425218244,
        2.1287817406121223,
        2.040745227288738,
        1.9693689787068718,
        1.9105623766793802,
        1.868415112021316,
        1.8266466962946888,
        1.801221230505819,
        1.7683556965735874,
        1.7448977653367588,
        1.7179567770881132,
        1.7004026519730089,
        1.6775171050220525,
        1.6577846724874727,
        1.639209403209548,
        1.6237292909692205,
        1.6116717326825003,
        1.590006924346493,
        1.5774961615432304,
        1.5616219177982846,
        1.5501086234616042,
        1.5293661330221258,
        1.513412171309907,
        1.4981482692218342,
        1.499891967720198,
        1.4799460421399884,
        1.4724237560641675,
        1.4621097632703886,
        1.4484117540402441,
        1.4401765325114673,
        1.432305869197415,
        1.4291310472514875,
        1.4144394977670338,
        1.404817210208124,
        1.3988108750497934,
        1.3918335107807054,
        1.390271031099991,
        1.3693497263289616,
        1.3732993630264392,
        1.3596701127745083,
        1.3582556525750353,
        1.3449740387304892,
        1.3406303247047235,
        1.340668751884596,
        1.3351596912106076,
        1.3266637884280927,
        1.3249588453902823,
        1.3185406893724623,
        1.3117823999902434,
        1.3031631843817604,
        1.3008664047542573,
        1.2966823536944407,
        1.294151473133599,
        1.2883243687685264,
        1.2868316429365416,
        1.2790547159701855,
        1.2762777233868163,
        1.2668879084307225,
        1.2698339228380626,
        1.2692045161989347,
        1.2627238325321632,
        1.259841659851463,
        1.2578512402457938,
        1.2550949616939915,
        1.2496708361098707,
        1.245634991459549,
        1.2467403924080616,
        1.239315541772412,
        1.239897576332067,
        1.2325263919640375,
        1.2360804723561483,
        1.234645481913854,
        1.230663403509771,
        1.2251839995253881,
        1.2194317742756646,
        1.2191443799893842,
        1.2086662784686522,
        1.2132120424138768,
        1.2169031781922721,
        1.2102255732064868,
        1.2057630412628944,
        1.2057188558396743,
        1.1981280052814858,
        1.201413614221232,
        1.2006793831673968,
        1.204761636316839,
        1.192335353437208,
        1.196642787270905,
        1.1918550345913637,
        1.1887661001126053,
        1.1881425125523368,
        1.1846741605263347,
        1.184725351088111,
        1.182776659321161,
        1.1810537022952858,
        1.1832597574554904,
        1.1727570846737787,
        1.1749732429319122
    ],
    "val_losses": [
        2.2765982064870163,
        2.2556627092479764,
        2.143301477312,
        2.006282781388287,
        1.9099858764529454,
        1.8415045372472636,
        1.7867818746524713,
        1.7418217203921893,
        1.7173858619137976,
        1.6886120556662492,
        1.6592263001446292,
        1.6375685237519304,
        1.615507227501011,
        1.5954363256625814,
        1.580507668346551,
        1.5638837432415007,
        1.5443816874651124,
        1.5296776650624844,
        1.5139751943418602,
        1.5014115378431365,
        1.4880684860848201,
        1.474427072647246,
        1.459859027923534,
        1.4494497257024435,
        1.439821790429761,
        1.429335339765707,
        1.4229983781408715,
        1.41116953133533,
        1.403042684063681,
        1.3948013665336763,
        1.3873199806906202,
        1.3809915065726113,
        1.370378763463433,
        1.3657959657019214,
        1.3582190565156531,
        1.3529995964775567,
        1.3471581805697,
        1.3426887296479102,
        1.3385327294919478,
        1.329890103448519,
        1.3293530144979733,
        1.3224945956213676,
        1.3203521841411787,
        1.3159436062867909,
        1.3115506727398205,
        1.306332126743478,
        1.302707454067877,
        1.2982866266806141,
        1.295184341699479,
        1.2914298260551074,
        1.2920369071554298,
        1.2876447505351352,
        1.2830675886602279,
        1.2803915819809482,
        1.2793361139779162,
        1.2759773652120465,
        1.2749091287709293,
        1.271157010301136,
        1.269112338650764,
        1.2652131412157193,
        1.2648387281318443,
        1.262839982243729,
        1.2614082657462997,
        1.2594935015612674,
        1.2582100721252716,
        1.254939779944542,
        1.2536782542035931,
        1.255294298767758,
        1.2532838221212126,
        1.2515662698687815,
        1.2505442658614019,
        1.2495633698482786,
        1.248961900141218,
        1.248269953097215,
        1.2454592145303678,
        1.2441569450100989,
        1.2425428503583127,
        1.2432186069238234,
        1.2409213770527139,
        1.2408972095727995,
        1.2403562400429018,
        1.2398648655418456,
        1.240700768323347,
        1.2390384169760698,
        1.237543346611678,
        1.2380303565036017,
        1.2382886368081896,
        1.2365995801947216,
        1.2357076705662335,
        1.2362832788274618,
        1.2346337305995088,
        1.2352989636575704,
        1.2341764882990898,
        1.2316463402125863,
        1.2314063334552743,
        1.2330466670256122,
        1.2308039769253114,
        1.2287496902879618,
        1.229443174337765,
        1.2307026603414262
    ],
    "val_accs": [
        0.1418,
        0.168,
        0.2381,
        0.2877,
        0.3257,
        0.3538,
        0.3737,
        0.3905,
        0.3968,
        0.4069,
        0.4155,
        0.4215,
        0.4274,
        0.4342,
        0.4431,
        0.4493,
        0.4563,
        0.4602,
        0.4628,
        0.4675,
        0.4722,
        0.4754,
        0.4804,
        0.4883,
        0.4872,
        0.4951,
        0.4958,
        0.4999,
        0.4999,
        0.5025,
        0.5067,
        0.5066,
        0.5144,
        0.5153,
        0.5185,
        0.52,
        0.5233,
        0.5266,
        0.5257,
        0.5288,
        0.5303,
        0.5332,
        0.5346,
        0.5346,
        0.5359,
        0.5372,
        0.5388,
        0.5413,
        0.5402,
        0.5439,
        0.5428,
        0.546,
        0.5457,
        0.5488,
        0.5476,
        0.5482,
        0.5498,
        0.5468,
        0.5492,
        0.5502,
        0.5492,
        0.5513,
        0.5515,
        0.5524,
        0.5523,
        0.5537,
        0.5546,
        0.5535,
        0.552,
        0.5552,
        0.5535,
        0.5568,
        0.5581,
        0.5567,
        0.5597,
        0.5589,
        0.5595,
        0.5581,
        0.556,
        0.5609,
        0.5613,
        0.5604,
        0.5577,
        0.5601,
        0.5601,
        0.5596,
        0.5594,
        0.5596,
        0.5615,
        0.5585,
        0.5589,
        0.5586,
        0.5581,
        0.5599,
        0.5611,
        0.558,
        0.5613,
        0.5623,
        0.563,
        0.5632
    ],
    "hyperparameters": {
        "batch_size": 256,
        "learning_rate": 0.0005,
        "momentum": 0.9,
        "weight_decay": 0.0001,
        "optimizer": "adam",
        "early_stopping": true,
        "patience": 10
    },
    "runtime_info": {
        "total_training_time": 220.42845702171326,
        "avg_epoch_time": 2.2042845702171325,
        "timestamp": "2025-04-13 00:24:13"
    }
}