{
    "model_name": "Adam_GELU_standard",
    "features": [
        "GELU",
        "Adam"
    ],
    "epochs": 96,
    "best_epoch": 86,
    "best_val_acc": 0.5685,
    "training_time": 227.45898580551147,
    "train_losses": [
        2.7148890245056836,
        2.2439021355924647,
        2.096218919381972,
        1.9881768463419116,
        1.899645455721826,
        1.8442458841658003,
        1.792051805031071,
        1.757053383975844,
        1.7233901818271684,
        1.6878745320995951,
        1.6582715308735247,
        1.634017646933093,
        1.6079358771584962,
        1.5944866765367096,
        1.5736335001407629,
        1.5457217637580947,
        1.5299034729270728,
        1.5122224496471732,
        1.4944032890013437,
        1.483721153508193,
        1.4677177527385818,
        1.4555510492098411,
        1.445624161125849,
        1.4272514146535002,
        1.415256461111608,
        1.409749639585903,
        1.3918737433531387,
        1.3871400060825279,
        1.3766137335820743,
        1.3671498554594483,
        1.3550062031765016,
        1.3461821188742749,
        1.344730169554113,
        1.3341323225265018,
        1.3261922191469593,
        1.316221675511085,
        1.311824431191029,
        1.3082465280151179,
        1.3042896439451148,
        1.2856383042570694,
        1.2833352431612182,
        1.2897926289122055,
        1.277786146463906,
        1.274381684403748,
        1.2666005902185786,
        1.2698137074681868,
        1.265916873540051,
        1.2567068638361014,
        1.2520469818621556,
        1.2479693994367085,
        1.2473849360304483,
        1.2413067229429533,
        1.2389001289488604,
        1.2349740308247097,
        1.233643455461537,
        1.2276312150770587,
        1.2267978522560063,
        1.218956799100817,
        1.2224120338260256,
        1.2181148225243348,
        1.215158756587562,
        1.211684827942796,
        1.2071495830799632,
        1.2086529889714634,
        1.1999361371707487,
        1.195314750113126,
        1.195673982226077,
        1.1956683774769494,
        1.1887531315878592,
        1.188246095670625,
        1.1877895228347202,
        1.1774864276152803,
        1.1883125862628525,
        1.1819003697515946,
        1.180209631745099,
        1.178869153862545,
        1.1830868399584962,
        1.1757221829480036,
        1.172507810642594,
        1.1723778194124248,
        1.1714904657768979,
        1.1612390570664617,
        1.164295640927937,
        1.1660674700884028,
        1.1645254220726349,
        1.161358847559898,
        1.1640601848396144,
        1.1616513520555318,
        1.161113499181014,
        1.1525046442698714,
        1.156708364059947,
        1.1578453507695288,
        1.154790063883229,
        1.1445175255460749,
        1.1496233030878726,
        1.1467289940644037
    ],
    "val_losses": [
        2.2518449571914156,
        2.120830452410889,
        1.9475877795200842,
        1.8529421949767606,
        1.7703872742937568,
        1.7162918796560442,
        1.6769349411881933,
        1.6495588573727615,
        1.6138917056678637,
        1.589285525872021,
        1.5636515741240353,
        1.5383137221631518,
        1.5179429458234757,
        1.497265715622641,
        1.4818839238265955,
        1.4643434277573735,
        1.4499286251830392,
        1.4371969364200707,
        1.419791376450232,
        1.4120875182381694,
        1.3983654053335912,
        1.3895566280390423,
        1.379413963033367,
        1.3694348831217171,
        1.3624590357584767,
        1.3555547830024306,
        1.3487344081872918,
        1.3385565859825774,
        1.333352715626218,
        1.3276381279652418,
        1.3226882589464544,
        1.3207134822283007,
        1.3147558501830712,
        1.3102151865658782,
        1.3033736326971364,
        1.2986783653650742,
        1.295282524276824,
        1.29032904912173,
        1.2886899140591355,
        1.283754426547865,
        1.2821913397274214,
        1.279362837541896,
        1.2757013216212185,
        1.2772397610764539,
        1.2722861094022166,
        1.2731644540727114,
        1.2698241954434764,
        1.2654008629349456,
        1.2639408401133703,
        1.2623554396137793,
        1.2599746001033743,
        1.2578341039903844,
        1.2570132365152393,
        1.2567383015778668,
        1.2542183124710777,
        1.251417541396894,
        1.2525676464979605,
        1.2537541004002732,
        1.2505982457597884,
        1.250577619428335,
        1.2501484635877878,
        1.246552861290676,
        1.246497500774949,
        1.2458545198154298,
        1.2429672656869528,
        1.2426226295002376,
        1.2432239075665752,
        1.2414898695265881,
        1.2403337221579396,
        1.2390231320250482,
        1.2394254083596363,
        1.240599628977034,
        1.2399457588553067,
        1.2385080313808146,
        1.2404617281829107,
        1.2389049064974942,
        1.2384990556942765,
        1.238176149811592,
        1.2374338154371336,
        1.2376977174531192,
        1.237390445351672,
        1.2354732389754197,
        1.2351510826065932,
        1.2351529198485651,
        1.2348921683619039,
        1.2332197743716884,
        1.2370963092621037,
        1.234057911826883,
        1.2318622704789628,
        1.2329371983200297,
        1.2350303880238278,
        1.2332118627085256,
        1.2322171933181305,
        1.23130398260777,
        1.2317170233114985,
        1.232672328665968
    ],
    "val_accs": [
        0.1692,
        0.2414,
        0.3087,
        0.3405,
        0.3772,
        0.3952,
        0.4072,
        0.4198,
        0.426,
        0.4367,
        0.4473,
        0.4585,
        0.4619,
        0.4686,
        0.47,
        0.4797,
        0.4874,
        0.4911,
        0.497,
        0.5018,
        0.505,
        0.506,
        0.5094,
        0.5172,
        0.5193,
        0.5213,
        0.5218,
        0.5266,
        0.5285,
        0.5315,
        0.5302,
        0.5314,
        0.535,
        0.5325,
        0.538,
        0.5374,
        0.536,
        0.5427,
        0.5454,
        0.5436,
        0.5403,
        0.5459,
        0.5492,
        0.5473,
        0.5478,
        0.5487,
        0.5483,
        0.5514,
        0.5507,
        0.5517,
        0.5547,
        0.5559,
        0.5548,
        0.5548,
        0.5548,
        0.5564,
        0.5579,
        0.5557,
        0.5577,
        0.5607,
        0.5605,
        0.5595,
        0.5606,
        0.559,
        0.5626,
        0.5627,
        0.5627,
        0.56,
        0.5645,
        0.564,
        0.5619,
        0.5618,
        0.5616,
        0.5637,
        0.5583,
        0.5637,
        0.5643,
        0.5649,
        0.5642,
        0.5607,
        0.5655,
        0.565,
        0.5652,
        0.5649,
        0.5657,
        0.5685,
        0.5621,
        0.5664,
        0.5654,
        0.5677,
        0.5646,
        0.564,
        0.5618,
        0.5651,
        0.562,
        0.5632
    ],
    "hyperparameters": {
        "batch_size": 128,
        "learning_rate": 0.0005,
        "momentum": 0.9,
        "weight_decay": 0.0001,
        "optimizer": "adam",
        "early_stopping": true,
        "patience": 10
    },
    "runtime_info": {
        "total_training_time": 227.45898580551147,
        "avg_epoch_time": 2.3693644354740777,
        "timestamp": "2025-04-13 00:20:30"
    }
}