{
    "model_name": "Adam_BatchNorm_GELU_standard",
    "features": [
        "GELU",
        "Adam",
        "BatchNorm"
    ],
    "epochs": 14,
    "best_epoch": 4,
    "best_val_acc": 0.3677,
    "training_time": 104.76991295814514,
    "train_losses": [
        1.8745760977200276,
        1.5371194396337775,
        1.3995925221201653,
        1.2991419176798555,
        1.2171363667393618,
        1.1523718256788993,
        1.0986801411785698,
        1.0544282477095683,
        1.0115539887808487,
        0.9894600616169078,
        0.964690632125249,
        0.9421639535899818,
        0.9322369607208352,
        0.9220597811423811
    ],
    "val_losses": [
        2.0461658783648073,
        1.8483962682622164,
        1.8367042089205785,
        1.7586916987949524,
        1.7592660863913085,
        1.8060219626587544,
        1.8252973606696317,
        1.8336263163118178,
        1.8620265382618153,
        1.89708491299395,
        1.943887646812138,
        1.9937649504695012,
        2.040714967358446,
        2.0849944601256727
    ],
    "val_accs": [
        0.2934,
        0.3371,
        0.3387,
        0.3677,
        0.3634,
        0.3474,
        0.3298,
        0.3295,
        0.3175,
        0.3016,
        0.2749,
        0.2499,
        0.2294,
        0.2078
    ],
    "hyperparameters": {
        "batch_size": 128,
        "learning_rate": 0.0005,
        "momentum": 0.9,
        "weight_decay": 0.0001,
        "optimizer": "adam",
        "early_stopping": true,
        "patience": 10
    },
    "runtime_info": {
        "total_training_time": 104.76991295814514,
        "avg_epoch_time": 7.4835652112960815,
        "timestamp": "2025-04-13 12:56:04"
    }
}