{
    "model_name": "Adam_GELU_standard",
    "features": [
        "GELU",
        "Adam"
    ],
    "accuracy": 0.5771,
    "precision": 0.5820916568230728,
    "recall": 0.5771,
    "f1_score": 0.5756413041994202,
    "loss": 1.2020698548978388,
    "inference_time": 0.3606739044189453,
    "timestamp": "2025-04-13 14:38:43"
}