{
    "model_name": "Adam_GELU_standard",
    "features": [
        "GELU",
        "Adam"
    ],
    "epochs": 92,
    "best_epoch": 82,
    "best_val_acc": 0.5816,
    "training_time": 555.5660121440887,
    "train_losses": [
        2.586498961766865,
        2.085348974537473,
        1.9128348284328212,
        1.8233597236951151,
        1.7504521920637544,
        1.691583494748369,
        1.6467371311750407,
        1.6045955812293347,
        1.5735285229416385,
        1.5370693466651657,
        1.5134697973514468,
        1.4761318444129838,
        1.4547907211050743,
        1.4307811254733096,
        1.4062118173297806,
        1.3870578600270596,
        1.3677874091541482,
        1.3553406447643623,
        1.3320103923087296,
        1.3166135140840816,
        1.2991868185613014,
        1.2881558316110617,
        1.2736686331593858,
        1.2545707602547442,
        1.2446033117644684,
        1.2373276062719323,
        1.2215964584310066,
        1.216091029315451,
        1.2047300220702144,
        1.1941192537022782,
        1.181211157304542,
        1.173632715251983,
        1.1594825379106282,
        1.1559481379547776,
        1.1459423658952426,
        1.1357638488896853,
        1.1252788732044725,
        1.1191429519200051,
        1.1085644291392898,
        1.113124230225743,
        1.0962502433866887,
        1.0956233242529456,
        1.0873501739109372,
        1.0794156903019019,
        1.0700793065102732,
        1.0642246752346556,
        1.064053545920169,
        1.056341364495635,
        1.053944539055987,
        1.0463521338211543,
        1.0408431678292942,
        1.040189000206382,
        1.0253331994195594,
        1.0261471452239481,
        1.0201883635174647,
        1.0116321475453616,
        1.013895161540834,
        1.0155606691927115,
        1.0047425439165896,
        0.9976842090037592,
        0.9997898361534469,
        0.9923882383103904,
        0.9926481569914657,
        0.9847201602698551,
        0.9795653232204289,
        0.9748948697847653,
        0.9736802809808064,
        0.9741411929448082,
        0.9738420742612844,
        0.9640590176654228,
        0.962299182442196,
        0.9598986353053153,
        0.9480689816506628,
        0.9476536560254025,
        0.9428823474440594,
        0.9519219819792759,
        0.9406408002627531,
        0.9380580557000132,
        0.9422205420945147,
        0.9414695366695475,
        0.9306580873532495,
        0.9296703982428576,
        0.920779651839705,
        0.9213717307622891,
        0.9197581122935573,
        0.9238419918448313,
        0.9165182317122557,
        0.9111479604307,
        0.9047988774646101,
        0.9051599954805594,
        0.913317328626259,
        0.9048559014850047
    ],
    "val_losses": [
        2.1483771181146296,
        1.902694738321071,
        1.7709062106353013,
        1.7018756400761639,
        1.6470343371315797,
        1.5970596511671429,
        1.560602523820794,
        1.527411733716267,
        1.505244596372905,
        1.4761695837059243,
        1.4440893077261385,
        1.4331885761670802,
        1.405072685146804,
        1.3907381985906668,
        1.3725214574581377,
        1.3642294661462757,
        1.3514743333386599,
        1.3343666827509697,
        1.3264301741661852,
        1.3188317108982086,
        1.3072065980467475,
        1.3030797597165997,
        1.2898079315954667,
        1.2859754376599122,
        1.2843010126337908,
        1.2748203545624675,
        1.2700486004825435,
        1.2696305577153681,
        1.2599195641864769,
        1.2531202747517283,
        1.2515452617812997,
        1.249945589439953,
        1.2459809321712838,
        1.2413187408290451,
        1.2378027578735347,
        1.2354978221505004,
        1.23126866205395,
        1.2296897761109227,
        1.2238196196891593,
        1.2232945826444748,
        1.2215490057344545,
        1.2185091423751078,
        1.2198716344595906,
        1.2187526612486033,
        1.217097540812493,
        1.2158011615531126,
        1.2181819444216933,
        1.216503443964371,
        1.2144782981958273,
        1.2151751929880754,
        1.2125471736072464,
        1.2114790432196219,
        1.2078525294633706,
        1.2123466155765203,
        1.2085208350054133,
        1.2098167581395582,
        1.2083657938540255,
        1.2088750424932835,
        1.2080232420694015,
        1.2115393719968328,
        1.2096141092083494,
        1.2085490351503108,
        1.2084669062981317,
        1.2065560953417218,
        1.2059838845535986,
        1.2105548137837012,
        1.2092694239993387,
        1.209098755669993,
        1.2085909896468663,
        1.2065931503048801,
        1.2069602672172597,
        1.2099768672015911,
        1.2097787194790042,
        1.2101430629223635,
        1.2111007468115047,
        1.2112359589020747,
        1.2108938889729475,
        1.213649929310344,
        1.2114884029543533,
        1.2116013964213448,
        1.2103435940115344,
        1.2133881005143943,
        1.212188186032889,
        1.216660589902542,
        1.2157997736794484,
        1.2149469836614344,
        1.2168570156781446,
        1.2166750710381962,
        1.214118740392958,
        1.2182120828370397,
        1.2165755589265068,
        1.2199313825684486
    ],
    "val_accs": [
        0.2383,
        0.3391,
        0.3946,
        0.4184,
        0.4279,
        0.4453,
        0.4584,
        0.4668,
        0.474,
        0.4819,
        0.4952,
        0.4994,
        0.5062,
        0.5108,
        0.5156,
        0.5207,
        0.5221,
        0.5319,
        0.5336,
        0.5384,
        0.5379,
        0.5435,
        0.5458,
        0.5444,
        0.5457,
        0.5485,
        0.5518,
        0.5498,
        0.5513,
        0.559,
        0.5568,
        0.5545,
        0.5575,
        0.5607,
        0.5637,
        0.5615,
        0.5628,
        0.5623,
        0.5643,
        0.5677,
        0.5648,
        0.5684,
        0.5687,
        0.5671,
        0.5661,
        0.5722,
        0.5702,
        0.5697,
        0.568,
        0.5716,
        0.5725,
        0.5705,
        0.5719,
        0.5736,
        0.5733,
        0.5731,
        0.5726,
        0.5742,
        0.5745,
        0.5723,
        0.5727,
        0.573,
        0.5745,
        0.5732,
        0.572,
        0.5718,
        0.5749,
        0.5774,
        0.5776,
        0.5781,
        0.5763,
        0.5769,
        0.5792,
        0.5754,
        0.5765,
        0.5792,
        0.5765,
        0.5778,
        0.5777,
        0.5772,
        0.5812,
        0.5816,
        0.5809,
        0.5756,
        0.5779,
        0.5722,
        0.5746,
        0.5783,
        0.5801,
        0.5782,
        0.5762,
        0.5753
    ],
    "hyperparameters": {
        "batch_size": 128,
        "learning_rate": 0.0005,
        "momentum": 0.9,
        "weight_decay": 0.0001,
        "optimizer": "adam",
        "early_stopping": true,
        "patience": 10
    },
    "runtime_info": {
        "total_training_time": 555.5660121440887,
        "avg_epoch_time": 6.038761001566182,
        "timestamp": "2025-04-13 14:38:42"
    }
}