{
    "model_name": "none",
    "features": [],
    "accuracy": 0.1221,
    "precision": 0.17923487751212955,
    "recall": 0.1221,
    "f1_score": 0.06264053863197615,
    "loss": 2.2371394204514172,
    "inference_time": 0.04611611366271973,
    "timestamp": "2025-04-12 18:05:02"
}