{
    "model_name": "none",
    "features": [],
    "epochs": 12,
    "best_epoch": 2,
    "best_val_acc": 0.1181,
    "training_time": 15.853019952774048,
    "train_losses": [
        2.312406087678339,
        2.0261607251694245,
        1.9497220098127053,
        1.9087606685532439,
        1.8831456274776222,
        1.8656413403435625,
        1.879094895892281,
        1.8998983161380383,
        1.9338022730134958,
        2.0147896090780333,
        2.052081440758361,
        2.0731925715894453
    ],
    "val_losses": [
        2.240040275186371,
        2.2360024525938496,
        2.271195669132084,
        2.3054020780144024,
        2.329322079941203,
        2.3474807733369736,
        2.3616757208718693,
        2.3727151109563387,
        2.380694778526272,
        2.382805488941849,
        2.3804497045438926,
        2.38434043998722
    ],
    "val_accs": [
        0.1162,
        0.1181,
        0.1156,
        0.1025,
        0.1029,
        0.1015,
        0.1014,
        0.1014,
        0.1015,
        0.1014,
        0.1014,
        0.1014
    ],
    "hyperparameters": {
        "batch_size": 128,
        "learning_rate": 0.01,
        "momentum": 0.9,
        "weight_decay": 0.0001,
        "optimizer": "sgd",
        "early_stopping": true,
        "patience": 10
    },
    "runtime_info": {
        "total_training_time": 15.853019952774048,
        "avg_epoch_time": 1.321084996064504,
        "timestamp": "2025-04-12 18:05:02"
    }
}