{
    "model_name": "Adam_GELU_standard",
    "features": [
        "GELU",
        "Adam"
    ],
    "epochs": 82,
    "best_epoch": 72,
    "best_val_acc": 0.5355,
    "training_time": 116.53883790969849,
    "train_losses": [
        2.9038545420533795,
        2.360103009985877,
        2.2888084868206025,
        2.2139167000062803,
        2.120742930241254,
        2.0407074847802065,
        1.97777971861994,
        1.9262197783888004,
        1.8882927382733623,
        1.847218410922365,
        1.8206714623704223,
        1.789613203232142,
        1.7730345432646697,
        1.7420585155779695,
        1.7167666371321935,
        1.7027996988722274,
        1.6831008673229182,
        1.667934381694278,
        1.650938803575569,
        1.6283816647008118,
        1.620979814681569,
        1.6160927353901673,
        1.5939634348739977,
        1.5777734942365984,
        1.5755709063653338,
        1.5630258052933643,
        1.5488205821725383,
        1.5413342977876312,
        1.5319323447908475,
        1.5231690011636323,
        1.5239563297937786,
        1.5134804560018538,
        1.499137910230314,
        1.5022425583767092,
        1.4948282878745431,
        1.4858544428921165,
        1.4812062026573396,
        1.4768692150069291,
        1.4725075723785417,
        1.4657151987065713,
        1.4639617930032733,
        1.4600010383828779,
        1.4587636557970776,
        1.4536358343891258,
        1.446110076961089,
        1.4437947303649812,
        1.440555526728161,
        1.4362874450018432,
        1.4371739669398726,
        1.4373973865363725,
        1.4331745662562858,
        1.421253650624346,
        1.4302590927945338,
        1.4222817017185632,
        1.4253827116654907,
        1.4218780059730303,
        1.4151559825644464,
        1.4197301156479882,
        1.420798767093971,
        1.4114322170886213,
        1.4057906897996642,
        1.4051309036566308,
        1.4100499135591293,
        1.4061788375823605,
        1.4021252376521405,
        1.3974600760248637,
        1.401583151162345,
        1.4013989443899313,
        1.3946029530924102,
        1.3967727599957453,
        1.3908578446236188,
        1.3930887351088699,
        1.3934552622642395,
        1.3880418854790968,
        1.3907773129709644,
        1.3864503089952949,
        1.3872883446380992,
        1.3895980297832782,
        1.3828217799378801,
        1.3870386920473141,
        1.3875133876857129,
        1.3837786352327914
    ],
    "val_losses": [
        2.287537795004497,
        2.2844194861173723,
        2.238233698477656,
        2.1167795871961452,
        1.9998136040098609,
        1.9102909004132846,
        1.8423259607073705,
        1.793922291167365,
        1.759870953778617,
        1.7227615273971277,
        1.6949977938281122,
        1.6670844216241612,
        1.646490335240596,
        1.6290476479125942,
        1.6019571161061212,
        1.5849597935895292,
        1.5706971980920177,
        1.5542336952551221,
        1.5394423290403714,
        1.5258667021583459,
        1.512957377474811,
        1.501149947530271,
        1.4877129080478169,
        1.4780997969403773,
        1.4700144524413377,
        1.457115021961521,
        1.44865050028825,
        1.4403309864061278,
        1.4334428496202125,
        1.4276018199002227,
        1.4213067653649374,
        1.4145887018108012,
        1.4054340439930706,
        1.401247057261609,
        1.3942855088820991,
        1.389167771917488,
        1.3846800860492732,
        1.3837162661115119,
        1.3781191369637849,
        1.374862304835699,
        1.3737007593643966,
        1.3703966973944859,
        1.3681811482529815,
        1.364374197608493,
        1.3588834374377043,
        1.3596396670446138,
        1.355501671168784,
        1.3518299626283719,
        1.3489610086457586,
        1.3472780859529985,
        1.346291848905063,
        1.3426725624558382,
        1.3413647498750476,
        1.3411080918703462,
        1.3396076888817756,
        1.335801894609279,
        1.3364450570431599,
        1.3346501352007238,
        1.3350567353706555,
        1.3337081458613014,
        1.3315335592547803,
        1.32940467633168,
        1.3293625755359544,
        1.3284663375301904,
        1.326008513811612,
        1.3246050691621458,
        1.3264408854872893,
        1.3258865062357719,
        1.323536460539481,
        1.3224642254476804,
        1.3222184042354697,
        1.3218241493399154,
        1.3223326500167427,
        1.3203935541979355,
        1.3222870870600139,
        1.321859381367918,
        1.3210206292286832,
        1.3206738120313213,
        1.32009041700938,
        1.3179219524780026,
        1.3190328462415382,
        1.3195150238552384
    ],
    "val_accs": [
        0.1292,
        0.1353,
        0.1801,
        0.2408,
        0.282,
        0.3112,
        0.3396,
        0.3593,
        0.3717,
        0.3857,
        0.3958,
        0.4071,
        0.4152,
        0.4255,
        0.4306,
        0.4346,
        0.4399,
        0.445,
        0.454,
        0.4585,
        0.4618,
        0.4665,
        0.4698,
        0.4695,
        0.4746,
        0.4792,
        0.486,
        0.4868,
        0.4877,
        0.4876,
        0.491,
        0.4961,
        0.4979,
        0.5018,
        0.5017,
        0.5057,
        0.5059,
        0.5063,
        0.5094,
        0.5103,
        0.5118,
        0.5136,
        0.5124,
        0.5132,
        0.5183,
        0.5205,
        0.5205,
        0.5187,
        0.5195,
        0.5178,
        0.5206,
        0.5243,
        0.5243,
        0.5206,
        0.526,
        0.5269,
        0.5262,
        0.5266,
        0.5271,
        0.5268,
        0.5269,
        0.5297,
        0.5282,
        0.5317,
        0.5304,
        0.5314,
        0.5323,
        0.5315,
        0.5288,
        0.5322,
        0.5296,
        0.5355,
        0.5341,
        0.5343,
        0.5315,
        0.5328,
        0.5324,
        0.5325,
        0.5303,
        0.5339,
        0.5354,
        0.5348
    ],
    "hyperparameters": {
        "batch_size": 128,
        "learning_rate": 0.0005,
        "momentum": 0.9,
        "weight_decay": 0.0001,
        "optimizer": "adam",
        "early_stopping": true,
        "patience": 10
    },
    "runtime_info": {
        "total_training_time": 116.53883790969849,
        "avg_epoch_time": 1.4212053403621767,
        "timestamp": "2025-04-13 00:50:42"
    }
}