{
    "model_name": "Adam_GELU_standard",
    "features": [
        "GELU",
        "Adam"
    ],
    "epochs": 66,
    "best_epoch": 56,
    "best_val_acc": 0.5814,
    "training_time": 480.76479721069336,
    "train_losses": [
        2.598619909735569,
        2.0984388495155675,
        1.9205117254787414,
        1.8208777678817347,
        1.7539866511590787,
        1.694440984604043,
        1.6483622109109977,
        1.6080767085237082,
        1.5737017505310829,
        1.5419946935370066,
        1.5124466869521707,
        1.4830544502061749,
        1.456172400398466,
        1.4278935625433524,
        1.4087133903958884,
        1.3938419568339866,
        1.3735439070148612,
        1.3500601962315266,
        1.3316534299362839,
        1.317467175918336,
        1.3047857751241756,
        1.288555703474565,
        1.276330656109674,
        1.2588185949478277,
        1.2474907731548253,
        1.2429776159452586,
        1.2215629384769937,
        1.2172324872514473,
        1.2036311286992978,
        1.192793333675886,
        1.1825013337358898,
        1.1786449473522123,
        1.15855516408661,
        1.1574450646692398,
        1.1433514018191435,
        1.1359672874459017,
        1.128273314441068,
        1.122837768935372,
        1.1114030645425106,
        1.111360445994287,
        1.1014229373401088,
        1.0943253784961975,
        1.092438184495652,
        1.0840372750909868,
        1.0759619787971713,
        1.072122054115905,
        1.0681863934169027,
        1.060793268678074,
        1.0557134900988672,
        1.0519481760579414,
        1.0455658379457298,
        1.0334314545869354,
        1.0296544659489308,
        1.030864603899165,
        1.0242910866661454,
        1.021984868282455,
        1.0141511741858529,
        1.0079142305561357,
        1.0029542735813406,
        1.0037532539455085,
        0.9983238328953344,
        1.0010661926953746,
        0.9866523907679308,
        0.9833253009404077,
        0.9778838786349735,
        0.9807403454523083
    ],
    "val_losses": [
        2.190100260530784,
        1.9001699357404933,
        1.7728038732600861,
        1.7120886697108406,
        1.6484079254515407,
        1.6047952970769492,
        1.5654723444128829,
        1.5371539677151809,
        1.5154740582993282,
        1.4833585876038868,
        1.462088699790289,
        1.4368185953151305,
        1.4134523326539263,
        1.3925469529336754,
        1.3779514579362142,
        1.369489280500786,
        1.3548956837666244,
        1.3431498442016936,
        1.3302282614102994,
        1.3213654133090227,
        1.3195231140219366,
        1.3028715625251048,
        1.2965315638851291,
        1.2904559529292594,
        1.2807948781120002,
        1.277380718390704,
        1.274053710286991,
        1.2703625568901384,
        1.2596139461753078,
        1.2570474978586141,
        1.2527633759071102,
        1.2491436385850294,
        1.2439504333902955,
        1.2428790431885008,
        1.2421051966877206,
        1.2376761960733036,
        1.2368450020762145,
        1.2319126794110333,
        1.2294619190578684,
        1.225668128875402,
        1.2236135005202597,
        1.222695174747461,
        1.214865970734071,
        1.2154948460001396,
        1.21387647058076,
        1.2143496544771832,
        1.2080787159676536,
        1.206951495552613,
        1.210712827921945,
        1.2103676770130662,
        1.2022901311308447,
        1.2077623602049048,
        1.204613803247232,
        1.207562472690591,
        1.2084754716938362,
        1.2037000629041257,
        1.2053880504983647,
        1.2058529076690552,
        1.2054777662868579,
        1.2058240634961395,
        1.2069916093706885,
        1.2021349177509546,
        1.207584830521053,
        1.2036536065235528,
        1.2031151636778932,
        1.2057606898752569
    ],
    "val_accs": [
        0.2228,
        0.3515,
        0.3904,
        0.4067,
        0.4316,
        0.4424,
        0.4557,
        0.4666,
        0.4761,
        0.4823,
        0.4903,
        0.4991,
        0.5062,
        0.5164,
        0.5162,
        0.5196,
        0.5237,
        0.529,
        0.5324,
        0.5383,
        0.54,
        0.5446,
        0.5432,
        0.5472,
        0.5524,
        0.553,
        0.5566,
        0.5539,
        0.5577,
        0.5619,
        0.5609,
        0.5598,
        0.5645,
        0.5644,
        0.5657,
        0.5682,
        0.5688,
        0.5683,
        0.5683,
        0.5687,
        0.5735,
        0.5697,
        0.5749,
        0.5739,
        0.573,
        0.5742,
        0.5767,
        0.5788,
        0.5764,
        0.5784,
        0.5792,
        0.5766,
        0.5773,
        0.5762,
        0.5763,
        0.5814,
        0.5793,
        0.5785,
        0.5785,
        0.5743,
        0.5789,
        0.5774,
        0.5781,
        0.5789,
        0.5777,
        0.5779
    ],
    "hyperparameters": {
        "batch_size": 128,
        "learning_rate": 0.0005,
        "momentum": 0.9,
        "weight_decay": 0.0001,
        "optimizer": "adam",
        "early_stopping": true,
        "patience": 10
    },
    "runtime_info": {
        "total_training_time": 480.76479721069336,
        "avg_epoch_time": 7.28431510925293,
        "timestamp": "2025-04-16 13:24:36"
    }
}