{
    "model_name": "Adam_GELU_standard",
    "features": [
        "GELU",
        "Adam"
    ],
    "accuracy": 0.555,
    "precision": 0.5573974535109446,
    "recall": 0.555,
    "f1_score": 0.5522432850149708,
    "loss": 1.2314466457642586,
    "inference_time": 0.17444825172424316,
    "timestamp": "2025-04-13 14:12:07"
}