{
    "model_name": "lr0.01_drop0.5_wd0.0001_h256_128",
    "features": [
        "GELU",
        "Adam"
    ],
    "epochs": 35,
    "best_epoch": 25,
    "best_val_acc": 0.3931,
    "training_time": 92.45749807357788,
    "train_losses": [
        2.1064481305378284,
        1.9543826657332617,
        1.9289656140709315,
        1.9055036960615301,
        1.893225455031046,
        1.898330907194553,
        1.8923946867546517,
        1.8948031062993569,
        1.8860623940892025,
        1.883039492288022,
        1.8701885401341225,
        1.8664054310983784,
        1.8486567411665613,
        1.8543039451992906,
        1.8566793088396882,
        1.855544236210492,
        1.855723274801491,
        1.8470729220803697,
        1.846753299512174,
        1.8483335472483493,
        1.850194811460853,
        1.8391941981037696,
        1.837099504101195,
        1.83573403010195,
        1.8307175771579285,
        1.8270292505206693,
        1.8398854477530693,
        1.8332773488833083,
        1.8236164446081156,
        1.8258870265280824,
        1.8323133584624756,
        1.8285026581751036,
        1.83297018431959,
        1.8308363209823757,
        1.8284360193330114
    ],
    "val_losses": [
        1.8164093178269407,
        1.8061056289174608,
        1.7883869329422013,
        1.8045503768640618,
        1.778336204072875,
        1.7438510766274946,
        1.7428393272115805,
        1.7554652730904687,
        1.7512277520001425,
        1.7265761677808762,
        1.7597557630276555,
        1.7553395676768713,
        1.735628100394766,
        1.7616861429345354,
        1.7620513455396787,
        1.7122686375949816,
        1.699159829796476,
        1.7593397649816114,
        1.750688356759927,
        1.7381882122685206,
        1.7367607141599746,
        1.7111547683280652,
        1.7440745292650204,
        1.7359411988050444,
        1.696955770947834,
        1.6956588576291463,
        1.72327286722978,
        1.7604127645025587,
        1.6998044155971013,
        1.7138525138895209,
        1.7228946167007042,
        1.7183286213547038,
        1.7177312163310416,
        1.693096097216391,
        1.7382493423196306
    ],
    "val_accs": [
        0.3526,
        0.3313,
        0.3392,
        0.3175,
        0.3549,
        0.3624,
        0.3615,
        0.3491,
        0.3377,
        0.3469,
        0.349,
        0.3497,
        0.3513,
        0.3608,
        0.3436,
        0.3827,
        0.3881,
        0.3369,
        0.363,
        0.3606,
        0.3576,
        0.3846,
        0.3605,
        0.3764,
        0.3931,
        0.388,
        0.3842,
        0.3234,
        0.3914,
        0.379,
        0.3739,
        0.3737,
        0.3817,
        0.3844,
        0.3692
    ],
    "hyperparameters": {
        "batch_size": 128,
        "learning_rate": 0.01,
        "momentum": 0.9,
        "weight_decay": 0.0001,
        "optimizer": "adam",
        "early_stopping": true,
        "patience": 10
    },
    "runtime_info": {
        "total_training_time": 92.45749807357788,
        "avg_epoch_time": 2.641642802102225,
        "timestamp": "2025-04-16 17:25:11"
    }
}