{
    "model_name": "lr0.01_drop0.5_wd0.0001_h256_128",
    "features": [
        "GELU",
        "Adam"
    ],
    "accuracy": 0.3859,
    "precision": 0.4897786148067111,
    "recall": 0.3859,
    "f1_score": 0.39419803633073436,
    "loss": 1.68257555990044,
    "inference_time": 0.14398694038391113,
    "timestamp": "2025-04-16 17:25:11"
}