{
    "model_name": "Adam_GELU_standard",
    "features": [
        "GELU",
        "Adam"
    ],
    "epochs": 84,
    "best_epoch": 74,
    "best_val_acc": 0.5671,
    "training_time": 256.97425627708435,
    "train_losses": [
        2.8119556970809074,
        2.2744819577202247,
        2.1348774229800647,
        2.0172153716710826,
        1.9326440720417637,
        1.8630170430431718,
        1.8161380342576083,
        1.7704843522799425,
        1.7327673653320892,
        1.7015815686868085,
        1.6672329878242216,
        1.6405183894332744,
        1.6175357107376336,
        1.5920200652642833,
        1.5758700518763844,
        1.5550302536772524,
        1.5361919439687042,
        1.5144494577861363,
        1.5014952317501005,
        1.4839016945478214,
        1.4679107846918544,
        1.4552883952415245,
        1.4408930511080675,
        1.4243306258759147,
        1.4136774540435688,
        1.4058946445466132,
        1.398509339073669,
        1.3861315957380163,
        1.3694632758963843,
        1.3587576216982742,
        1.3610196241354742,
        1.3463232065157984,
        1.3374940370263146,
        1.3354980181402196,
        1.3319302009021228,
        1.3168664335167148,
        1.3107391275295857,
        1.3102086219827727,
        1.302466028140831,
        1.2953946125042144,
        1.2847621896039154,
        1.2855217268086263,
        1.2785694460424228,
        1.272649199150981,
        1.272275724309619,
        1.2631234802065574,
        1.258268539602628,
        1.2528086236207228,
        1.2565260074373945,
        1.2496120465609675,
        1.2376949121959484,
        1.2406315145207862,
        1.2457231369632291,
        1.2364548697199391,
        1.22906970945719,
        1.2239490791695584,
        1.2191819036912588,
        1.2212596383626106,
        1.2214895681473648,
        1.2126711690867784,
        1.2059702475694987,
        1.209120698920613,
        1.204433967031966,
        1.207688319272703,
        1.2007464061034263,
        1.201283916306884,
        1.1957053190981528,
        1.1974458407825892,
        1.2002595338962951,
        1.185538625976288,
        1.1874596226483793,
        1.1847287085912195,
        1.1876788326176908,
        1.176706290751059,
        1.1796986411774282,
        1.1809645732927883,
        1.1758911897288211,
        1.17648545878346,
        1.176750016557125,
        1.1681017769018753,
        1.1667854461060052,
        1.1677675444487274,
        1.1604624943976276,
        1.1699903454308018
    ],
    "val_losses": [
        2.26720984078002,
        2.1790777251963256,
        1.9980096637688067,
        1.8719465062411738,
        1.7965003539648985,
        1.7404712052198774,
        1.6924064829220522,
        1.6583132918039103,
        1.6245626475139499,
        1.600343320622242,
        1.5735110849815868,
        1.5424567001076637,
        1.5212688094591298,
        1.4974803786265416,
        1.4813495302454518,
        1.4639389671660483,
        1.4536371039917955,
        1.4369497506126754,
        1.422323700269347,
        1.4119596383358515,
        1.4003516048071012,
        1.3864597921866406,
        1.3777867482240198,
        1.3656986516774228,
        1.3560950208150662,
        1.3507079532946948,
        1.3426967816609725,
        1.3336354951334493,
        1.3292736532797218,
        1.3181224884691032,
        1.3139299219754728,
        1.309367018626745,
        1.3040677611477505,
        1.301619801268998,
        1.2944590398653348,
        1.2890353481501138,
        1.2846048616198151,
        1.2822025046346284,
        1.2801056616793707,
        1.276162131883408,
        1.2720747293061443,
        1.271367046642107,
        1.268359907794064,
        1.2638363369223928,
        1.2620847621154785,
        1.25672079383166,
        1.2554559263763634,
        1.2566212748388734,
        1.2534614918059106,
        1.2517282228052438,
        1.251149617957323,
        1.2505023778660644,
        1.248152924209205,
        1.2457734055513792,
        1.2447856128411563,
        1.2455843677996157,
        1.244785083422177,
        1.2432168560033152,
        1.2397168922141255,
        1.2399020504340923,
        1.238688349353736,
        1.2349226297115972,
        1.2367715249234974,
        1.2366980351046137,
        1.2353035522257703,
        1.2354393279600369,
        1.2340856015235107,
        1.2353073328773831,
        1.2355017104634558,
        1.2337830416809867,
        1.2343757674542948,
        1.2327157884215258,
        1.2323184509561613,
        1.232639445605621,
        1.2339705474800073,
        1.230731657085601,
        1.2299862795070373,
        1.231961729594292,
        1.232371119649935,
        1.2299750907251863,
        1.23127412644677,
        1.2307968982300055,
        1.2307823172021142,
        1.2303075178422853
    ],
    "val_accs": [
        0.1482,
        0.2168,
        0.2921,
        0.3431,
        0.3656,
        0.3812,
        0.4048,
        0.4181,
        0.4273,
        0.435,
        0.4434,
        0.4491,
        0.4602,
        0.4661,
        0.4733,
        0.4781,
        0.4792,
        0.4842,
        0.4899,
        0.4948,
        0.499,
        0.506,
        0.5074,
        0.5116,
        0.5154,
        0.5175,
        0.5215,
        0.5229,
        0.524,
        0.526,
        0.5307,
        0.5336,
        0.5342,
        0.5365,
        0.5395,
        0.5409,
        0.5427,
        0.5424,
        0.5453,
        0.5462,
        0.5506,
        0.5494,
        0.5526,
        0.5522,
        0.5483,
        0.5539,
        0.5539,
        0.5501,
        0.5515,
        0.5554,
        0.5542,
        0.5556,
        0.5563,
        0.5579,
        0.5579,
        0.5569,
        0.558,
        0.5579,
        0.5588,
        0.5604,
        0.5609,
        0.5631,
        0.5625,
        0.5631,
        0.5631,
        0.5626,
        0.5643,
        0.5622,
        0.5639,
        0.5623,
        0.5651,
        0.5641,
        0.5669,
        0.5671,
        0.5648,
        0.5644,
        0.5664,
        0.5649,
        0.5652,
        0.5645,
        0.5665,
        0.5647,
        0.5661,
        0.5646
    ],
    "hyperparameters": {
        "batch_size": 128,
        "learning_rate": 0.0005,
        "momentum": 0.9,
        "weight_decay": 0.0001,
        "optimizer": "adam",
        "early_stopping": true,
        "patience": 10
    },
    "runtime_info": {
        "total_training_time": 256.97425627708435,
        "avg_epoch_time": 3.0592173366319564,
        "timestamp": "2025-04-13 14:29:25"
    }
}