{
    "model_name": "Adam_GELU_standard",
    "features": [
        "GELU",
        "Adam"
    ],
    "accuracy": 0.5627,
    "precision": 0.5648458713311294,
    "recall": 0.5627,
    "f1_score": 0.5608125485774411,
    "loss": 1.2177304639050617,
    "inference_time": 0.13425493240356445,
    "timestamp": "2025-04-13 11:16:50"
}