{
    "model_name": "Adam_GELU_standard",
    "features": [
        "GELU",
        "Adam"
    ],
    "epochs": 112,
    "best_epoch": 102,
    "best_val_acc": 0.5692,
    "training_time": 244.3163402080536,
    "train_losses": [
        2.7444239378684987,
        2.267147269811972,
        2.123844701268481,
        2.0039657465128515,
        1.9142673758447941,
        1.854790637883245,
        1.802080245013612,
        1.7691468179435805,
        1.7266723607752528,
        1.697598784629257,
        1.66969791683589,
        1.6379016052031594,
        1.6144122893912465,
        1.5839684790515125,
        1.5653870801257872,
        1.5442485818808591,
        1.52745234399742,
        1.5091205917851087,
        1.4899329291645438,
        1.4759162375133306,
        1.4632423204393004,
        1.4479225337562434,
        1.4450469361110334,
        1.4303652040433839,
        1.4089862035982605,
        1.4018383186242587,
        1.392756054850539,
        1.382706547005247,
        1.3740964797160047,
        1.3674244887443177,
        1.3520394235979487,
        1.352753656555253,
        1.3402063424537516,
        1.3328718010875478,
        1.3195757441524802,
        1.3218850407937353,
        1.3112856752181266,
        1.30919567106174,
        1.301096015291273,
        1.2924204273983173,
        1.2892807542788811,
        1.282959274145795,
        1.2766403399450799,
        1.2716797025469264,
        1.265891618331788,
        1.2606608065116438,
        1.2599083446870496,
        1.2552379061599073,
        1.2479672113788045,
        1.2517607667487063,
        1.247242721666973,
        1.2412881889118608,
        1.2333723511540857,
        1.2299547889820839,
        1.2316013625771982,
        1.2183748177632276,
        1.2209470078001126,
        1.2219975953271633,
        1.2181584390731763,
        1.2126156901287932,
        1.2098542585871597,
        1.2058230782465822,
        1.2060139187312897,
        1.1995936771407318,
        1.2012055654390086,
        1.1985488878688015,
        1.198705598172038,
        1.1952288288568973,
        1.1838119669481424,
        1.1918617367565512,
        1.1854312054453224,
        1.1880394028874293,
        1.180527947160054,
        1.176471978875786,
        1.175356537846246,
        1.1768110955902038,
        1.1806788482539465,
        1.1743181211873464,
        1.17462242991243,
        1.1702099329190465,
        1.1680119371307613,
        1.165787021300278,
        1.1622806466371574,
        1.1683937016499444,
        1.1633100904720777,
        1.1644622940505256,
        1.1655388587862594,
        1.1517579285329789,
        1.155276940369208,
        1.1510693992389194,
        1.1590696227681587,
        1.1466367365085215,
        1.1521332882985489,
        1.1457081861441525,
        1.1511475444316492,
        1.1420153994337068,
        1.1457054742348243,
        1.1471468511917788,
        1.143001062564481,
        1.1367631040295199,
        1.1424712385551203,
        1.1447656371849086,
        1.1382401597653526,
        1.1386959079621084,
        1.1313879948020702,
        1.1341625902974173,
        1.1406186560673226,
        1.1278219050073226,
        1.137184095179879,
        1.128756711616702,
        1.1288308617223053,
        1.1300296779642347
    ],
    "val_losses": [
        2.2668547724048738,
        2.1625495006116973,
        1.9786429866628026,
        1.859524545557163,
        1.7862477662411858,
        1.738639126917621,
        1.6912387637142732,
        1.6593260783701616,
        1.6188893724115714,
        1.5928230001053034,
        1.5628886465819591,
        1.544443491339307,
        1.5158364323769973,
        1.4947371052897676,
        1.47280434326977,
        1.459249066727363,
        1.4417463372787975,
        1.425367348479369,
        1.4136532773452868,
        1.4053678675870998,
        1.394842025172373,
        1.3817224509261055,
        1.3746015311117525,
        1.3647776733382289,
        1.3531811690884024,
        1.3439499362652578,
        1.337557812255503,
        1.331375031581854,
        1.3255793846503083,
        1.3214237011791088,
        1.3137518675373496,
        1.3081287514974271,
        1.3022918892648747,
        1.3016039126695664,
        1.2953231549827955,
        1.2907860950666046,
        1.2861336293086694,
        1.2827378306318353,
        1.2817132255340986,
        1.2769034145750457,
        1.272024660725729,
        1.26946560377123,
        1.267607517314296,
        1.2651784934892338,
        1.2618563894392139,
        1.26185701274683,
        1.257918495413465,
        1.2556279720577224,
        1.2570125314646179,
        1.255556068511723,
        1.2518917018244444,
        1.250831627280616,
        1.2488672592416146,
        1.247797350586178,
        1.2463108562999745,
        1.2449363642528977,
        1.2447856411586926,
        1.2425848160338546,
        1.2416858930880676,
        1.2421397451541303,
        1.2417015052986549,
        1.2405087827409351,
        1.2400753045142996,
        1.2366705777741251,
        1.237881381711492,
        1.2398058914874497,
        1.2388133147914855,
        1.2367769602348702,
        1.2371573110355405,
        1.2354163927563504,
        1.2378155032665288,
        1.2348851047334628,
        1.234480367376322,
        1.2367228334185216,
        1.2367820586250633,
        1.2342333831330048,
        1.2315240638904237,
        1.2345130446318018,
        1.2346418851048069,
        1.2342396924225196,
        1.2322279514799357,
        1.2337772196238264,
        1.2346649175477116,
        1.2317835114865825,
        1.2308677316000616,
        1.2333837099035059,
        1.2318333694046097,
        1.231709490571139,
        1.2299804563389432,
        1.2321922489430552,
        1.2315911458751478,
        1.2310236238275913,
        1.2292569924312224,
        1.2281263531478017,
        1.2307433791424853,
        1.2297352471628853,
        1.2289250456625098,
        1.2284786333974287,
        1.2259309541497059,
        1.224944070151093,
        1.2255395467718304,
        1.2241938687350695,
        1.2260917098737383,
        1.2282470686154257,
        1.227273817327538,
        1.2268029412435328,
        1.2264603582063438,
        1.2276508401699913,
        1.2276043824771785,
        1.2288947859081885,
        1.2279328265042115,
        1.2288351827625676
    ],