{
    "model_name": "lr0.0001_drop0.5_wd0.0001_h256_128",
    "features": [
        "GELU",
        "Adam"
    ],
    "accuracy": 0.5154,
    "precision": 0.5143306738011492,
    "recall": 0.5154,
    "f1_score": 0.5106613273450712,
    "loss": 1.3592587084983476,
    "inference_time": 0.13427186012268066,
    "timestamp": "2025-04-16 15:53:33"
}