{
    "model_name": "lr0.0001_drop0.5_wd0.0001_h256_128",
    "features": [
        "GELU",
        "Adam"
    ],
    "epochs": 100,
    "best_epoch": 98,
    "best_val_acc": 0.5152,
    "training_time": 227.92638778686523,
    "train_losses": [
        3.6798179611250785,
        2.86841979583459,
        2.5624117467650738,
        2.4338764307642577,
        2.360420668613708,
        2.31536502377614,
        2.285676538461069,
        2.2509276842341324,
        2.219449754737025,
        2.1755066948056436,
        2.138732195714406,
        2.0984820526153496,
        2.06560610558613,
        2.0326424706988435,
        2.0048936440359464,
        1.9760997823888422,
        1.948110425257665,
        1.9328662748828782,
        1.9083468212618484,
        1.8945783140640686,
        1.8823848612151028,
        1.8625935017660753,
        1.8480460095688038,
        1.835407899885144,
        1.8256502914028618,
        1.8086089979936832,
        1.8046723982518977,
        1.7938878408119354,
        1.7779355013865217,
        1.7724550874479852,
        1.7635268086464613,
        1.7479105624050233,
        1.7361420984823284,
        1.7307288447030071,
        1.7255206853899492,
        1.7195563114556882,
        1.7069005414094716,
        1.7062965409296924,
        1.6938631530004444,
        1.6874901004414884,
        1.6819377742048964,
        1.669632828700328,
        1.6632980172794798,
        1.659699156681785,
        1.6521802094003906,
        1.644834766122021,
        1.638496975941229,
        1.632455782868082,
        1.6323695601303554,
        1.6189748986089252,
        1.6142887605404193,
        1.6085128270512148,
        1.606879164252808,
        1.5970056142528075,
        1.5943581650463317,
        1.589576992348391,
        1.580778197738745,
        1.5752141919321898,
        1.5690305504088822,
        1.5688171325805604,
        1.5628340146794522,
        1.5541681830879102,
        1.555799140247183,
        1.549338643013891,
        1.5443179176663642,
        1.5348794915956852,
        1.5379751256372562,
        1.5309472554565888,
        1.5277421087662886,
        1.5281062016043208,
        1.5197764885524985,
        1.50868056384442,
        1.507978955176042,
        1.5104243847330905,
        1.4987613964226092,
        1.5018333398844903,
        1.499996041285292,
        1.4909504959754791,
        1.4916972172845482,
        1.4834801945388163,
        1.4802271251342878,
        1.4770871974539554,
        1.4746712250514922,
        1.4702690333771389,
        1.4725139456532104,
        1.4617159450561947,
        1.4584246004423802,
        1.4580263568150347,
        1.4539528667188906,
        1.450909432523339,
        1.4472379640782838,
        1.4403625735997851,
        1.4424952189370075,
        1.4393977387997527,
        1.4390586523635336,
        1.4320824065689364,
        1.4309271643978845,
        1.4235553578416462,
        1.4215831944777892,
        1.4235713717390828
    ],
    "val_losses": [
        2.3926916527299467,
        2.2895445136409838,
        2.266767573450705,
        2.2627309831249716,
        2.2583753908355297,
        2.2496381022009735,
        2.2343153895672105,
        2.2070199334892195,
        2.1698194331303107,
        2.117633964247296,
        2.0623742092643123,
        2.011942096668772,
        1.9599997532282853,
        1.9236955633490387,
        1.8932044735814146,
        1.8632880339053768,
        1.837618636552952,
        1.817736050120091,
        1.8008876823277096,
        1.7823111531107951,
        1.7720979422112901,
        1.7558177983186338,
        1.7426911784015182,
        1.7289878555397353,
        1.7193795210687661,
        1.7077292219312716,
        1.6985253991697624,
        1.689623462127296,
        1.6780992535163635,
        1.6710147290126631,
        1.6628274865117065,
        1.6529577762439516,
        1.6450062828831538,
        1.636820426708705,
        1.6304275023873331,
        1.6240888792205617,
        1.6162807642294148,
        1.6105861768022485,
        1.6025175593497116,
        1.5968313048454752,
        1.590408729755291,
        1.5842460206806845,
        1.5782680261464883,
        1.5731825807005526,
        1.5662076722681428,
        1.5597711226522395,
        1.5527933701168661,
        1.5457103894441548,
        1.542841346183899,
        1.5370630555778295,
        1.5317581015459902,
        1.5259618615469472,
        1.5218525873753161,
        1.515806054770743,
        1.511472503946753,
        1.5057317970928643,
        1.500451507602619,
        1.496522798846824,
        1.4928432417496813,
        1.4886788874741448,
        1.4833684204718458,
        1.4781920109087725,
        1.4741923819446476,
        1.4704456528927203,
        1.4661569948066306,
        1.4623899086088663,
        1.4580299554631753,
        1.4557199856998633,
        1.4511249620292164,
        1.4493150911324355,
        1.444505487775912,
        1.4399670950264372,
        1.437258405668224,
        1.433458456678847,
        1.4301990223667196,
        1.4275674554671947,
        1.425595355031035,
        1.4233728238990389,
        1.4194241752065362,
        1.4160594105036168,
        1.4129767243376596,
        1.4103281361538396,
        1.4073316521770187,
        1.4059078947440433,
        1.402038118898462,
        1.3991446646950068,
        1.3959213950731515,
        1.394277529372452,
        1.3913639232859047,
        1.3881494171776867,
        1.3858477894801664,
        1.3832766345647143,
        1.3808313549514808,
        1.3789030844893069,
        1.3768993835624537,
        1.374485735168328,
        1.37235073729646,
        1.3696026051401822,
        1.3675246311133058,
        1.365931961155806
    ],
    "val_accs": [
        0.124,
        0.1346,
        0.1414,
        0.1432,
        0.1497,
        0.1619,
        0.1767,
        0.2035,
        0.2315,
        0.2646,
        0.2893,
        0.3053,
        0.3235,
        0.3358,
        0.3477,
        0.3566,
        0.3653,
        0.372,
        0.379,
        0.3839,
        0.3892,
        0.3918,
        0.3972,
        0.4013,
        0.4041,
        0.407,
        0.4096,
        0.4123,
        0.415,
        0.4179,
        0.416,
        0.4216,
        0.4264,
        0.427,
        0.4278,
        0.4308,
        0.434,
        0.435,
        0.4377,
        0.4392,
        0.4415,
        0.4436,
        0.4426,
        0.4453,
        0.4471,
        0.4501,
        0.4523,
        0.4554,
        0.4552,
        0.4568,
        0.4605,
        0.4621,
        0.4642,
        0.4674,
        0.4671,
        0.4672,
        0.4716,
        0.4734,
        0.4745,
        0.4742,
        0.4756,
        0.4773,
        0.4791,
        0.4807,
        0.4822,
        0.4833,
        0.4842,
        0.4847,
        0.4867,
        0.4873,
        0.4913,
        0.4924,
        0.4937,
        0.4937,
        0.494,
        0.4956,
        0.4987,
        0.4977,
        0.5001,
        0.5015,
        0.5013,
        0.5027,
        0.5053,
        0.5052,
        0.5034,
        0.5079,
        0.5052,
        0.507,
        0.5079,
        0.5084,
        0.5096,
        0.5091,
        0.5103,
        0.5114,
        0.512,
        0.5116,
        0.5121,
        0.5152,
        0.5141,
        0.5141
    ],
    "hyperparameters": {
        "batch_size": 128,
        "learning_rate": 0.0001,
        "momentum": 0.9,
        "weight_decay": 0.0001,
        "optimizer": "adam",
        "early_stopping": true,
        "patience": 10
    },
    "runtime_info": {
        "total_training_time": 227.92638778686523,
        "avg_epoch_time": 2.2792638778686523,
        "timestamp": "2025-04-16 15:53:33"
    }
}