{
    "model_name": "Adam_GELU_standard",
    "features": [
        "GELU",
        "Adam"
    ],
    "epochs": 51,
    "best_epoch": 41,
    "best_val_acc": 0.5562,
    "training_time": 242.28298115730286,
    "train_losses": [
        2.2021790082500536,
        1.7877960162417867,
        1.6440796686003232,
        1.5527462797246596,
        1.4711684676966374,
        1.4090836354079193,
        1.354426454082994,
        1.305809605761505,
        1.2692568854461626,
        1.2324414031723552,
        1.1882994792835437,
        1.1613222799419898,
        1.1342975430951299,
        1.1107050057730232,
        1.0823425631385404,
        1.0626086468548785,
        1.0346563891939293,
        1.0163422843302545,
        0.9938821069228172,
        0.9795102511553053,
        0.962820682005159,
        0.9398990673044334,
        0.921738059155899,
        0.9147448108105961,
        0.8936255094289084,
        0.8884879426882916,
        0.8724528858123246,
        0.8570097078671464,
        0.8428687046786834,
        0.837407379497164,
        0.8213373326743207,
        0.8058053692506018,
        0.800946763864166,
        0.7885876831301106,
        0.7808006809499319,
        0.7687326637139741,
        0.7656018409000643,
        0.7471824784924036,
        0.741936204336107,
        0.7416894250799786,
        0.7244193750330188,
        0.7254947924963149,
        0.7112410234602108,
        0.7039784111296982,
        0.6992189505676721,
        0.6921872907705686,
        0.6839249962646107,
        0.6759430100619799,
        0.6706466691101997,
        0.6688385120969363,
        0.661958751498089
    ],
    "val_losses": [
        1.798799953075108,
        1.6397013794656028,
        1.5564194273854701,
        1.498254459909159,
        1.4534270657970607,
        1.4101204945380297,
        1.3835885442259066,
        1.3599458169020047,
        1.3511168905007753,
        1.3337339591523119,
        1.3244966577737778,
        1.3084379573314953,
        1.3056225816060294,
        1.300424167164694,
        1.2955025099201962,
        1.2905485170658777,
        1.2888522908801558,
        1.282437840257931,
        1.2824235488566154,
        1.2879195845251432,
        1.2870727376364515,
        1.285433339571495,
        1.2900955915332328,
        1.2883017737488263,
        1.2873925520326546,
        1.2899294179291552,
        1.2941677436745003,
        1.2927701476073048,
        1.3004741897554093,
        1.3002634484470137,
        1.2989304226299658,
        1.298630659355829,
        1.3030427860010223,
        1.3087997390295494,
        1.3153296504259901,
        1.316753427347634,
        1.3193024468942334,
        1.319687834057062,
        1.326648854654896,
        1.3234767881859035,
        1.3301234388143248,
        1.3298093187243445,
        1.3330782230584348,
        1.3426897404161073,
        1.3441427373184105,
        1.3525221210554599,
        1.3475690998133125,
        1.3555835745886673,
        1.3611371627996782,
        1.36499753557112,
        1.3582917273172372
    ],
    "val_accs": [
        0.3782,
        0.432,
        0.4644,
        0.4842,
        0.4961,
        0.511,
        0.5179,
        0.5235,
        0.5217,
        0.5289,
        0.5298,
        0.5385,
        0.5414,
        0.5428,
        0.546,
        0.5436,
        0.5446,
        0.5491,
        0.5458,
        0.5466,
        0.5478,
        0.5487,
        0.5482,
        0.5513,
        0.551,
        0.5498,
        0.5501,
        0.5504,
        0.5522,
        0.5526,
        0.5526,
        0.5541,
        0.5507,
        0.5548,
        0.5512,
        0.5501,
        0.5537,
        0.5553,
        0.5535,
        0.5513,
        0.5562,
        0.5522,
        0.5551,
        0.5491,
        0.552,
        0.5479,
        0.5562,
        0.5519,
        0.5545,
        0.5536,
        0.5538
    ],
    "hyperparameters": {
        "batch_size": 128,
        "learning_rate": 0.0005,
        "momentum": 0.9,
        "weight_decay": 0.0001,
        "optimizer": "adam",
        "early_stopping": true,
        "patience": 10
    },
    "runtime_info": {
        "total_training_time": 242.28298115730286,
        "avg_epoch_time": 4.75064668935888,
        "timestamp": "2025-04-13 19:38:03"
    }
}