{
    "model_name": "Adam_GELU_standard",
    "features": [
        "GELU",
        "Adam"
    ],
    "epochs": 93,
    "best_epoch": 83,
    "best_val_acc": 0.5522,
    "training_time": 300.82786202430725,
    "train_losses": [
        2.864460520428036,
        2.347127590485914,
        2.303934570129334,
        2.282388325108856,
        2.2472533555359604,
        2.188219514996809,
        2.1149600520697196,
        2.051017092920635,
        2.0031102650842114,
        1.9633190028286178,
        1.9338637596700856,
        1.9023968774968583,
        1.8740776719734467,
        1.8436057613556909,
        1.8179702816606016,
        1.7933043174941938,
        1.7684560783692944,
        1.7489567154998422,
        1.722792084252665,
        1.7000067121691504,
        1.6833236191314855,
        1.6680463844909934,
        1.6556109767859908,
        1.6395011772591883,
        1.6208245084563253,
        1.6103505907625328,
        1.5984624982003746,
        1.5816796148164673,
        1.574560375572977,
        1.5608196900227564,
        1.5505031684659911,
        1.5409209868064855,
        1.5287912979776797,
        1.51533440938544,
        1.5084952825669802,
        1.5054141128627478,
        1.4919688936436035,
        1.4797545211283307,
        1.4737978093068551,
        1.465235122094751,
        1.4586383437836041,
        1.4523296600394027,
        1.4398804132284388,
        1.434958020569717,
        1.4312076692517233,
        1.4231869695040542,
        1.4146430503848417,
        1.4091170201034062,
        1.4087603706781817,
        1.4048510274591464,
        1.3953917909785072,
        1.3927784357914257,
        1.3839578625623858,
        1.3729344576415647,
        1.3722646720130296,
        1.364559975982984,
        1.363082254972776,
        1.359161141828413,
        1.3529903546940762,
        1.346793036010529,
        1.3445088865444288,
        1.3461330991216638,
        1.3300528060938177,
        1.328499675761984,
        1.3297828004121504,
        1.3260401404775397,
        1.3259723382628714,
        1.3183165686580829,
        1.313521666135778,
        1.3054537098117858,
        1.306986667163587,
        1.3069775132643686,
        1.307253392269379,
        1.303115123547135,
        1.2912988920165935,
        1.2949812689773306,
        1.2841628181082156,
        1.2932540995413708,
        1.2873035882997748,
        1.2886443282689728,
        1.283798019497384,
        1.2780733152562476,
        1.2705227689676621,
        1.2677420602547378,
        1.276457995139648,
        1.2719376532266489,
        1.268102515058478,
        1.266137328327759,
        1.2661267041219026,
        1.263811227137792,
        1.2514280396872373,
        1.2480192304498243,
        1.2567782401975642
    ],
    "val_losses": [
        2.308606065620132,
        2.296996310970799,
        2.276404541966762,
        2.2444886600168803,
        2.160036752355106,
        2.053696902824859,
        1.9644252846058905,
        1.9084489490581553,
        1.8698543308315274,
        1.8346108383269288,
        1.8063371333238454,
        1.7739258900362564,
        1.7575630696369822,
        1.7266600769896545,
        1.6919793892181505,
        1.6620891353704283,
        1.6366157486080222,
        1.620529593103398,
        1.5986466672817827,
        1.5766678281218647,
        1.5676617978501732,
        1.5594502268292147,
        1.5431282265223563,
        1.5316092393377798,
        1.5222864248414376,
        1.511957090636469,
        1.5036563632404165,
        1.4885619662163077,
        1.4802356991856696,
        1.4743527555101652,
        1.4603140391195077,
        1.4557519826836545,
        1.4422238625002137,
        1.4351866710040166,
        1.4310353548643815,
        1.4258136662735785,
        1.415994994679249,
        1.4150774713712515,
        1.4064102447161235,
        1.4007986156699341,
        1.3922821783733623,
        1.3869389665798957,
        1.3839825297387536,
        1.3750609129118423,
        1.3716728770609323,
        1.3673200594084267,
        1.3620798770317772,
        1.356344823296708,
        1.3549170843513836,
        1.3481213939166323,
        1.3477329287392152,
        1.347301442525712,
        1.3365172855458287,
        1.3369457122318555,
        1.3280943747242315,
        1.3281860644651733,
        1.3281973851953301,
        1.3237509076509362,
        1.3223717736670728,
        1.3191983270334462,
        1.316973693782231,
        1.3146465794141877,
        1.310890931143926,
        1.3086425253241998,
        1.3085912185012443,
        1.305215957886097,
        1.3024474588689179,
        1.3005774127745315,
        1.3011335365841314,
        1.298014866739028,
        1.3012245554399708,
        1.2962615763103265,
        1.2941595161249189,
        1.2943827733478726,
        1.29292112141659,
        1.2901458193612467,
        1.2902334147809025,
        1.2866515790203201,
        1.2881415229070596,
        1.2868920792947627,
        1.2866180101046596,
        1.2864086414691496,
        1.2871258046779073,
        1.2836408965196469,
        1.281941027056018,
        1.278334619415017,
        1.2810410490063375,
        1.2816135119613532,
        1.2803283117342523,
        1.2795954673205074,
        1.28045927551469,
        1.2802068353988754,
        1.2801401327193032
    ],
    "val_accs": [
        0.106,
        0.1029,
        0.1136,
        0.1513,
        0.2068,
        0.2338,
        0.2609,
        0.2703,
        0.2872,
        0.2962,
        0.3084,
        0.3274,
        0.34,
        0.3533,
        0.3691,
        0.3842,
        0.3926,
        0.4031,
        0.4076,
        0.4134,
        0.4252,
        0.4285,
        0.4315,
        0.4356,
        0.4399,
        0.4451,
        0.4499,
        0.4572,
        0.4583,
        0.4624,
        0.47,
        0.4712,
        0.4752,
        0.4783,
        0.483,
        0.4828,
        0.4881,
        0.4898,
        0.4902,
        0.5,
        0.4995,
        0.4976,
        0.5035,
        0.507,
        0.5039,
        0.5083,
        0.509,
        0.5137,
        0.513,
        0.515,
        0.519,
        0.5129,
        0.5221,
        0.5204,
        0.5244,
        0.5243,
        0.5251,
        0.5229,
        0.5292,
        0.5301,
        0.5299,
        0.5335,
        0.5319,
        0.5329,
        0.5335,
        0.535,
        0.5354,
        0.538,
        0.5414,
        0.5412,
        0.5363,
        0.541,
        0.5464,
        0.5466,
        0.5451,
        0.5447,
        0.546,
        0.5496,
        0.5456,
        0.5478,
        0.5493,
        0.5498,
        0.5522,
        0.5495,
        0.5481,
        0.5509,
        0.5474,
        0.5512,
        0.5498,
        0.5497,
        0.5484,
        0.5474,
        0.5495
    ],
    "hyperparameters": {
        "batch_size": 128,
        "learning_rate": 0.0005,
        "momentum": 0.9,
        "weight_decay": 0.0001,
        "optimizer": "adam",
        "early_stopping": true,
        "patience": 10
    },
    "runtime_info": {
        "total_training_time": 300.82786202430725,
        "avg_epoch_time": 3.2347081938097553,
        "timestamp": "2025-04-13 17:42:15"
    }
}