{
    "model_name": "Adam_BatchNorm_GELU_standard",
    "features": [
        "GELU",
        "Adam",
        "BatchNorm"
    ],
    "accuracy": 0.1733,
    "precision": 0.17196973471330307,
    "recall": 0.1733,
    "f1_score": 0.1502047934691186,
    "loss": 2.2236581926216035,
    "inference_time": 0.4750688076019287,
    "timestamp": "2025-04-13 13:01:35"
}