{
    "model_name": "Adam_BatchNorm_GELU_standard",
    "features": [
        "GELU",
        "Adam",
        "BatchNorm"
    ],
    "epochs": 11,
    "best_epoch": 1,
    "best_val_acc": 0.1717,
    "training_time": 80.43255805969238,
    "train_losses": [
        2.310236739667981,
        1.9363173991878164,
        1.833600397222811,
        1.7841172481028316,
        1.7561364002057593,
        1.7332824892151433,
        1.717648057584576,
        1.7292513018889493,
        1.8212353151138092,
        1.9555944180209044,
        2.095964541156004
    ],
    "val_losses": [
        2.2219604787071816,
        2.3040460029296774,
        2.309763101999624,
        2.3098489052227364,
        2.30469719065306,
        2.306004780465655,
        2.3070204121207056,
        2.308808965470882,
        2.311020678891924,
        2.313900620769828,
        2.316442250084249
    ],
    "val_accs": [
        0.1717,
        0.0859,
        0.0939,
        0.0913,
        0.106,
        0.1033,
        0.1027,
        0.1032,
        0.1027,
        0.1021,
        0.1022
    ],
    "hyperparameters": {
        "batch_size": 128,
        "learning_rate": 0.0005,
        "momentum": 0.9,
        "weight_decay": 0.0001,
        "optimizer": "adam",
        "early_stopping": true,
        "patience": 10
    },
    "runtime_info": {
        "total_training_time": 80.43255805969238,
        "avg_epoch_time": 7.312050732699308,
        "timestamp": "2025-04-13 13:01:35"
    }
}