{
    "model_name": "Adam_GELU_standard",
    "features": [
        "GELU",
        "Adam"
    ],
    "epochs": 75,
    "best_epoch": 65,
    "best_val_acc": 0.5669,
    "training_time": 181.8743920326233,
    "train_losses": [
        2.7521067118004328,
        2.2570405170636967,
        2.1047428323267767,
        1.9877722807755698,
        1.9026133710914168,
        1.846729529248325,
        1.803567259741746,
        1.761362544059761,
        1.7255980336671604,
        1.6950123634791556,
        1.6687839206960822,
        1.6438438310384818,
        1.618633396355901,
        1.5945888268371053,
        1.578457732243046,
        1.5582242173695584,
        1.5367034783349047,
        1.5263674880291715,
        1.50265175930366,
        1.4919323362480383,
        1.4786980383751334,
        1.4662479109128463,
        1.456885353197755,
        1.43793414381401,
        1.4268833954193951,
        1.4133206782853602,
        1.398939929301669,
        1.3926957614255073,
        1.3826548566269488,
        1.3748437070591324,
        1.363146205307593,
        1.3562328456320791,
        1.3452567293815632,
        1.340974324398286,
        1.3357652444730832,
        1.335520905161847,
        1.320675953916212,
        1.3162256315092735,
        1.3110853263713216,
        1.3007215114306712,
        1.3028233760589516,
        1.2869822743562351,
        1.286422209169159,
        1.2839685084469992,
        1.2744535302380782,
        1.2758506660153746,
        1.2677592014897194,
        1.2665984655098788,
        1.256186267538563,
        1.2558447640408197,
        1.251773036569083,
        1.2482240578029917,
        1.2462894102906106,
        1.2389408784263876,
        1.2341332281874355,
        1.2355799651348334,
        1.2269167486672268,
        1.2289875115128914,
        1.2263551389585792,
        1.2147883369640158,
        1.2150021640847124,
        1.207309131897057,
        1.2150589897667596,
        1.209400506495785,
        1.204367128416453,
        1.207811284073378,
        1.199350507362489,
        1.2031932816884625,
        1.1997326777250303,
        1.202581978642775,
        1.191604809013422,
        1.1939843947926958,
        1.1841360840010136,
        1.1877514746678548,
        1.184653110637024
    ],
    "val_losses": [
        2.2566255596589455,
        2.1388874705900824,
        1.937130625154047,
        1.8457130354333686,
        1.7709140409216917,
        1.7239137714001551,
        1.685731152197962,
        1.6474080610736643,
        1.6199780409083235,
        1.5897017809725311,
        1.562652920385002,
        1.5445385374110194,
        1.5220231029408249,
        1.5045035996881044,
        1.4886011048589431,
        1.469974295594759,
        1.4558082610678378,
        1.4441154521923214,
        1.4267340261891428,
        1.4164439506027697,
        1.406357831212486,
        1.395946712450221,
        1.3867668258176102,
        1.374727238244261,
        1.363351400104875,
        1.3599291188454423,
        1.3505800113160504,
        1.3422825479439735,
        1.3345076416399457,
        1.3292710902515987,
        1.3247536386271133,
        1.3184284352931404,
        1.311666454776896,
        1.3076456147659787,
        1.302950345683804,
        1.2994503886767053,
        1.2937947433276367,
        1.2917432601906924,
        1.2853321018164257,
        1.2820158694140165,
        1.2788613363615924,
        1.2732847319732845,
        1.2713394485539427,
        1.2675566254479136,
        1.2655819851541745,
        1.2642061549074823,
        1.2606141750541269,
        1.2557398314379231,
        1.2545527739226339,
        1.2544636408232872,
        1.252834803358587,
        1.2524746685280785,
        1.2508471862991923,
        1.2495043703862712,
        1.2462088152438695,
        1.245374012656066,
        1.2434227693860922,
        1.2426902499242467,
        1.2423487603160195,
        1.2399147672669941,
        1.2383995182545442,
        1.2382728192808372,
        1.2378953291797687,
        1.2379316755766459,
        1.236102367514661,
        1.236498070066515,
        1.2374384356428385,
        1.236660441412236,
        1.2359360363848422,
        1.2371934333709769,
        1.234680187487165,
        1.2326185081524892,
        1.232218767834114,
        1.2319940062398833,
        1.2312238216597595
    ],
    "val_accs": [
        0.147,
        0.242,
        0.3238,
        0.3529,
        0.3815,
        0.3953,
        0.4144,
        0.4261,
        0.4363,
        0.4461,
        0.4528,
        0.4596,
        0.4676,
        0.4705,
        0.4799,
        0.4856,
        0.4876,
        0.4922,
        0.4964,
        0.4984,
        0.5028,
        0.5088,
        0.5112,
        0.5154,
        0.5172,
        0.5201,
        0.5223,
        0.5237,
        0.5276,
        0.5297,
        0.5312,
        0.5339,
        0.5352,
        0.5381,
        0.5354,
        0.5391,
        0.5413,
        0.5399,
        0.5451,
        0.5451,
        0.5479,
        0.549,
        0.5513,
        0.551,
        0.5478,
        0.552,
        0.5525,
        0.5567,
        0.5557,
        0.5545,
        0.556,
        0.5568,
        0.5596,
        0.5562,
        0.5577,
        0.5583,
        0.5568,
        0.5594,
        0.5612,
        0.5616,
        0.5614,
        0.5626,
        0.5625,
        0.5637,
        0.5669,
        0.5647,
        0.5618,
        0.5621,
        0.5614,
        0.5625,
        0.5634,
        0.5664,
        0.5632,
        0.5638,
        0.5642
    ],
    "hyperparameters": {
        "batch_size": 128,
        "learning_rate": 0.0005,
        "momentum": 0.9,
        "weight_decay": 0.0001,
        "optimizer": "adam",
        "early_stopping": true,
        "patience": 10
    },
    "runtime_info": {
        "total_training_time": 181.8743920326233,
        "avg_epoch_time": 2.4249918937683104,
        "timestamp": "2025-04-12 20:04:06"
    }
}