{
    "model_name": "Adam_GELU_standard",
    "features": [
        "GELU",
        "Adam"
    ],
    "epochs": 98,
    "best_epoch": 88,
    "best_val_acc": 0.5812,
    "training_time": 583.829815864563,
    "train_losses": [
        2.5900921519397886,
        2.075257935166147,
        1.9092941254454194,
        1.8189943056239883,
        1.7504941206137992,
        1.6987099788136675,
        1.6484550841031513,
        1.611199461848446,
        1.575406269289187,
        1.5398124723316053,
        1.512886077034393,
        1.4860395157177788,
        1.4567679271707878,
        1.4379670440893009,
        1.4108730868259836,
        1.3928625032741733,
        1.3731872735544235,
        1.3515766788467705,
        1.333079598372171,
        1.317996994364142,
        1.3005381867793446,
        1.288768483977415,
        1.2757481244769313,
        1.253816714184001,
        1.2453600607162947,
        1.2324667060208527,
        1.2223662122921135,
        1.2045907641556395,
        1.1999647432170415,
        1.1951577955692498,
        1.1806197456690584,
        1.1661761288861054,
        1.1577068720634272,
        1.1422002855735611,
        1.136537206791266,
        1.135286938018092,
        1.1271494665029096,
        1.115539165060076,
        1.11535805232932,
        1.10303788951942,
        1.0958498617740584,
        1.0892020698806983,
        1.0806216541323832,
        1.0738975701001467,
        1.0687756410020588,
        1.0634292697025967,
        1.0552759743371634,
        1.0519858982613788,
        1.0510598996680853,
        1.0413761978314418,
        1.0385172647212386,
        1.0238134559060033,
        1.0286734639341264,
        1.0246149311531927,
        1.0190228264340304,
        1.0142374325604708,
        1.0111527238701523,
        1.0046551573633817,
        1.0060094879448878,
        0.9911249744701265,
        0.9894303849599667,
        0.9865327406161638,
        0.9830073498431026,
        0.9829555315870105,
        0.9699236313047948,
        0.9743543797717998,
        0.97002792491223,
        0.966802295666401,
        0.9676636342879918,
        0.9635757924846506,
        0.9541670105821537,
        0.957077477767332,
        0.9545784899301947,
        0.9451885095116607,
        0.9426996294132313,
        0.941775224761959,
        0.9442816160129531,
        0.9385015524666128,
        0.9418899078530313,
        0.9332643411823562,
        0.9297646083410116,
        0.9267054028930014,
        0.9283092768488604,
        0.9185339516780611,
        0.920823408037628,
        0.9169881415311476,
        0.911772771660098,
        0.915420684221978,
        0.9104754956926908,
        0.9108127997578378,
        0.9059255198014038,
        0.9049627729103518,
        0.8967924793396985,
        0.8991951740642878,
        0.8970020197474258,
        0.8957335869249962,
        0.8909416142069158,
        0.8890990079834571
    ],
    "val_losses": [
        2.1496410132092367,
        1.8763790717952602,
        1.7705755819103033,
        1.6943491268435966,
        1.6395502048028374,
        1.6109429419587333,
        1.564518766751255,
        1.5327723738376566,
        1.5102463456342168,
        1.4860370649446673,
        1.462623564611292,
        1.4361792724262121,
        1.4144581926791724,
        1.4017226621938672,
        1.384441653844942,
        1.3690503547339183,
        1.3522749354394703,
        1.344700123326509,
        1.3352613159507605,
        1.3234851315595881,
        1.314692377518463,
        1.3095069832053892,
        1.3063526156596625,
        1.293795760031574,
        1.2866131650952717,
        1.2776076509483547,
        1.2730003609294391,
        1.2661872792993119,
        1.2637487474957194,
        1.256644409983128,
        1.2555841839196036,
        1.2509538786700831,
        1.242594856385188,
        1.2443227730921576,
        1.2356387034275906,
        1.238277957559988,
        1.2338636016446431,
        1.2279419946756953,
        1.2275723638441733,
        1.2236861732413071,
        1.2243288330371513,
        1.222273373689775,
        1.2240955927282358,
        1.2178620593993548,
        1.2157314221857387,
        1.2178470775525136,
        1.2150713573698855,
        1.219526071320473,
        1.2147896354935364,
        1.2126679366295487,
        1.2112829418481372,
        1.2122219733489457,
        1.211820549464314,
        1.2105748147076059,
        1.212021026764008,
        1.2113522241427417,
        1.2106957371226006,
        1.2066691929753914,
        1.2048586712867864,
        1.2066643954516438,
        1.209272295429415,
        1.20813909975979,
        1.2075002419240024,
        1.2124918509931137,
        1.2105946424027298,
        1.2082703180359835,
        1.2065008027823216,
        1.2050097306414058,
        1.2095859597262437,
        1.2047293217343586,
        1.204105656913628,
        1.2038466841935778,
        1.2037087646066593,
        1.207775099092449,
        1.2108917919119708,
        1.2063571461601958,
        1.2052305462082389,
        1.2051977754553025,
        1.2057372133235382,
        1.209554272012285,
        1.206877924213206,
        1.2088428829309523,
        1.2078880089206336,
        1.2101059203980953,
        1.2105839149769286,
        1.21243199020697,
        1.210495798413413,
        1.2090607524965813,
        1.2108735161295943,
        1.2140238641234724,
        1.212364261880272,
        1.2116026120692882,
        1.213489586262995,
        1.213854113535754,
        1.2144639429511215,
        1.218250083989229,
        1.2158065446897222,
        1.2155124396253545
    ],
    "val_accs": [
        0.2461,
        0.3494,
        0.3803,
        0.4086,
        0.4301,
        0.4394,
        0.4552,
        0.4691,
        0.4724,
        0.4851,
        0.4859,
        0.5008,
        0.504,
        0.5088,
        0.5124,
        0.5179,
        0.5216,
        0.5238,
        0.5245,
        0.5305,
        0.5347,
        0.5393,
        0.5408,
        0.5439,
        0.5459,
        0.5485,
        0.5477,
        0.5536,
        0.552,
        0.5561,
        0.5573,
        0.5573,
        0.5605,
        0.5586,
        0.5643,
        0.5623,
        0.5642,
        0.5672,
        0.5668,
        0.5686,
        0.5687,
        0.5666,
        0.5692,
        0.5704,
        0.5732,
        0.5689,
        0.5729,
        0.5716,
        0.5711,
        0.5745,
        0.5727,
        0.5688,
        0.5746,
        0.5725,
        0.5743,
        0.5749,
        0.5757,
        0.5783,
        0.5776,
        0.5779,
        0.5772,
        0.5783,
        0.5773,
        0.5766,
        0.5787,
        0.5752,
        0.5773,
        0.5778,
        0.5767,
        0.5769,
        0.5775,
        0.5784,
        0.5791,
        0.5777,
        0.5732,
        0.5762,
        0.5785,
        0.5791,
        0.5773,
        0.5785,
        0.578,
        0.5799,
        0.577,
        0.578,
        0.5772,
        0.5761,
        0.5778,
        0.5812,
        0.5742,
        0.5775,
        0.576,
        0.5763,
        0.5733,
        0.5789,
        0.5787,
        0.5767,
        0.5755,
        0.5758
    ],
    "hyperparameters": {
        "batch_size": 128,
        "learning_rate": 0.0005,
        "momentum": 0.9,
        "weight_decay": 0.0001,
        "optimizer": "adam",
        "early_stopping": true,
        "patience": 10
    },
    "runtime_info": {
        "total_training_time": 583.829815864563,
        "avg_epoch_time": 5.957447100658806,
        "timestamp": "2025-04-13 16:34:36"
    }
}