{
    "model_name": "Adam_GELU_standard",
    "features": [
        "GELU",
        "Adam"
    ],
    "accuracy": 0.5758,
    "precision": 0.5794874466253483,
    "recall": 0.5758,
    "f1_score": 0.5753439945236345,
    "loss": 1.2066500283983737,
    "inference_time": 0.3953092098236084,
    "timestamp": "2025-04-13 16:34:36"
}