{
    "model_name": "Adam_GELU_standard",
    "features": [
        "GELU",
        "Adam"
    ],
    "epochs": 53,
    "best_epoch": 43,
    "best_val_acc": 0.5605,
    "training_time": 132.63920307159424,
    "train_losses": [
        2.494033559640005,
        2.055703733654826,
        1.8926532476436677,
        1.8037902706864573,
        1.7383584184040444,
        1.688929962987009,
        1.637540263995905,
        1.5983499975844102,
        1.5627833775176345,
        1.5354668971776426,
        1.5061708026568104,
        1.475920387905917,
        1.4602042599151508,
        1.4389436937523044,
        1.4225632771557684,
        1.402599761235509,
        1.397282438075938,
        1.37914348461136,
        1.3667755384341422,
        1.3594881829464123,
        1.340350927936863,
        1.3362856582149834,
        1.3175713667858124,
        1.3196579434909639,
        1.3028875290020576,
        1.299414948697067,
        1.2927682016245705,
        1.2827918803450074,
        1.2749574803154877,
        1.2724813383875895,
        1.2670143059056609,
        1.2624785223701276,
        1.255036767453573,
        1.246969028071921,
        1.246613754708659,
        1.241879040769577,
        1.2439689249696162,
        1.2389034780900607,
        1.233719693099095,
        1.2259614418563995,
        1.2239467408600977,
        1.2224158530924634,
        1.2137062161378802,
        1.2227442676761717,
        1.2091458243590467,
        1.2084903736347077,
        1.2093381165269397,
        1.2113447972523448,
        1.2107065583448937,
        1.2009864766593426,
        1.2011523184527815,
        1.1915764285271568,
        1.192750199695607
    ],
    "val_losses": [
        2.152901037025774,
        1.8572236578622572,
        1.7408725627291641,
        1.667520080482237,
        1.6150976647422444,
        1.5618859601335797,
        1.5238102753131746,
        1.4886830935960436,
        1.460693428697001,
        1.4336059840346203,
        1.4183372530799223,
        1.3973560242469012,
        1.3849455246787588,
        1.3675262644446327,
        1.3538433064968485,
        1.3483131252934466,
        1.3326768513114755,
        1.322326201847846,
        1.3166040641309231,
        1.309057249844804,
        1.307218109726948,
        1.3013568611339887,
        1.2958253787731688,
        1.291765357532063,
        1.2819155949534462,
        1.2814611544866494,
        1.2800720076048295,
        1.2748000316326005,
        1.2728143923632254,
        1.2702852522875743,
        1.2669217738419072,
        1.2656019971980976,
        1.2660664594783537,
        1.2630933661858,
        1.259154299466019,
        1.260251438542966,
        1.2599081766143012,
        1.2586016555024435,
        1.2564082390157687,
        1.2564774551712496,
        1.2567711969477717,
        1.2539198844001984,
        1.252305565974708,
        1.2545419273442664,
        1.253878296776556,
        1.2496748862642646,
        1.252848449933168,
        1.2537346580765025,
        1.2538948877837586,
        1.2481054020278284,
        1.2480962718134696,
        1.2464729100636285,
        1.2458345703060376
    ],
    "val_accs": [
        0.2391,
        0.3431,
        0.3914,
        0.4178,
        0.4374,
        0.4524,
        0.462,
        0.4764,
        0.4836,
        0.4904,
        0.4986,
        0.5022,
        0.5056,
        0.5159,
        0.5212,
        0.5182,
        0.5272,
        0.529,
        0.5333,
        0.5361,
        0.5368,
        0.5361,
        0.5402,
        0.5409,
        0.5493,
        0.5472,
        0.5476,
        0.5517,
        0.5501,
        0.5513,
        0.5565,
        0.553,
        0.5551,
        0.5534,
        0.5556,
        0.5534,
        0.5519,
        0.5542,
        0.5532,
        0.5553,
        0.5567,
        0.5561,
        0.5605,
        0.5575,
        0.5561,
        0.5603,
        0.558,
        0.5551,
        0.5559,
        0.5548,
        0.5585,
        0.559,
        0.5599
    ],
    "hyperparameters": {
        "batch_size": 128,
        "learning_rate": 0.001,
        "momentum": 0.9,
        "weight_decay": 0.0001,
        "optimizer": "adam",
        "early_stopping": true,
        "patience": 10
    },
    "runtime_info": {
        "total_training_time": 132.63920307159424,
        "avg_epoch_time": 2.502626473048948,
        "timestamp": "2025-04-12 20:31:17"
    }
}