{
    "model_name": "Adam_GELU_standard",
    "features": [
        "GELU",
        "Adam"
    ],
    "accuracy": 0.5449,
    "precision": 0.5461549799262311,
    "recall": 0.5449,
    "f1_score": 0.5435351467787037,
    "loss": 1.273468523078646,
    "inference_time": 0.1568603515625,
    "timestamp": "2025-04-13 10:36:01"
}