{
    "model_name": "Adam_GELU_standard",
    "features": [
        "GELU",
        "Adam"
    ],
    "epochs": 119,
    "best_epoch": 109,
    "best_val_acc": 0.5529,
    "training_time": 329.07066679000854,
    "train_losses": [
        2.878892750219269,
        2.350859092490583,
        2.305815945037574,
        2.2727412044209383,
        2.237693321895939,
        2.1828423082521753,
        2.1211463071984396,
        2.0634899070113706,
        2.0088123334132146,
        1.9682064992401331,
        1.927982555027972,
        1.8987239843387502,
        1.8742054343059893,
        1.8423357550193016,
        1.8152730004228501,
        1.7811297413191682,
        1.763123971877348,
        1.7402822936657223,
        1.7188874758128214,
        1.705168950196768,
        1.6855004410058247,
        1.6609529795721942,
        1.645515145166896,
        1.6286929415496978,
        1.6167089188507289,
        1.6040684259729456,
        1.5870662189063882,
        1.5813234241913816,
        1.564656708397893,
        1.5530716058607674,
        1.5499310087681673,
        1.5384628762513366,
        1.5221334293376365,
        1.5145321843851731,
        1.5009765780289372,
        1.502416908242966,
        1.490000228820509,
        1.482812843998882,
        1.4693100266060837,
        1.466956526385717,
        1.4614732779345565,
        1.4485547857893337,
        1.44796216451662,
        1.4362674970509326,
        1.4320332738127377,
        1.4244748364607611,
        1.423932062427987,
        1.4131317675865855,
        1.407847475648921,
        1.4029421571470957,
        1.3949361172836254,
        1.3998966452534343,
        1.3815604262105352,
        1.3832044933008945,
        1.3692120361844824,
        1.3699325759389145,
        1.368866311910269,
        1.358657401962295,
        1.358885330154096,
        1.3567215771078818,
        1.3534968780341359,
        1.3493097940177294,
        1.3395189002695904,
        1.3470578617613331,
        1.334631311751378,
        1.328083408491106,
        1.3314939342869447,
        1.3204301862794876,
        1.3227430331023586,
        1.3118647759803845,
        1.3190357766027323,
        1.3212196353458294,
        1.310860369032773,
        1.3031879017393302,
        1.2979829308909472,
        1.2974974252135552,
        1.2934496744710724,
        1.2952506995969097,
        1.2969028536587828,
        1.2892519712776929,
        1.2858930364152237,
        1.2835803903804317,
        1.2832980655175334,
        1.2825872038353974,
        1.2722396848729591,
        1.2794497094605375,
        1.2745948642941913,
        1.2655224619472853,
        1.2663448128933261,
        1.2662915505512096,
        1.2705955387309893,
        1.2590342568207122,
        1.2596155833469056,
        1.2603261914526775,
        1.254235844236739,
        1.257929906684698,
        1.2497459724078566,
        1.2523297420036905,
        1.253903295495806,
        1.24386100318079,
        1.2505338739318623,
        1.249881880371574,
        1.243169587879978,
        1.2425932115328433,
        1.2362402745650933,
        1.2340862832537525,
        1.2327694908487938,
        1.2397129757070449,
        1.23387612041216,
        1.2353093674560038,
        1.2369841290205732,
        1.2328856219219853,
        1.226521562589985,
        1.2294832296406377,
        1.225795590930615,
        1.2196025588751496,
        1.2271208598492176,
        1.2223678168987346,
        1.2225599434365273
    ],
    "val_losses": [
        2.305125843460341,
        2.305766677180217,
        2.266799937686712,
        2.217100903560566,
        2.1609686701373128,
        2.054209348219476,
        1.974612900976476,
        1.908279327129311,
        1.8576136643145569,
        1.8255491107246606,
        1.8004922817537754,
        1.7767130877056945,
        1.74937161129929,
        1.7089091851972897,
        1.6840369039804834,
        1.6587035195070847,
        1.635937459464355,
        1.6153909584504385,
        1.5966399324836558,
        1.574839192871532,
        1.5631411266193194,
        1.544505687134447,
        1.5336867895053243,
        1.5192171151486253,
        1.5070862130326899,
        1.4983231305712843,
        1.4902409310877995,
        1.484989611732246,
        1.4706814099215557,
        1.4653093325094764,
        1.4565979289703026,
        1.4467583903224324,
        1.4431790235878588,
        1.4347058868714981,
        1.4268833111101091,
        1.422558289406292,
        1.4163327573920328,
        1.4097298291501257,
        1.4034831853905099,
        1.396916128318767,
        1.3961158328249346,
        1.3868979199331386,
        1.3850680537236961,
        1.3799028973334746,
        1.3740645579264978,
        1.3649876870338076,
        1.3615630789939626,
        1.3618917024537234,
        1.3563891798094967,
        1.3529553365056457,
        1.3519325109989835,
        1.3484795847000322,
        1.345593147039271,
        1.3417978700092614,
        1.337144694373381,
        1.3359687499790536,
        1.3329052992937198,
        1.3304937845926452,
        1.3281021345455226,
        1.3266146153390534,
        1.324770560565698,
        1.3215206290387767,
        1.3187153433023089,
        1.3174196905233075,
        1.3198718485133742,
        1.3140283721463366,
        1.3151400896361356,
        1.3136078139838039,
        1.312671004207628,
        1.3097078858070796,
        1.3074653024043412,
        1.3062672601708103,
        1.3070446149343211,
        1.3067270800651254,
        1.3036167666284617,
        1.3012979669057203,
        1.3010097987892222,
        1.3019659647501027,
        1.300580043907262,
        1.2996999151676483,
        1.2975292062254198,
        1.298051325067509,
        1.2968407808550022,
        1.2936130377749726,
        1.2931156089222462,
        1.2929822306553276,
        1.2923823378192705,
        1.291648343213303,
        1.2915541632347132,
        1.2893086975071737,
        1.2901655485670216,
        1.2894525504697434,
        1.2899525200594149,
        1.2883497098558596,
        1.292150127999549,
        1.289400059350917,
        1.2875680660918034,
        1.2876181780610898,
        1.2862203640048433,
        1.2857328521076241,
        1.2880321113361743,
        1.2889431397248783,
        1.2842776712884163,
        1.2829668014721611,
        1.2843317942153007,
        1.2853368417461088,
        1.2860110161787814,
        1.284445798514905,
        1.283893306334427,
        1.2868320537337308,
        1.282746407344834,
        1.2849425025508112,
        1.285152630621571,
        1.2842958429292393,
        1.282292096155219,
        1.285581783049458,
        1.286165696097243,
        1.2866662917464842,
        1.285979316245921
    ],