{
    "model_name": "Adam_BatchNorm_GELU_minmax",
    "features": [
        "GELU",
        "Adam",
        "BatchNorm"
    ],
    "epochs": 11,
    "best_epoch": 1,
    "best_val_acc": 0.1032,
    "training_time": 80.56742095947266,
    "train_losses": [
        2.3484695590435463,
        2.025842689139493,
        1.9707584712089279,
        1.9639095417197936,
        1.9919805304919873,
        2.0330438348280766,
        2.0725742659388953,
        2.0930866612737207,
        2.1044839453911726,
        2.117563869725366,
        2.1362683301369865
    ],
    "val_losses": [
        2.3069677784065314,
        2.3124110398746627,
        2.303334392530906,
        2.302938263215373,
        2.3033380194466875,
        2.303793451958013,
        2.3042244172698303,
        2.3046997118182304,
        2.3053056678691526,
        2.305763798655376,
        2.306018636885852
    ],
    "val_accs": [
        0.1032,
        0.098,
        0.0732,
        0.1025,
        0.0977,
        0.0977,
        0.0977,
        0.0977,
        0.0977,
        0.0977,
        0.0977
    ],
    "hyperparameters": {
        "batch_size": 128,
        "learning_rate": 0.0005,
        "momentum": 0.9,
        "weight_decay": 0.0001,
        "optimizer": "adam",
        "early_stopping": true,
        "patience": 10
    },
    "runtime_info": {
        "total_training_time": 80.56742095947266,
        "avg_epoch_time": 7.324310996315696,
        "timestamp": "2025-04-13 12:57:18"
    }
}