{
    "model_name": "Adam_GELU_standard",
    "features": [
        "GELU",
        "Adam"
    ],
    "epochs": 83,
    "best_epoch": 73,
    "best_val_acc": 0.5775,
    "training_time": 567.3989918231964,
    "train_losses": [
        2.569939297968941,
        2.07955605390283,
        1.915474329631009,
        1.8142570941505638,
        1.7501425539970303,
        1.6986933629331422,
        1.6552469794830371,
        1.6101542044908657,
        1.577421724209115,
        1.5437695914725096,
        1.5125705791741015,
        1.4866605449287622,
        1.455357127179872,
        1.4349673821685942,
        1.409693813737264,
        1.3921163107280734,
        1.36871988986924,
        1.346800980077304,
        1.3361870475625905,
        1.3190080395491868,
        1.3022777657348452,
        1.2900733885651554,
        1.278840322346825,
        1.2554500314372574,
        1.2511121038561457,
        1.2337902978385031,
        1.2265895819916899,
        1.2156583881607985,
        1.2011346660435527,
        1.193293293180101,
        1.1795519819100808,
        1.1696473326227257,
        1.1666405352036187,
        1.1571232827282854,
        1.149534106817346,
        1.1399172259737127,
        1.1329199781767272,
        1.1264651890855306,
        1.1153320404519806,
        1.1073607130830365,
        1.1008768325737803,
        1.0921096221045459,
        1.083067826667403,
        1.0833089386979138,
        1.0797278298089075,
        1.073207623427097,
        1.0625275276639408,
        1.0628461273960232,
        1.0571048562083731,
        1.0481515637117802,
        1.0424575097275863,
        1.0428705341474476,
        1.030243284519326,
        1.029870530039569,
        1.0270617748908677,
        1.0184757771035509,
        1.0142013107435632,
        1.0119328470864257,
        1.0074219778622415,
        0.9979791755611518,
        0.9982374408450607,
        0.9928680273775611,
        0.9867283603259902,
        0.9845756073893246,
        0.9821160440947742,
        0.9850849561979174,
        0.971622948593051,
        0.9789344718583428,
        0.9711525391766875,
        0.9668481496842241,
        0.9680580781048852,
        0.9555153725136177,
        0.9656872483133475,
        0.9491514513428128,
        0.9604036608583371,
        0.9481231321709285,
        0.9448906458569083,
        0.9448976749064817,
        0.936888630467237,
        0.9356346746791385,
        0.9294982405815807,
        0.9358793783383557,
        0.9300724540614204
    ],
    "val_losses": [
        2.1409109382223686,
        1.8874324683114467,
        1.7826380673320812,
        1.695058172002466,
        1.6430877852953254,
        1.5992979980287503,
        1.5614905831169028,
        1.5342054340423754,
        1.5059763864471694,
        1.4789239503336482,
        1.4596359799041332,
        1.427485721527,
        1.410279467098578,
        1.4014485399170398,
        1.378080409170329,
        1.3650232401066997,
        1.3577094476016072,
        1.3432697447365674,
        1.3287725951242462,
        1.314047453877603,
        1.3103164279104862,
        1.300769262313941,
        1.2936453683648028,
        1.2892678603157488,
        1.278840365432718,
        1.2790652999687313,
        1.2695340213181978,
        1.2630229504102926,
        1.2600534991761811,
        1.2526407364739516,
        1.2500905559132691,
        1.2444296444453762,
        1.2459657869905205,
        1.2445367408446375,
        1.2375945699615016,
        1.2370454457153122,
        1.2347676596030015,
        1.2343617358373082,
        1.230053339897216,
        1.2262229075483515,
        1.2258799431095169,
        1.2217315382770322,
        1.2236673304213024,
        1.220687436321804,
        1.218780779215435,
        1.217381368460374,
        1.2171993963505334,
        1.2144615022040344,
        1.2173122782554011,
        1.2117943066789536,
        1.212117838311254,
        1.2110940243363308,
        1.2086639038935192,
        1.2102650499310563,
        1.2078674281803536,
        1.2105634023964391,
        1.2132436272010487,
        1.2125957516919643,
        1.2122873113928414,
        1.2115528264217228,
        1.2118968677684978,
        1.212566281997256,
        1.2119185072654919,
        1.2063167986813208,
        1.2076912219260567,
        1.2113168912626964,
        1.211849048376167,
        1.2092844412524917,
        1.2107340470034071,
        1.209569568780874,
        1.2094503555907017,
        1.2081694677140622,
        1.2088695354519174,
        1.2131674768057945,
        1.2077093597096213,
        1.2135926343933396,
        1.2100829546802463,
        1.2072437025110136,
        1.212668161767624,
        1.2160369000841897,
        1.2148342866083346,
        1.2189014195045764,
        1.2177880247392343
    ],
    "val_accs": [
        0.2368,
        0.343,
        0.3818,
        0.4113,
        0.4313,
        0.4487,
        0.4552,
        0.4616,
        0.4758,
        0.485,
        0.4938,
        0.4997,
        0.5055,
        0.5072,
        0.5151,
        0.5206,
        0.5181,
        0.5233,
        0.5306,
        0.5336,
        0.5354,
        0.5394,
        0.5422,
        0.5405,
        0.545,
        0.5459,
        0.5483,
        0.5496,
        0.5513,
        0.5533,
        0.5575,
        0.5555,
        0.5595,
        0.5557,
        0.5607,
        0.5607,
        0.562,
        0.5608,
        0.5614,
        0.5655,
        0.5658,
        0.566,
        0.5655,
        0.5658,
        0.5665,
        0.5711,
        0.569,
        0.5692,
        0.5673,
        0.5683,
        0.5697,
        0.5697,
        0.5698,
        0.5685,
        0.5714,
        0.5731,
        0.5703,
        0.5707,
        0.5703,
        0.5699,
        0.5703,
        0.5712,
        0.5728,
        0.5747,
        0.5757,
        0.575,
        0.5726,
        0.576,
        0.5704,
        0.575,
        0.5736,
        0.5757,
        0.5775,
        0.5723,
        0.5772,
        0.5697,
        0.5723,
        0.5746,
        0.5766,
        0.5742,
        0.5744,
        0.5717,
        0.5709
    ],
    "hyperparameters": {
        "batch_size": 128,
        "learning_rate": 0.0005,
        "momentum": 0.9,
        "weight_decay": 0.0001,
        "optimizer": "adam",
        "early_stopping": true,
        "patience": 10
    },
    "runtime_info": {
        "total_training_time": 567.3989918231964,
        "avg_epoch_time": 6.836132431604776,
        "timestamp": "2025-04-13 12:55:55"
    }
}