{
    "model_name": "Adam_BatchNorm_GELU_standard",
    "features": [
        "GELU",
        "Adam",
        "BatchNorm"
    ],
    "epochs": 29,
    "best_epoch": 19,
    "best_val_acc": 0.4765,
    "training_time": 189.17655515670776,
    "train_losses": [
        1.8050212593989365,
        1.4254141090502803,
        1.2555793544826035,
        1.1251277122688332,
        1.012592721736913,
        0.917584460067093,
        0.829555829897439,
        0.7572643926932902,
        0.6895710392670403,
        0.6330141666489978,
        0.5933805570146452,
        0.5795752685548545,
        0.5791014394561499,
        0.5860503549145889,
        0.6022549194790119,
        0.6264206694949667,
        0.6363731949425631,
        0.6391977131920322,
        0.6228140244851246,
        0.6512426657966252,
        0.6648207796069293,
        0.635148121642304,
        0.6276580017013366,
        0.6514833966021539,
        0.6541867012297654,
        0.6371588815352222,
        0.6050354528177493,
        0.6136374126139342,
        0.6108815311986562
    ],
    "val_losses": [
        2.218657593735438,
        2.1194807076860207,
        2.0892631601821297,
        2.0734443279750945,
        2.2676388777542664,
        2.3181122402765295,
        2.2880826901149587,
        2.3013916434380772,
        2.1946046260659586,
        2.2223995843826536,
        1.9508111903215952,
        1.8102059685673744,
        1.7483121537630508,
        1.5997542722377072,
        1.644572310382454,
        1.6592817162092068,
        1.6111155495489233,
        1.5844824430684283,
        1.5459894722973337,
        1.5643358700383347,
        1.585084367049891,
        1.5733627207784577,
        1.5643582065043264,
        1.557509707079481,
        1.586339936231623,
        1.545083850067923,
        1.5566110755424258,
        1.5546886874374828,
        1.552950786393381
    ],
    "val_accs": [
        0.3082,
        0.3304,
        0.351,
        0.3739,
        0.3592,
        0.3637,
        0.3732,
        0.3748,
        0.3921,
        0.3813,
        0.4104,
        0.4211,
        0.4271,
        0.4494,
        0.4466,
        0.4343,
        0.464,
        0.4734,
        0.4765,
        0.4708,
        0.4644,
        0.469,
        0.4718,
        0.4665,
        0.4618,
        0.475,
        0.4687,
        0.4703,
        0.4664
    ],
    "hyperparameters": {
        "batch_size": 128,
        "learning_rate": 0.0005,
        "momentum": 0.9,
        "weight_decay": 0.0,
        "optimizer": "adam",
        "early_stopping": true,
        "patience": 10
    },
    "runtime_info": {
        "total_training_time": 189.17655515670776,
        "avg_epoch_time": 6.523329488162337,
        "timestamp": "2025-04-13 13:08:47"
    }
}