{
    "model_name": "Adam_GELU_standard",
    "features": [
        "GELU",
        "Adam"
    ],
    "accuracy": 0.5709,
    "precision": 0.5743440608947654,
    "recall": 0.5709,
    "f1_score": 0.5690537106587955,
    "loss": 1.207642204767954,
    "inference_time": 0.41246986389160156,
    "timestamp": "2025-04-13 12:55:55"
}