{
    "model_name": "Adam_BatchNorm_GELU_minmax",
    "features": [
        "GELU",
        "Adam",
        "BatchNorm"
    ],
    "accuracy": 0.1011,
    "precision": 0.032753445467357284,
    "recall": 0.1011,
    "f1_score": 0.021032660228812755,
    "loss": 2.3078764125328513,
    "inference_time": 0.38016295433044434,
    "timestamp": "2025-04-13 12:57:18"
}