{
    "model_name": "Adam_BatchNorm_standard",
    "features": [
        "Adam",
        "BatchNorm"
    ],
    "epochs": 11,
    "best_epoch": 1,
    "best_val_acc": 0.1437,
    "training_time": 23.246197938919067,
    "train_losses": [
        2.3730909189468417,
        2.011422112258083,
        1.901172701259233,
        1.8594051600585517,
        1.8202130909765732,
        1.797764940676948,
        1.7926195479674043,
        1.8327198059804104,
        1.9215277416250647,
        2.1228955823988347,
        2.2955963563932564
    ],
    "val_losses": [
        2.2608463619051937,
        2.281568063258766,
        2.30100897871656,
        2.3043010455784048,
        2.3060433480626576,
        2.3083361507230653,
        2.3109242785001345,
        2.315051052606723,
        2.32043571057804,
        2.326806624896454,
        2.32837349693401
    ],
    "val_accs": [
        0.1437,
        0.1155,
        0.1052,
        0.1014,
        0.1014,
        0.1014,
        0.1014,
        0.1014,
        0.1014,
        0.1014,
        0.1014
    ],
    "hyperparameters": {
        "batch_size": 128,
        "learning_rate": 0.0005,
        "momentum": 0.9,
        "weight_decay": 0.0001,
        "optimizer": "adam",
        "early_stopping": true,
        "patience": 10
    },
    "runtime_info": {
        "total_training_time": 23.246197938919067,
        "avg_epoch_time": 2.113290721719915,
        "timestamp": "2025-04-13 12:42:17"
    }
}