{
    "model_name": "Adam_BatchNorm_GELU_standard",
    "features": [
        "GELU",
        "Adam",
        "BatchNorm"
    ],
    "accuracy": 0.4703,
    "precision": 0.47861309883291225,
    "recall": 0.4703,
    "f1_score": 0.4531296960274009,
    "loss": 1.5547618117558994,
    "inference_time": 0.40488481521606445,
    "timestamp": "2025-04-13 13:08:48"
}