{
    "model_name": "BatchNorm_GELU_standard",
    "features": [
        "GELU",
        "BatchNorm"
    ],
    "accuracy": 0.2314,
    "precision": 0.38346249778001795,
    "recall": 0.2314,
    "f1_score": 0.18213820655314622,
    "loss": 2.1365691311306785,
    "inference_time": 0.4106009006500244,
    "timestamp": "2025-04-13 12:46:26"
}