{
    "model_name": "BatchNorm_standard",
    "features": [
        "BatchNorm"
    ],
    "epochs": 150,
    "best_epoch": 140,
    "best_val_acc": 0.4967,
    "training_time": 123.14618802070618,
    "train_losses": [
        2.4129097156518515,
        2.1608670249248676,
        2.017750445248666,
        1.9235130265935605,
        1.86076354613278,
        1.8135553733004646,
        1.7778506888766927,
        1.751754293514855,
        1.7273420074891603,
        1.707975279669363,
        1.6926986016461796,
        1.6772790907498738,
        1.6642007548486741,
        1.6535345335330471,
        1.6423540979395033,
        1.63072656803394,
        1.6229100259756843,
        1.6118895622455418,
        1.6034987171645065,
        1.5943877338951595,
        1.584073985109912,
        1.5780234242742377,
        1.5686444136216757,
        1.560930915889,
        1.5537916218721075,
        1.544905902523923,
        1.5378398668189592,
        1.5302485184760923,
        1.5217870439251717,
        1.5147804335819877,
        1.507549293227277,
        1.5009096543915397,
        1.493532925139885,
        1.4837457780888896,
        1.4792760206948519,
        1.4715584632614533,
        1.4641536495823138,
        1.45765951876269,
        1.4503323915892454,
        1.4434427355804778,
        1.4362447242426526,
        1.4305090708117718,
        1.4218746821133081,
        1.4158517720596895,
        1.4090460330755246,
        1.4044741772351292,
        1.3954076028780098,
        1.390571783509576,
        1.3837366824068247,
        1.3770725435032813,
        1.370112304880895,
        1.3643861447935428,
        1.3574464348250435,
        1.3517809891372923,
        1.3458053317932,
        1.3403204895848613,
        1.333644383069484,
        1.3272535412928008,
        1.320877893396735,
        1.315675349531217,
        1.30845709858066,
        1.3028392563486004,
        1.2985714834350917,
        1.2933199446264572,
        1.2884024020220672,
        1.28055613531637,
        1.2773591781725728,
        1.2710403278831335,
        1.2644303766429685,
        1.2580300220637994,
        1.2527472888748694,
        1.2483658608011723,
        1.2425197161040005,
        1.2381670097791435,
        1.233984913796869,
        1.2282714390542295,
        1.2232338106916005,
        1.2180353201663987,
        1.2132689614656333,
        1.2075038643196974,
        1.2022733020156802,
        1.1984286300015787,
        1.1929554689878767,
        1.1889480207944825,
        1.1828794121372332,
        1.1783140143757331,
        1.1760864406074756,
        1.168529915383204,
        1.1670855618144407,
        1.1614752219281956,
        1.159483309405889,
        1.1539256020716544,
        1.1492302458395975,
        1.1443730612491085,
        1.1417883981740296,
        1.1370596451108108,
        1.132477161093291,
        1.1294096553682258,
        1.124772047478745,
        1.119665517691839,
        1.117066970268156,
        1.112195636902541,
        1.108019105666178,
        1.106029084956505,
        1.1027543161167648,
        1.0970539794835217,
        1.0943264354110536,
        1.0902972272927525,
        1.0861632398476686,
        1.0832324086437017,
        1.078343685972592,
        1.0771101787070212,
        1.070942799259681,
        1.0692364965869186,
        1.0643872238216752,
        1.0607033621795499,
        1.059267151960509,
        1.054290197429981,
        1.0505774218044441,
        1.0471874431975596,
        1.0469551618118618,
        1.039989666748275,
        1.0370155363774587,
        1.0326779293407422,
        1.0325974535398657,
        1.0286670190528244,
        1.0242063915077455,
        1.0209883420704837,
        1.0212582590517099,
        1.0168770156014995,
        1.0112340192106581,
        1.0099130721971576,
        1.0081347345414222,
        1.0023632178573902,
        1.000448170581648,
        0.9970271195649397,
        0.992990375264532,
        0.9897077167851629,
        0.9867968900709788,
        0.9862213077657253,
        0.9831817515815958,
        0.980836612995253,
        0.977829707938772,
        0.9742524378752576,
        0.9719201357878021,
        0.9678807869261405,
        0.9659376083849129,
        0.9632318672017351,
        0.9595250266656044,
        0.9570221503566558
    ],