{
    "model_name": "BatchNorm_GELU_standard",
    "features": [
        "GELU",
        "BatchNorm"
    ],
    "epochs": 41,
    "best_epoch": 31,
    "best_val_acc": 0.2305,
    "training_time": 246.3317630290985,
    "train_losses": [
        2.804194380651189,
        2.561093905817671,
        2.432384162399822,
        2.3346906883716385,
        2.261397660911376,
        2.208327049568231,
        2.164982483235231,
        2.1231130670269134,
        2.091531830600817,
        2.0616980670462213,
        2.0485876136100725,
        2.0257545338587404,
        2.0047961538966566,
        1.990237178945029,
        1.980621323217484,
        1.964887554054628,
        1.9548934513300535,
        1.944100717455188,
        1.9390470994971258,
        1.9298170455469215,
        1.923285795327808,
        1.9132906772627927,
        1.9075397392652509,
        1.8924520599907384,
        1.8928121931528363,
        1.8915166163453236,
        1.8820996067598845,
        1.8810149075271785,
        1.872698974178786,
        1.866935755451056,
        1.8627171287481086,
        1.858607858811604,
        1.8545960854312982,
        1.8491269778127137,
        1.8440262628571253,
        1.840794015341859,
        1.8412532813846427,
        1.8331361978682832,
        1.8313582675216293,
        1.8287597401297142,
        1.8200760259266229
    ],
    "val_losses": [
        2.7113789616896065,
        2.6238167330322253,
        2.5702937129480232,
        2.5115782944758176,
        2.4487571810966964,
        2.3924727854551753,
        2.3517881439716297,
        2.3093766748822158,
        2.2827059129853944,
        2.2528368560854277,
        2.2294403524265904,
        2.2119726278628686,
        2.1974609808990317,
        2.182318942069469,
        2.1712304935699946,
        2.1638167136165998,
        2.15667807874111,
        2.149485402051133,
        2.144331898422845,
        2.1413754359884782,
        2.136515416695747,
        2.133887606142517,
        2.1329570728575797,
        2.131131177563507,
        2.130844330572171,
        2.130391918992791,
        2.130955446020572,
        2.1312845215997287,
        2.1318579673955385,
        2.1318506699909383,
        2.1331626070427943,
        2.13509450879622,
        2.1367976017048242,
        2.1374942392725926,
        2.138882023416979,
        2.1398444293017653,
        2.142338590215285,
        2.1428207283476524,
        2.1444847462339065,
        2.1464735797479033,
        2.1478126045165444
    ],
    "val_accs": [
        0.1248,
        0.1445,
        0.1495,
        0.1526,
        0.1583,
        0.163,
        0.1659,
        0.1706,
        0.1735,
        0.1799,
        0.1863,
        0.1896,
        0.1924,
        0.1979,
        0.1992,
        0.2031,
        0.2109,
        0.2116,
        0.2177,
        0.2168,
        0.221,
        0.2248,
        0.2254,
        0.2294,
        0.2274,
        0.2292,
        0.2287,
        0.2304,
        0.2289,
        0.2295,
        0.2305,
        0.2282,
        0.2302,
        0.2301,
        0.23,
        0.2299,
        0.2279,
        0.2285,
        0.2268,
        0.2255,
        0.2257
    ],
    "hyperparameters": {
        "batch_size": 128,
        "learning_rate": 0.0005,
        "momentum": 0.9,
        "weight_decay": 0.0001,
        "optimizer": "sgd",
        "early_stopping": true,
        "patience": 10
    },
    "runtime_info": {
        "total_training_time": 246.3317630290985,
        "avg_epoch_time": 6.008091781197525,
        "timestamp": "2025-04-13 12:46:25"
    }
}