{
    "model_name": "Adam_GELU_standard",
    "features": [
        "GELU",
        "Adam"
    ],
    "epochs": 47,
    "best_epoch": 37,
    "best_val_acc": 0.3855,
    "training_time": 115.80820894241333,
    "train_losses": [
        2.4278193330028572,
        2.1112295476952707,
        2.029296718768307,
        1.99129215137809,
        1.9584378508101539,
        1.9425024513121494,
        1.9368894620936017,
        1.939665482655581,
        1.9219242621126686,
        1.9175143702255268,
        1.9111469357714705,
        1.903143593759764,
        1.9042312077851986,
        1.894123136506678,
        1.892093223988186,
        1.8971963340654734,
        1.881188646194993,
        1.8891270330497965,
        1.8906101334801242,
        1.886840481006439,
        1.880185108585832,
        1.879177377629587,
        1.8818621725839013,
        1.8689318657648055,
        1.8687634042862487,
        1.8777412625000824,
        1.8720807413204905,
        1.8658645313527185,
        1.8663000748350869,
        1.8684914062720512,
        1.8662566970504915,
        1.8689123552189186,
        1.8668583121367646,
        1.8627039014736029,
        1.8627196687448286,
        1.8644693300110382,
        1.8579670807350575,
        1.8554272254678816,
        1.861262089494477,
        1.8598818055868973,
        1.8491856042767236,
        1.8604321680890543,
        1.8414750933900366,
        1.8551392882744495,
        1.8451570685376026,
        1.8488293830883193,
        1.846468949426555
    ],
    "val_losses": [
        2.116189457270717,
        1.9589179620238817,
        1.8848597421226434,
        1.8447326115228906,
        1.8139337446240278,
        1.7973618276339614,
        1.7914717738466404,
        1.797375829206448,
        1.8092821945969333,
        1.7777690632604055,
        1.7631166760367492,
        1.7619311560380788,
        1.7682148128395911,
        1.759146208620424,
        1.7462858196724909,
        1.76530806479526,
        1.7645392461910043,
        1.7556168557232936,
        1.7488665691241745,
        1.7669001978744505,
        1.751000557268997,
        1.7740041937889437,
        1.7478813568791047,
        1.7522574847786727,
        1.7622829617207811,
        1.7679957236957955,
        1.7352371278697705,
        1.7404368292359271,
        1.7343731258126223,
        1.7373416817630027,
        1.7326577088701411,
        1.7183270461515796,
        1.7240891087697474,
        1.7328331708953373,
        1.7197368942750717,
        1.7372652989575978,
        1.7187669534951118,
        1.718213325238102,
        1.7372923828157876,
        1.7137231075209927,
        1.726094583014349,
        1.7289413880903448,
        1.7319580154083327,
        1.7497847267853954,
        1.706360574479917,
        1.726043114266776,
        1.7324616187436916
    ],
    "val_accs": [
        0.2038,
        0.2734,
        0.2972,
        0.3171,
        0.3363,
        0.3286,
        0.3402,
        0.3393,
        0.3387,
        0.3546,
        0.3546,
        0.3533,
        0.3606,
        0.3554,
        0.3482,
        0.3386,
        0.3365,
        0.337,
        0.3491,
        0.3462,
        0.364,
        0.3469,
        0.355,
        0.3513,
        0.3525,
        0.3344,
        0.3671,
        0.3698,
        0.3669,
        0.3646,
        0.3646,
        0.368,
        0.3654,
        0.369,
        0.3817,
        0.3456,
        0.3855,
        0.3691,
        0.3627,
        0.3684,
        0.3673,
        0.3656,
        0.3723,
        0.359,
        0.3756,
        0.3753,
        0.3713
    ],
    "hyperparameters": {
        "batch_size": 128,
        "learning_rate": 0.005,
        "momentum": 0.9,
        "weight_decay": 0.0001,
        "optimizer": "adam",
        "early_stopping": true,
        "patience": 10
    },
    "runtime_info": {
        "total_training_time": 115.80820894241333,
        "avg_epoch_time": 2.4640044455832624,
        "timestamp": "2025-04-12 21:15:46"
    }
}