{
    "model_name": "Adam_BatchNorm_GELU_standard",
    "features": [
        "GELU",
        "Adam",
        "BatchNorm"
    ],
    "epochs": 11,
    "best_epoch": 1,
    "best_val_acc": 0.1766,
    "training_time": 80.28252291679382,
    "train_losses": [
        2.30315453302816,
        1.9308896655035663,
        1.8355590600031868,
        1.7894613128351913,
        1.7521670368326185,
        1.7299450901688287,
        1.7238637531413379,
        1.7431236221188036,
        1.819769357993002,
        1.9595823886161072,
        2.1223552583510847
    ],
    "val_losses": [
        2.2088367454826856,
        2.2878008341936913,
        2.303346989759353,
        2.3090997104475166,
        2.3057394270951077,
        2.306431544702824,
        2.3069809344255385,
        2.308509564076257,
        2.3107945058491066,
        2.3131681637885957,
        2.3155512342264286
    ],
    "val_accs": [
        0.1766,
        0.1085,
        0.0903,
        0.0876,
        0.0965,
        0.101,
        0.0998,
        0.0987,
        0.1022,
        0.1022,
        0.1022
    ],
    "hyperparameters": {
        "batch_size": 128,
        "learning_rate": 0.0005,
        "momentum": 0.9,
        "weight_decay": 0.0001,
        "optimizer": "adam",
        "early_stopping": true,
        "patience": 10
    },
    "runtime_info": {
        "total_training_time": 80.28252291679382,
        "avg_epoch_time": 7.298411174253984,
        "timestamp": "2025-04-13 12:58:50"
    }
}