{
    "model_name": "Adam_BatchNorm_GELU_standard",
    "features": [
        "GELU",
        "Adam",
        "BatchNorm"
    ],
    "accuracy": 0.1747,
    "precision": 0.19469295107596274,
    "recall": 0.1747,
    "f1_score": 0.15156349949009887,
    "loss": 2.2104819001995883,
    "inference_time": 0.4438142776489258,
    "timestamp": "2025-04-13 12:58:50"
}