{
    "model_name": "Adam_GELU_standard",
    "features": [
        "GELU",
        "Adam"
    ],
    "epochs": 60,
    "best_epoch": 50,
    "best_val_acc": 0.5757,
    "training_time": 270.95362997055054,
    "train_losses": [
        2.5652816528559605,
        2.0703036082394424,
        1.9086693211034225,
        1.8129722175397083,
        1.7493328188568005,
        1.6963027472259193,
        1.6514491077417903,
        1.6068876570443884,
        1.5784495388086097,
        1.5350204200442268,
        1.5073223656056,
        1.4826454638905413,
        1.454297442769775,
        1.4298621876244153,
        1.4054417564848358,
        1.3828499221113442,
        1.367810620153922,
        1.3449048608162446,
        1.3317151780283025,
        1.3166055729722699,
        1.296890872854849,
        1.2776441326349648,
        1.2700249379927973,
        1.254007702256581,
        1.240613626757363,
        1.2227055858697264,
        1.2135316081067478,
        1.210683031435109,
        1.1913887049979008,
        1.1822871296047976,
        1.1723474095645838,
        1.1612825904898305,
        1.1569423839790607,
        1.1498632130912987,
        1.136615153537257,
        1.131146605372135,
        1.1226316388312336,
        1.1183443922829057,
        1.113986090422028,
        1.0985038817054733,
        1.0925945328435056,
        1.090455234596757,
        1.0864981055241616,
        1.0704498192737906,
        1.0688882186246937,
        1.0635177232209418,
        1.0536981194628317,
        1.0464768475347654,
        1.0493149191244062,
        1.041769346784072,
        1.031522807223992,
        1.0296665516910353,
        1.025221707409714,
        1.0214206983561014,
        1.0142428103796197,
        1.01171772042356,
        1.0052289841407493,
        0.9997921049521605,
        0.9973784984253653,
        0.989792465597374
    ],
    "val_losses": [
        2.1273636423780276,
        1.8753105839435367,
        1.7676206025570453,
        1.7047471473196674,
        1.6533871254852583,
        1.6137076610181695,
        1.57846787621634,
        1.5334655359537575,
        1.5059789000674133,
        1.472030084187944,
        1.454778328681325,
        1.434079639945819,
        1.4153362664341742,
        1.4059283163235117,
        1.3777311081016632,
        1.3694350263839221,
        1.3563827069408456,
        1.3371433369377048,
        1.3304039068677547,
        1.3223076356154515,
        1.3141698405984692,
        1.3004189744788748,
        1.2928664515558805,
        1.2863464472085553,
        1.2771322644842658,
        1.266515558471757,
        1.2691623505600893,
        1.2624817272899298,
        1.2524827950771213,
        1.2479868387021344,
        1.2478442969840169,
        1.2450683746864357,
        1.2428837262815868,
        1.236448107323883,
        1.2322208481263406,
        1.231105761718582,
        1.2256306394010543,
        1.2270203094349104,
        1.2267802927670177,
        1.2216483974802614,
        1.2212603328607639,
        1.2168070176954602,
        1.2156902805354022,
        1.2157877076674146,
        1.2145084550346952,
        1.2117484968800503,
        1.2089440228613861,
        1.2080186890639186,
        1.2090632456919237,
        1.2082047409866272,
        1.2092537581700489,
        1.2091564737074232,
        1.2082717055501813,
        1.203159205051619,
        1.204291435667883,
        1.2057181580670968,
        1.2044121412502464,
        1.203070112193147,
        1.2022276729240309,
        1.2042409516655064
    ],
    "val_accs": [
        0.254,
        0.3425,
        0.3847,
        0.4056,
        0.4229,
        0.4373,
        0.4517,
        0.466,
        0.4757,
        0.4839,
        0.4952,
        0.4979,
        0.5033,
        0.5108,
        0.5193,
        0.5197,
        0.5232,
        0.5264,
        0.5328,
        0.5322,
        0.5358,
        0.5399,
        0.5401,
        0.5483,
        0.5495,
        0.5518,
        0.5515,
        0.5537,
        0.5573,
        0.5565,
        0.5577,
        0.5578,
        0.5598,
        0.5598,
        0.5613,
        0.5594,
        0.5638,
        0.5626,
        0.5651,
        0.568,
        0.5639,
        0.5653,
        0.5677,
        0.569,
        0.5694,
        0.5723,
        0.5693,
        0.5752,
        0.5704,
        0.5757,
        0.5721,
        0.5711,
        0.5689,
        0.5748,
        0.5713,
        0.572,
        0.569,
        0.5727,
        0.5727,
        0.5742
    ],
    "hyperparameters": {
        "batch_size": 128,
        "learning_rate": 0.0005,
        "momentum": 0.9,
        "weight_decay": 0.0001,
        "optimizer": "adam",
        "early_stopping": true,
        "patience": 10
    },
    "runtime_info": {
        "total_training_time": 270.95362997055054,
        "avg_epoch_time": 4.515893832842509,
        "timestamp": "2025-04-13 07:15:45"
    }
}