{
    "model_name": "Adam_GELU_standard",
    "features": [
        "GELU",
        "Adam"
    ],
    "epochs": 20,
    "best_epoch": 10,
    "best_val_acc": 0.533,
    "training_time": 118.68898797035217,
    "train_losses": [
        1.9594994584505498,
        1.5657957577991608,
        1.398181143211858,
        1.2711418134560093,
        1.1624729837925893,
        1.073178423090271,
        1.0012173055971725,
        0.932768007766139,
        0.8718621931400897,
        0.8211647046374193,
        0.766253452802499,
        0.7239735032778662,
        0.6762378757185009,
        0.6432033707384864,
        0.6080042388585237,
        0.572159778382833,
        0.5424032819689003,
        0.5171529610261367,
        0.4869477923708851,
        0.4685564568172666
    ],
    "val_losses": [
        1.6677307069215785,
        1.540254420646202,
        1.460224051352,
        1.4100449237926382,
        1.391123422442329,
        1.379975609525849,
        1.3739395521291935,
        1.377421934984608,
        1.3827309160715962,
        1.3926594514601898,
        1.4138436375105827,
        1.4300781313805837,
        1.4499681447328414,
        1.4743096460868341,
        1.4923702581509222,
        1.5214791785100348,
        1.544896168836513,
        1.5624200372427237,
        1.5929755917956703,
        1.6117861249833259
    ],
    "val_accs": [
        0.4111,
        0.4578,
        0.4912,
        0.5038,
        0.5117,
        0.5147,
        0.5264,
        0.5231,
        0.5281,
        0.533,
        0.5299,
        0.5283,
        0.5284,
        0.5322,
        0.5302,
        0.5285,
        0.5319,
        0.5286,
        0.527,
        0.5269
    ],
    "hyperparameters": {
        "batch_size": 128,
        "learning_rate": 0.0005,
        "momentum": 0.9,
        "weight_decay": 0.0001,
        "optimizer": "adam",
        "early_stopping": true,
        "patience": 10
    },
    "runtime_info": {
        "total_training_time": 118.68898797035217,
        "avg_epoch_time": 5.934449398517609,
        "timestamp": "2025-04-13 14:16:20"
    }
}