{
    "model_name": "Adam_GELU_standard",
    "features": [
        "GELU",
        "Adam"
    ],
    "epochs": 114,
    "best_epoch": 104,
    "best_val_acc": 0.5832,
    "training_time": 580.3878133296967,
    "train_losses": [
        2.726396477058242,
        2.179559149440289,
        2.0178923219558924,
        1.9080914279213539,
        1.8407714449514985,
        1.7836074445972394,
        1.738395558086726,
        1.695467897529036,
        1.6672569963448858,
        1.6403206369489851,
        1.6085078872031129,
        1.5784986906274427,
        1.5528395579244545,
        1.5378997369504028,
        1.5110479135679642,
        1.4902840824180683,
        1.4711884880020443,
        1.4522871494188945,
        1.437221946665577,
        1.4186263088019584,
        1.4054064904746915,
        1.38348983593395,
        1.3681952494801648,
        1.3598113812678128,
        1.3449549325637613,
        1.3267028840418937,
        1.3136253808326066,
        1.3088666603200905,
        1.2960288789443117,
        1.2804488454580722,
        1.272399983604452,
        1.2559503064824218,
        1.2564461550717319,
        1.240794786264596,
        1.2343659318880913,
        1.2248881088369261,
        1.2121823594425039,
        1.2055687593060527,
        1.1921023250288374,
        1.1893896947961013,
        1.1778902933766864,
        1.1714260359522313,
        1.1604720116464726,
        1.1550653889772189,
        1.1502560335307357,
        1.1456432584502771,
        1.1381657279440134,
        1.1280267947974223,
        1.1249194038113994,
        1.1169729957235883,
        1.1076420340905164,
        1.1077151646948522,
        1.1000557912876008,
        1.0970932005643803,
        1.0825498042417108,
        1.0833563030125843,
        1.0806476871239932,
        1.075245821885732,
        1.0663630937811994,
        1.0638782577482555,
        1.0605467669850381,
        1.054132782279936,
        1.0457830512866373,
        1.0428657867271491,
        1.040799305884998,
        1.0327531147958962,
        1.0382950020670791,
        1.0249036863476655,
        1.0188249840546044,
        1.0202404311256825,
        1.012274307075462,
        1.008088870370277,
        1.0019101840734006,
        1.007660273426103,
        0.9978547490042382,
        0.9929796700192581,
        0.9963814569242068,
        0.9927106739889614,
        0.9846723561520092,
        0.9789794591570206,
        0.9886626260379393,
        0.9841715519547746,
        0.9785636906736276,
        0.9751885521766613,
        0.9659359710692363,
        0.9657966703161351,
        0.9645931812169449,
        0.948283092681858,
        0.9593133622083547,
        0.9603931688335354,
        0.9505057892421207,
        0.9526164919401097,
        0.9440420042515483,
        0.9445139192166981,
        0.9410756920916734,
        0.9446282662103905,
        0.9386498110557181,
        0.944658375338659,
        0.9320439404242161,
        0.9342753239864029,
        0.9287589182052525,
        0.9248516354920966,
        0.930940808104046,
        0.9260639749796493,
        0.9142082694234486,
        0.9072999179330666,
        0.9110244057792996,
        0.9066585705330258,
        0.9125801308838832,
        0.9051413525808254,
        0.9073231124950438,
        0.9030161104686342,
        0.8992302857274539,
        0.8998833352112979
    ],
    "val_losses": [
        2.2007895575980725,
        2.014585808766783,
        1.8587896689044536,
        1.7770996365621765,
        1.729808747995887,
        1.6848812980299517,
        1.651196713841322,
        1.6155076816897334,
        1.5921440247769725,
        1.5657402422653226,
        1.5435146805330613,
        1.5129852339138807,
        1.4941754718304203,
        1.4801494163119597,
        1.4513937816969957,
        1.4454471037209922,
        1.4302938947759685,
        1.4130711410449015,
        1.3998817552749394,
        1.3905374469645033,
        1.3787761148837978,
        1.3696524434225972,
        1.3571063021572969,
        1.3492519742729787,
        1.3364768959380933,
        1.3283753155882434,
        1.3281133297437848,
        1.318676285210816,
        1.314103359901622,
        1.3093004974564493,
        1.29872118857589,
        1.2915865352431866,
        1.2868239408955144,
        1.2837055413843983,
        1.2768769541229186,
        1.2705089077131015,
        1.26818296978588,
        1.266261595597857,
        1.260771760820539,
        1.2592613643885322,
        1.254171055073019,
        1.2508169208030486,
        1.2489792780173419,
        1.2484686802534977,
        1.2438569453750923,
        1.2391975078724158,
        1.2393184247177942,
        1.232868132031255,
        1.2315993815672657,
        1.2317456539298037,
        1.2286270923819913,
        1.2267600071410634,
        1.2249254305439932,
        1.2243595703641745,
        1.2190144423510425,
        1.220814687920561,
        1.2203715852457107,
        1.2197001936067722,
        1.2181103777593512,
        1.2154628815916855,
        1.2153210052319015,
        1.2135122439094002,
        1.2115452478865667,
        1.2117409642191972,
        1.211688859894307,
        1.2116739467669424,
        1.2106351067663503,
        1.2100549728453829,
        1.208453849795792,
        1.2106859814751525,
        1.2092282722637955,
        1.2088361876358757,
        1.2051890006745205,
        1.2038976860933652,
        1.2072059639686412,
        1.2040993212464626,
        1.2030765654838718,
        1.2064960743847626,
        1.2047852497250977,
        1.2034490787800824,
        1.2049905603272553,
        1.2038468967992904,
        1.2041107735128915,
        1.2031212770865436,
        1.2043391257027074,
        1.204347425858325,
        1.2041363400485614,
        1.2033672987152102,
        1.2025609125011332,
        1.2061577551826108,
        1.2032211123804688,
        1.2039334603978393,
        1.2006356780970382,
        1.203119581126028,
        1.2048615695463762,
        1.2019437516473324,
        1.200215946863313,
        1.1986257678322676,
        1.202791732206471,
        1.2042424886984655,
        1.2046548371996695,
        1.202862164331951,
        1.2040699748744432,
        1.202301282840342,
        1.20539105339685,
        1.2046706977958421,
        1.2078565114778772,
        1.2062446412645762,
        1.2036616830619022,
        1.2046109510367808,
        1.2073306678202425,
        1.2088619900524384,
        1.2103009215082734,
        1.2095998279508309
    ],