{
    "model_name": "Adam_GELU_standard",
    "features": [
        "GELU",
        "Adam"
    ],
    "accuracy": 0.5679,
    "precision": 0.5765540462823238,
    "recall": 0.5679,
    "f1_score": 0.5673065319576677,
    "loss": 1.2047349765662267,
    "inference_time": 0.4060821533203125,
    "timestamp": "2025-04-13 14:12:21"
}