{
    "model_name": "Adam_GELU_standard",
    "features": [
        "GELU",
        "Adam"
    ],
    "accuracy": 0.5463,
    "precision": 0.5436926123516205,
    "recall": 0.5463,
    "f1_score": 0.5426061362526079,
    "loss": 1.25520980600244,
    "inference_time": 0.14321398735046387,
    "timestamp": "2025-04-12 21:26:23"
}