{
    "model_name": "Adam_GELU_standard",
    "features": [
        "GELU",
        "Adam"
    ],
    "epochs": 55,
    "best_epoch": 45,
    "best_val_acc": 0.5572,
    "training_time": 139.0499861240387,
    "train_losses": [
        2.7369441522726414,
        2.246894563969407,
        2.106730677676963,
        1.9924295419694074,
        1.9172778228727436,
        1.8522196990502469,
        1.7998284702263734,
        1.7643749580489376,
        1.7278279400657819,
        1.6954617779231425,
        1.666621272479385,
        1.6445279391630863,
        1.614547041659541,
        1.5895244009041256,
        1.5679652527274464,
        1.5600850625648595,
        1.5345508954176013,
        1.5118137583331568,
        1.4946120394298805,
        1.4828346184440473,
        1.4638283627838387,
        1.4547821139511865,
        1.4397381784776875,
        1.4316040549009275,
        1.4172087681599697,
        1.403261507514766,
        1.3904139073839115,
        1.3810730036991326,
        1.3692781871007786,
        1.3647177618851525,
        1.3530342418397623,
        1.3501044996727798,
        1.343627847782887,
        1.3346708969069334,
        1.3196375226112742,
        1.3200329912267363,
        1.3157579947186646,
        1.308510630876337,
        1.301445129906341,
        1.2921116007312734,
        1.2888643497402663,
        1.2836121387682737,
        1.2788753147509344,
        1.2703580752991073,
        1.265377971505209,
        1.267743242049707,
        1.257882471869432,
        1.2592687959618367,
        1.2513500268909188,
        1.2502817549914917,
        1.244277578565351,
        1.235001165523703,
        1.2331424978117618,
        1.2317666400456335,
        1.2290651908556112
    ],
    "val_losses": [
        2.258785886447829,
        2.1350528163940745,
        1.9670333634818384,
        1.8602706807259914,
        1.7884757599634453,
        1.7356650703428393,
        1.6901126983080343,
        1.6516352769438831,
        1.627113449132862,
        1.5917230081986593,
        1.5690767526769231,
        1.5456901918041537,
        1.5193924746527256,
        1.4993663064720164,
        1.4813238187290274,
        1.4684297520522995,
        1.4516099403117204,
        1.4337238710152718,
        1.4201122255386704,
        1.4051365047631,
        1.3948201550371582,
        1.3829266259017867,
        1.3721760812108954,
        1.3664991386793768,
        1.352683685017132,
        1.3488601889268554,
        1.3405651980663418,
        1.3322872864656872,
        1.3259815383043598,
        1.3184360641890098,
        1.313178994244259,
        1.3057691088593284,
        1.3005786813374047,
        1.2984550744792651,
        1.2912120185912441,
        1.2880548541445365,
        1.2849797288227893,
        1.2843931357219738,
        1.277350975694917,
        1.2736443157293287,
        1.2697134892921735,
        1.264932976184256,
        1.2627412834589147,
        1.257970023140911,
        1.2531554920196601,
        1.2538081966020973,
        1.253858877162893,
        1.2508096527743158,
        1.2504050152804518,
        1.250497764289759,
        1.2463613824677977,
        1.247961299507429,
        1.2450407921010636,
        1.2434196246314104,
        1.243388080441795
    ],
    "val_accs": [
        0.1516,
        0.2315,
        0.2896,
        0.3354,
        0.363,
        0.3907,
        0.4056,
        0.4191,
        0.4252,
        0.4386,
        0.4481,
        0.4551,
        0.462,
        0.4717,
        0.4782,
        0.4804,
        0.4841,
        0.4908,
        0.4955,
        0.5042,
        0.5039,
        0.5098,
        0.5132,
        0.514,
        0.519,
        0.5222,
        0.5201,
        0.5264,
        0.5316,
        0.5309,
        0.535,
        0.5348,
        0.5378,
        0.539,
        0.542,
        0.5421,
        0.5425,
        0.5437,
        0.5454,
        0.546,
        0.5499,
        0.5531,
        0.5517,
        0.5501,
        0.5572,
        0.5546,
        0.5543,
        0.5545,
        0.5558,
        0.553,
        0.5551,
        0.556,
        0.5531,
        0.5557,
        0.5571
    ],
    "hyperparameters": {
        "batch_size": 128,
        "learning_rate": 0.0005,
        "momentum": 0.9,
        "weight_decay": 0.0,
        "optimizer": "adam",
        "early_stopping": true,
        "patience": 10
    },
    "runtime_info": {
        "total_training_time": 139.0499861240387,
        "avg_epoch_time": 2.5281815658916127,
        "timestamp": "2025-04-12 21:26:22"
    }
}