{
    "model_name": "Adam_GELU_standard",
    "features": [
        "GELU",
        "Adam"
    ],
    "epochs": 55,
    "best_epoch": 45,
    "best_val_acc": 0.5747,
    "training_time": 258.77895426750183,
    "train_losses": [
        2.3483477530309678,
        1.8996140067875278,
        1.7689323807670414,
        1.6758908623965085,
        1.609627402820774,
        1.550915877852637,
        1.5041897664912018,
        1.4609320964413672,
        1.4272362166768673,
        1.3920414515565351,
        1.3674410480908217,
        1.337513980815983,
        1.3125929484751957,
        1.2936485064918766,
        1.2660005601028297,
        1.2503289142455374,
        1.239996958540637,
        1.2187836203698854,
        1.2097066350067047,
        1.1876748479996695,
        1.1731186501355748,
        1.1664253812230694,
        1.15079013033711,
        1.1358103067617373,
        1.1328006705804594,
        1.1174637434714796,
        1.1103950088322994,
        1.1076539184879641,
        1.1011150628099657,
        1.0890013540829089,
        1.0816617318305415,
        1.0725313378672925,
        1.0608848246708567,
        1.0602245610918313,
        1.059675109673878,
        1.0413579551270786,
        1.0344021691517105,
        1.0356487474491591,
        1.0267472774966293,
        1.026902600596182,
        1.0127510274817169,
        1.0114176856579238,
        1.0072338968942087,
        1.0070041600608228,
        0.9935621047453207,
        0.9921575787030131,
        0.9850157902619915,
        0.9808909487702999,
        0.985163494572433,
        0.9829194974713872,
        0.9673025227234855,
        0.9749737626496184,
        0.9674876115158262,
        0.9656156344048195,
        0.9661549366876079
    ],
    "val_losses": [
        1.915526707217387,
        1.7316680760728795,
        1.6488509583253381,
        1.5772104812868717,
        1.5229837327378815,
        1.471268567615963,
        1.4262876362444739,
        1.397443398885649,
        1.3740122336804497,
        1.3588587718904175,
        1.3351191977338794,
        1.323215178183061,
        1.3078611964033935,
        1.3012508082923375,
        1.2916586421299925,
        1.2859646836434888,
        1.272091936077744,
        1.2606175148931653,
        1.2649751712517177,
        1.2529669700735224,
        1.2464386472285067,
        1.2407221970328735,
        1.2393514476507932,
        1.229597383360522,
        1.2282448387418596,
        1.2269130990859467,
        1.224165242667434,
        1.2228146768459722,
        1.2175854844976508,
        1.215161934939286,
        1.2220434542873322,
        1.2226741523244133,
        1.2158406760810803,
        1.2197826521775377,
        1.21508726632829,
        1.2189846733420968,
        1.217571567097264,
        1.2178233744067737,
        1.2153595681020901,
        1.2143526298023781,
        1.2122240662266384,
        1.216306023389855,
        1.2146460812682844,
        1.212379650818997,
        1.2146771852521276,
        1.2137500163860653,
        1.2195544943886343,
        1.2142778800500762,
        1.216899223565347,
        1.217971345573992,
        1.2200198262925717,
        1.2171843867940872,
        1.2170588337684531,
        1.2196822999904913,
        1.2227788584342172
    ],
    "val_accs": [
        0.332,
        0.3982,
        0.428,
        0.4461,
        0.4705,
        0.4859,
        0.4991,
        0.5089,
        0.5168,
        0.5217,
        0.5287,
        0.5362,
        0.5411,
        0.5389,
        0.5435,
        0.5453,
        0.549,
        0.5563,
        0.5511,
        0.5545,
        0.5576,
        0.5658,
        0.5615,
        0.5614,
        0.5611,
        0.5621,
        0.5634,
        0.5673,
        0.5642,
        0.5668,
        0.5636,
        0.5641,
        0.5691,
        0.5648,
        0.5673,
        0.5654,
        0.5641,
        0.5669,
        0.5717,
        0.571,
        0.5725,
        0.5711,
        0.5676,
        0.5694,
        0.5747,
        0.5724,
        0.5698,
        0.5719,
        0.5685,
        0.5659,
        0.5687,
        0.567,
        0.5703,
        0.5709,
        0.5712
    ],
    "hyperparameters": {
        "batch_size": 128,
        "learning_rate": 0.001,
        "momentum": 0.9,
        "weight_decay": 0.0001,
        "optimizer": "adam",
        "early_stopping": true,
        "patience": 10
    },
    "runtime_info": {
        "total_training_time": 258.77895426750183,
        "avg_epoch_time": 4.70507189577276,
        "timestamp": "2025-04-12 20:43:41"
    }
}