{
    "model_name": "Adam_GELU_standard",
    "features": [
        "GELU",
        "Adam"
    ],
    "accuracy": 0.5682,
    "precision": 0.5749022185709227,
    "recall": 0.5682,
    "f1_score": 0.5680270944046407,
    "loss": 1.2159866601520524,
    "inference_time": 0.2839641571044922,
    "timestamp": "2025-04-12 20:43:41"
}