{
    "model_name": "Adam_GELU_standard",
    "features": [
        "GELU",
        "Adam"
    ],
    "epochs": 87,
    "best_epoch": 77,
    "best_val_acc": 0.5661,
    "training_time": 195.4436070919037,
    "train_losses": [
        2.7165221969303746,
        2.255066952411162,
        2.1033463320926566,
        1.9792880353189548,
        1.8954081905677707,
        1.8399297382840645,
        1.7930354546696343,
        1.7523417747787176,
        1.7214274941285361,
        1.6843775713129274,
        1.6604833678300979,
        1.6321955114499045,
        1.6055763171436395,
        1.5867070763955617,
        1.5649642847063587,
        1.5424495428959946,
        1.5336830778033488,
        1.5058154130041799,
        1.4946285598793267,
        1.478238099414199,
        1.4618431447670395,
        1.4510906982205793,
        1.4302463404421664,
        1.4260019937805752,
        1.4166257560110807,
        1.3997791816973142,
        1.3903328343836225,
        1.3808128159956732,
        1.376753682960626,
        1.3591619465754219,
        1.3564061355058787,
        1.347061043159722,
        1.338455314457159,
        1.3331382017074414,
        1.3195918939120457,
        1.3156951442326463,
        1.3150883323794191,
        1.302382423094534,
        1.2978927385018018,
        1.2980477073147907,
        1.2941593030527276,
        1.2853615234892417,
        1.2765806824172714,
        1.270930573440618,
        1.2689671958815536,
        1.265344865939183,
        1.2633437558461937,
        1.255761184250563,
        1.2501645244388881,
        1.2448173826256852,
        1.2404752400874268,
        1.2444897457412079,
        1.2416470093670797,
        1.2326644443320023,
        1.2252960690416799,
        1.2301172554837279,
        1.2234294145220916,
        1.221286284749815,
        1.219226302129,
        1.2165232365195786,
        1.2044669597170146,
        1.2087103607097323,
        1.2106614315851427,
        1.2042923698285515,
        1.2026088970524837,
        1.1972510226807562,
        1.1981533210136102,
        1.1950931670450216,
        1.1921224036959328,
        1.1956045445196095,
        1.1885806150949478,
        1.182702327964338,
        1.1847583049545989,
        1.1836482613409858,
        1.1854391699628177,
        1.1801631345557617,
        1.1752836301758502,
        1.1802975042812225,
        1.1779286153663442,
        1.1678507316455085,
        1.1688896270877625,
        1.1714470778669994,
        1.1692623867272267,
        1.16409638410791,
        1.1596703174790282,
        1.167729948415648,
        1.1628402601952579
    ],
    "val_losses": [
        2.2648923464768256,
        2.1434292490964695,
        1.9426044126508932,
        1.8204962268016873,
        1.7637731626077562,
        1.715219145814222,
        1.6702450330789393,
        1.6368886879928464,
        1.6079384885570551,
        1.5810988743458412,
        1.5526116000212853,
        1.5315263678124185,
        1.507594071641396,
        1.4863239804330166,
        1.469740116458563,
        1.4557091658474273,
        1.4386824687830833,
        1.4276693336860136,
        1.4149537145728355,
        1.4044089456749804,
        1.3887486909127102,
        1.3785359641879822,
        1.369123272076537,
        1.3609422257345791,
        1.3561259057237558,
        1.34478884609651,
        1.3353081645776093,
        1.3312776161430788,
        1.3276967200589382,
        1.3183010984929193,
        1.314173492542511,
        1.3099790211819542,
        1.305290117234172,
        1.301645472223165,
        1.2958685766885354,
        1.2929744042524822,
        1.2867056961806445,
        1.2817962467212107,
        1.2800512335965706,
        1.281226209434634,
        1.2760790779131002,
        1.274181319381396,
        1.271237212783525,
        1.267707683183926,
        1.2644129030788016,
        1.264174980481261,
        1.2610528498367986,
        1.2596687004027398,
        1.2580850754735355,
        1.2559794158389028,
        1.25463986896819,
        1.2560281812421494,
        1.2538811661952247,
        1.2521588098317682,
        1.250051419871077,
        1.2477731770560432,
        1.2464407951856544,
        1.2452557810772331,
        1.2448293539465218,
        1.2426177060353294,
        1.2426420123131712,
        1.2426254839130402,
        1.238827081197637,
        1.2392373755711805,
        1.2381831644460946,
        1.2371747134516689,
        1.2392597900675801,
        1.2401314231384208,
        1.2382728007822643,
        1.237366090276992,
        1.2353557492643954,
        1.2344856267209907,
        1.234573149658033,
        1.232980592522708,
        1.2341127714187696,
        1.2313732775371886,
        1.2304544793556096,
        1.2303996633309033,
        1.2309199306979124,
        1.2327437928026794,
        1.2316034025615197,
        1.2299424257540454,
        1.2298503347612157,
        1.230365836192828,
        1.2291597498006621,
        1.2298830238055143,
        1.2298684520393388
    ],
    "val_accs": [
        0.1558,
        0.2512,
        0.3153,
        0.3586,
        0.3807,
        0.3972,
        0.4126,
        0.4268,
        0.4362,
        0.4439,
        0.4544,
        0.4615,
        0.4647,
        0.4758,
        0.4795,
        0.4825,
        0.4913,
        0.4932,
        0.4971,
        0.501,
        0.5038,
        0.5067,
        0.51,
        0.5174,
        0.5128,
        0.5192,
        0.5196,
        0.5253,
        0.5219,
        0.5252,
        0.5291,
        0.5323,
        0.5346,
        0.5363,
        0.5363,
        0.5384,
        0.5442,
        0.5411,
        0.5451,
        0.5472,
        0.5492,
        0.5471,
        0.5475,
        0.548,
        0.5527,
        0.551,
        0.5507,
        0.5539,
        0.5509,
        0.5541,
        0.5537,
        0.5555,
        0.5521,
        0.5535,
        0.5552,
        0.5577,
        0.5589,
        0.5585,
        0.558,
        0.5563,
        0.5591,
        0.5604,
        0.5598,
        0.5592,
        0.5627,
        0.5603,
        0.5583,
        0.5599,
        0.5592,
        0.5605,
        0.5583,
        0.5611,
        0.5628,
        0.5631,
        0.5633,
        0.562,
        0.5661,
        0.5629,
        0.5651,
        0.5618,
        0.5642,
        0.5648,
        0.5605,
        0.5599,
        0.5613,
        0.5608,
        0.5647
    ],
    "hyperparameters": {
        "batch_size": 128,
        "learning_rate": 0.0005,
        "momentum": 0.9,
        "weight_decay": 0.0001,
        "optimizer": "adam",
        "early_stopping": true,
        "patience": 10
    },
    "runtime_info": {
        "total_training_time": 195.4436070919037,
        "avg_epoch_time": 2.2464782424356744,
        "timestamp": "2025-04-13 09:55:52"
    }
}