{
    "model_name": "Adam_GELU_standard",
    "features": [
        "GELU",
        "Adam"
    ],
    "accuracy": 0.5595,
    "precision": 0.5612317244557712,
    "recall": 0.5595,
    "f1_score": 0.556649321170776,
    "loss": 1.2243098741141152,
    "inference_time": 0.1369950771331787,
    "timestamp": "2025-04-13 09:55:52"
}