{
    "model_name": "Adam_GELU_standard",
    "features": [
        "GELU",
        "Adam"
    ],
    "epochs": 83,
    "best_epoch": 73,
    "best_val_acc": 0.5653,
    "training_time": 198.7348232269287,
    "train_losses": [
        2.771276012263364,
        2.266357734190118,
        2.1179436005446157,
        1.9907186868929343,
        1.9104189600426662,
        1.8427415253478925,
        1.796255922615564,
        1.7608104661749944,
        1.7191867314351452,
        1.6901254032627664,
        1.6534246240525785,
        1.6317523536195662,
        1.609611936187843,
        1.5880303568467644,
        1.54979231892292,
        1.5395969870946768,
        1.5226659042768567,
        1.5051695723361473,
        1.484692844113389,
        1.4719153445934117,
        1.4520020039544757,
        1.4484868115861336,
        1.4299123631559787,
        1.4150170181924575,
        1.4092611142788258,
        1.3973243831457327,
        1.381392073359047,
        1.37320957412355,
        1.3692617680267134,
        1.3569485834162391,
        1.3491812410906756,
        1.344174322625368,
        1.3316228048072998,
        1.3280782667002398,
        1.3173661822887948,
        1.3153641457062835,
        1.3077274625437028,
        1.3023575499645534,
        1.292253234282734,
        1.291603283856661,
        1.2860789174281941,
        1.2762480836246946,
        1.2791961618927894,
        1.2710976673150804,
        1.2717895707036275,
        1.2647050163090603,
        1.256221049514235,
        1.2501099333996453,
        1.251892042752433,
        1.2496179896500137,
        1.24232478469718,
        1.24058787204412,
        1.2353285170994404,
        1.2314754584770753,
        1.2321911487179826,
        1.2282889953935923,
        1.2282290712363213,
        1.2187603769789848,
        1.2116067748984836,
        1.2161482916305166,
        1.209779810757105,
        1.2081133088853457,
        1.2076669422678554,
        1.2043481057942311,
        1.2037488692459508,
        1.199112559476069,
        1.1975598057364674,
        1.1957156970817653,
        1.1863541010287944,
        1.1971503284616292,
        1.1849617775314667,
        1.1874897248195742,
        1.1820193850243002,
        1.1866833910861516,
        1.1811781314764587,
        1.1785287476025605,
        1.1753336879123004,
        1.1770100164338575,
        1.1722055014745805,
        1.1735826703136698,
        1.1688101943813336,
        1.1733529277608492,
        1.1691607907128858
    ],
    "val_losses": [
        2.2580058540806762,
        2.1390424270263333,
        1.9605169213626508,
        1.8499246934342817,
        1.7678652707072342,
        1.7144965640421352,
        1.6710795446422078,
        1.645323912710024,
        1.6113581996864583,
        1.5784808659629215,
        1.548904519098128,
        1.5264246524509515,
        1.5060069094203266,
        1.487501223364349,
        1.4653182745612288,
        1.45169953728415,
        1.4364265371488858,
        1.4219132782686803,
        1.4067933638635415,
        1.3960450520677616,
        1.383771197660285,
        1.37491500662326,
        1.3646502118836834,
        1.3536276314540512,
        1.3494348634797253,
        1.3407528311951937,
        1.332469289375819,
        1.3265097440759621,
        1.3220795757036117,
        1.317865242771618,
        1.309507230164828,
        1.306261387749963,
        1.3003492437941302,
        1.29729933250388,
        1.2921314990276282,
        1.287265222388742,
        1.2872153538238633,
        1.28250970623753,
        1.2772961865976769,
        1.2743204728809838,
        1.2732403425401218,
        1.2693443707196561,
        1.268188261402529,
        1.2646137144825098,
        1.2628841172144387,
        1.2628609755493032,
        1.2601887257938822,
        1.2613037220515624,
        1.2584191881456153,
        1.256699595567614,
        1.2572833735147357,
        1.252802130813816,
        1.255138733696673,
        1.2518321894348778,
        1.249737282580466,
        1.2475494051997975,
        1.2478838418954312,
        1.246932903015609,
        1.24441800515626,
        1.2432391382227608,
        1.2419430795505895,
        1.2412218441910319,
        1.2420962568086984,
        1.2412440263065716,
        1.2392088792619285,
        1.2412344625967542,
        1.2421765977430426,
        1.241961007356366,
        1.2393194333083015,
        1.238901394349624,
        1.2362117114137927,
        1.235769092392959,
        1.237157960245543,
        1.2371868640110766,
        1.2380896033897577,
        1.2365665911520558,
        1.237200071614623,
        1.2385162978045434,
        1.2385626670956553,
        1.2401085104433651,
        1.2365842446308164,
        1.2370629640953323,
        1.2355725234290362
    ],
    "val_accs": [
        0.1636,
        0.2317,
        0.2908,
        0.341,
        0.3783,
        0.3949,
        0.4108,
        0.4201,
        0.4323,
        0.445,
        0.452,
        0.4592,
        0.4687,
        0.4733,
        0.4799,
        0.4862,
        0.4894,
        0.496,
        0.4966,
        0.502,
        0.5072,
        0.5139,
        0.5169,
        0.5177,
        0.5215,
        0.5228,
        0.5245,
        0.5269,
        0.5306,
        0.5264,
        0.5343,
        0.5327,
        0.5344,
        0.5366,
        0.5403,
        0.5415,
        0.5388,
        0.5454,
        0.5434,
        0.5483,
        0.5482,
        0.5477,
        0.5488,
        0.5498,
        0.5521,
        0.5505,
        0.5513,
        0.5496,
        0.5537,
        0.5515,
        0.5534,
        0.5551,
        0.5538,
        0.5557,
        0.5583,
        0.5584,
        0.5569,
        0.5595,
        0.5599,
        0.5605,
        0.5608,
        0.5595,
        0.563,
        0.5628,
        0.5628,
        0.563,
        0.5626,
        0.5602,
        0.5606,
        0.5628,
        0.5644,
        0.5651,
        0.5653,
        0.561,
        0.5619,
        0.563,
        0.5646,
        0.562,
        0.563,
        0.5615,
        0.5625,
        0.5608,
        0.5622
    ],
    "hyperparameters": {
        "batch_size": 128,
        "learning_rate": 0.0005,
        "momentum": 0.9,
        "weight_decay": 0.0001,
        "optimizer": "adam",
        "early_stopping": true,
        "patience": 10
    },
    "runtime_info": {
        "total_training_time": 198.7348232269287,
        "avg_epoch_time": 2.394395460565406,
        "timestamp": "2025-04-13 06:45:50"
    }
}