{
    "model_name": "Adam_GELU_standard",
    "features": [
        "GELU",
        "Adam"
    ],
    "epochs": 84,
    "best_epoch": 74,
    "best_val_acc": 0.563,
    "training_time": 198.97680497169495,
    "train_losses": [
        2.757209225478034,
        2.256290421945698,
        2.1101797343277564,
        1.9829688243959562,
        1.8998206041529364,
        1.8380608746069378,
        1.7956817225209745,
        1.7512763338979536,
        1.7118015295262474,
        1.6836805267552153,
        1.6560841896447338,
        1.6316163360771874,
        1.5986974402785294,
        1.5827695676471507,
        1.561762741524218,
        1.5456804208130268,
        1.520422422720718,
        1.5056835605735623,
        1.4919939285125248,
        1.4716426154529558,
        1.4624475463378561,
        1.4398693738651938,
        1.4292663487548758,
        1.4159668368164198,
        1.4135010389587126,
        1.397659920153824,
        1.3839852454742243,
        1.380070354717547,
        1.368427566619113,
        1.3545038154120574,
        1.346223709301741,
        1.3426785195316988,
        1.3335407934727983,
        1.3278350280162436,
        1.319583420262826,
        1.3153195761164014,
        1.3056039833277164,
        1.3066473088158617,
        1.2927154614928023,
        1.2916363134373317,
        1.2867140325010866,
        1.273001669673886,
        1.273582281182214,
        1.2728400096468702,
        1.266605618964633,
        1.261339258951494,
        1.255321964949262,
        1.2522223973502222,
        1.2507747583130548,
        1.2401625220107817,
        1.2436630988830373,
        1.2408154308422723,
        1.2313759246890834,
        1.2273058033679236,
        1.2263330405696542,
        1.223794888790337,
        1.2175039906422787,
        1.2168084690054943,
        1.216303981625275,
        1.211017306850403,
        1.2082972732582653,
        1.208747057629164,
        1.2020571406712266,
        1.1970268227083851,
        1.1957634339886665,
        1.1925167400302978,
        1.1925821385606656,
        1.1957616727702376,
        1.181752108509838,
        1.1852590761075295,
        1.1893942709787886,
        1.1844047481173685,
        1.1754551543946536,
        1.177284209666486,
        1.1751036021648127,
        1.1754271958699192,
        1.1713972364308471,
        1.1751038266904756,
        1.1665745128433034,
        1.169671988203726,
        1.1607939410484498,
        1.163844754339691,
        1.1625679504985222,
        1.1599746588791326
    ],
    "val_losses": [
        2.2516980290641806,
        2.1381655929796843,
        1.941412103686314,
        1.8285727489739445,
        1.756224636373323,
        1.6986822456468682,
        1.66749687336518,
        1.6334980413401983,
        1.5997090692438038,
        1.5788580082169288,
        1.5515322261185263,
        1.5295749156163077,
        1.5073724274917937,
        1.4839839116077527,
        1.4691264747663464,
        1.4509868509863635,
        1.439601716223457,
        1.4244046902260186,
        1.4109161768845762,
        1.3953918724154788,
        1.388836974626989,
        1.3747355639096932,
        1.3671357629548073,
        1.356580345319765,
        1.350886684576889,
        1.3394676068002598,
        1.3327471056684532,
        1.3278217855012415,
        1.3226340152431162,
        1.3172620354505649,
        1.30945047130215,
        1.3071852351815356,
        1.3035271667662516,
        1.2967549680683075,
        1.2893577466861734,
        1.2862056343303112,
        1.2823785483863288,
        1.2796928396454252,
        1.274157719133864,
        1.273104951529132,
        1.2684876539575707,
        1.2674404026905994,
        1.264004553620217,
        1.261332690792731,
        1.2606551258946448,
        1.2579947890734569,
        1.2547690868048376,
        1.2536115935510195,
        1.2544733008959597,
        1.2521049146768317,
        1.2513138640046364,
        1.2481334904900847,
        1.246660842917896,
        1.247276459666706,
        1.2434377836643231,
        1.2424316853434911,
        1.2434177191241684,
        1.2404174329465516,
        1.2400724602077107,
        1.2423564216802636,
        1.2392110982389162,
        1.2394929084254598,
        1.237728031266807,
        1.237447116606298,
        1.2363809113239412,
        1.2338033794611876,
        1.2339757056865535,
        1.234107332557831,
        1.2355975139275694,
        1.2343863954343133,
        1.2352421024255857,
        1.2376467883763944,
        1.23417904036562,
        1.2330993866832303,
        1.2351454778060742,
        1.2334133086463137,
        1.2363270183774064,
        1.2343049361554899,
        1.2320962091730863,
        1.2324899886569114,
        1.233435439668985,
        1.232807738261641,
        1.23432031152383,
        1.235738936524474
    ],
    "val_accs": [
        0.1703,
        0.249,
        0.3135,
        0.3529,
        0.3842,
        0.406,
        0.4177,
        0.4272,
        0.4351,
        0.4475,
        0.4534,
        0.4586,
        0.4706,
        0.4745,
        0.4838,
        0.486,
        0.4933,
        0.4969,
        0.5019,
        0.5091,
        0.5092,
        0.5116,
        0.5167,
        0.5184,
        0.5232,
        0.5253,
        0.5281,
        0.5296,
        0.5351,
        0.5359,
        0.5363,
        0.5398,
        0.539,
        0.5401,
        0.5432,
        0.5438,
        0.5456,
        0.5462,
        0.5487,
        0.5477,
        0.5496,
        0.5516,
        0.5549,
        0.5516,
        0.5544,
        0.5514,
        0.5513,
        0.5543,
        0.5534,
        0.5543,
        0.5517,
        0.5559,
        0.5549,
        0.5527,
        0.5595,
        0.5561,
        0.5552,
        0.5573,
        0.557,
        0.5544,
        0.556,
        0.5557,
        0.5571,
        0.5579,
        0.5619,
        0.5624,
        0.5621,
        0.5589,
        0.5565,
        0.5586,
        0.5611,
        0.5592,
        0.5587,
        0.563,
        0.5575,
        0.5594,
        0.5591,
        0.5568,
        0.5607,
        0.5625,
        0.5609,
        0.5607,
        0.5609,
        0.5599
    ],
    "hyperparameters": {
        "batch_size": 128,
        "learning_rate": 0.0005,
        "momentum": 0.9,
        "weight_decay": 1e-05,
        "optimizer": "adam",
        "early_stopping": true,
        "patience": 10
    },
    "runtime_info": {
        "total_training_time": 198.97680497169495,
        "avg_epoch_time": 2.368771487758273,
        "timestamp": "2025-04-13 00:30:29"
    }
}