{
    "model_name": "lr0.0001_drop0.3_wd0.001_h256_128",
    "features": [
        "GELU",
        "Adam"
    ],
    "accuracy": 0.5349,
    "precision": 0.5344206115465684,
    "recall": 0.5349,
    "f1_score": 0.5320783511615635,
    "loss": 1.2883359548845639,
    "inference_time": 0.16542482376098633,
    "timestamp": "2025-04-16 14:50:24"
}