{
    "model_name": "lr0.0001_drop0.3_wd0.001_h256_128",
    "features": [
        "GELU",
        "Adam"
    ],
    "epochs": 100,
    "best_epoch": 99,
    "best_val_acc": 0.5395,
    "training_time": 304.72576117515564,
    "train_losses": [
        2.857718693712434,
        2.440282440559387,
        2.2785402917573663,
        2.1971435153920402,
        2.1178267339276466,
        2.052195603792977,
        1.983877861079015,
        1.9373253050991415,
        1.8956764227571659,
        1.856847871128801,
        1.8247694983173168,
        1.800753180533035,
        1.7736118499132965,
        1.7508598420232164,
        1.7321314985851823,
        1.7120965645169153,
        1.6998696459186349,
        1.6767072506436618,
        1.6646718672409404,
        1.651171740413613,
        1.6413428436258934,
        1.6214014751733117,
        1.6048969927304093,
        1.5989545035650472,
        1.5847017053715866,
        1.5767603597931419,
        1.5635103030441384,
        1.5542850802771155,
        1.5485797087272248,
        1.537179838264822,
        1.5261656744008425,
        1.5165353912973951,
        1.5074326182714828,
        1.5023603483845989,
        1.4941022137455993,
        1.4814662857764438,
        1.4689943012091091,
        1.4683606717523192,
        1.4569152679314532,
        1.4562888723951228,
        1.4381057437915614,
        1.4421805154999607,
        1.4327358377519441,
        1.424337104749901,
        1.419195349198767,
        1.4115122684897956,
        1.4043154389326944,
        1.400252999770526,
        1.3974331422695256,
        1.3882039277935465,
        1.3778498143378528,
        1.373346823606224,
        1.3726331859051093,
        1.3636604059343336,
        1.3593671189929013,
        1.3510396797267077,
        1.3510197754071671,
        1.343862342055835,
        1.3358639159855494,
        1.3357642295365662,
        1.3251820614672924,
        1.3228116174786226,
        1.3203042290151648,
        1.311603353053751,
        1.312473814865031,
        1.3053580778536071,
        1.3034168011038199,
        1.295830626305237,
        1.295055933006207,
        1.2876374962710322,
        1.2873722805263532,
        1.286029673612221,
        1.2779313064895457,
        1.2747483197193876,
        1.2682382201803994,
        1.2664102454012265,
        1.2643597751247837,
        1.261512215887074,
        1.2497259534790977,
        1.2456474944353493,
        1.2469314660958992,
        1.243777568513855,
        1.238337639435638,
        1.2342387506081203,
        1.2324260377959715,
        1.2284045701150599,
        1.2288479273182658,
        1.2211857529290997,
        1.2236837481861744,
        1.2215928754334535,
        1.2088520448884734,
        1.2108159443683233,
        1.2130349201038795,
        1.2011506225967092,
        1.201223183573931,
        1.2048288511158962,
        1.1988165400822293,
        1.1910042675916903,
        1.1867146941737172,
        1.1878984779873847
    ],
    "val_losses": [
        2.278094910354078,
        2.181009782773536,
        2.1229019923616588,
        2.060250038601165,
        1.9875793532616632,
        1.9155543864544569,
        1.8589500416544416,
        1.8140584979539511,
        1.7780136933886599,
        1.7504157513184895,
        1.7246717128378182,
        1.7029650870278055,
        1.6862176577445094,
        1.669604615716279,
        1.655313004145903,
        1.6433136127630827,
        1.6318694832126799,
        1.6179587093499392,
        1.6079151274427779,
        1.5972494946508622,
        1.5859930883106792,
        1.575884108767349,
        1.5685372318037463,
        1.5601042231814957,
        1.551499764288218,
        1.5435707329013837,
        1.5355477250540512,
        1.5256739631514353,
        1.5196448950478731,
        1.5128061006934836,
        1.5065765268899973,
        1.4980903297722876,
        1.4934820734193341,
        1.4883630146479234,
        1.481347211894655,
        1.4754455698597937,
        1.4680750146352954,
        1.4645582939401096,
        1.4570818568442598,
        1.4520719416902161,
        1.4464982650463063,
        1.4439826370022566,
        1.439322405652067,
        1.4333798645741331,
        1.4290534283636867,
        1.4267305400272512,
        1.421808274217597,
        1.4179938731648447,
        1.4133073283230773,
        1.4087917488339952,
        1.4053821648498925,
        1.4015794229326246,
        1.3977278979832726,
        1.3954827130270036,
        1.3918402240762213,
        1.3884715707659394,
        1.3858567654377927,
        1.3851902301578929,
        1.3810890768034643,
        1.3788236421705737,
        1.3752286156863263,
        1.3712486541632352,
        1.3704799469150393,
        1.3679373608204966,
        1.3661629777607076,
        1.362020740057704,
        1.35878734763793,
        1.3556560483926943,
        1.35524975038057,
        1.352353052319026,
        1.3512387607456782,
        1.3483184626381954,
        1.3483616599369674,
        1.3460040697990978,
        1.3440189181476057,
        1.3411711290836177,
        1.3394342523144789,
        1.3389175892553584,
        1.3357288850056876,
        1.3331910073274191,
        1.333312952754621,
        1.3308054579977682,
        1.3283454427300065,
        1.3286515193202009,
        1.326686210610422,
        1.3239221140491753,
        1.3231716821978696,
        1.3212194152993624,
        1.3223157932583904,
        1.3181017517137117,
        1.3179333121799106,
        1.3158311991870335,
        1.3137477111579268,
        1.3126879232766768,
        1.3126152152732142,
        1.310141071605759,
        1.3097744665860476,
        1.3092333474193825,
        1.3063537813618826,
        1.3060145473898526
    ],
    "val_accs": [
        0.1738,
        0.2142,
        0.2464,
        0.283,
        0.3069,
        0.3329,
        0.3503,
        0.3665,
        0.3787,
        0.3889,
        0.3976,
        0.4046,
        0.4107,
        0.4172,
        0.4194,
        0.4241,
        0.4292,
        0.4335,
        0.4385,
        0.4418,
        0.4446,
        0.4491,
        0.4521,
        0.4518,
        0.4535,
        0.4565,
        0.4595,
        0.4626,
        0.4621,
        0.465,
        0.466,
        0.4702,
        0.4728,
        0.4744,
        0.4772,
        0.4794,
        0.4804,
        0.4803,
        0.4844,
        0.4892,
        0.4901,
        0.492,
        0.4929,
        0.4933,
        0.4946,
        0.4947,
        0.4974,
        0.4967,
        0.5006,
        0.4994,
        0.5023,
        0.5012,
        0.5033,
        0.5032,
        0.5032,
        0.505,
        0.5058,
        0.5064,
        0.5084,
        0.509,
        0.5105,
        0.5138,
        0.5125,
        0.5152,
        0.5148,
        0.5169,
        0.5182,
        0.52,
        0.5201,
        0.5209,
        0.5223,
        0.5232,
        0.5237,
        0.5262,
        0.5249,
        0.5268,
        0.5273,
        0.5281,
        0.5278,
        0.5271,
        0.5285,
        0.5297,
        0.5302,
        0.5302,
        0.5301,
        0.5303,
        0.5313,
        0.5324,
        0.5321,
        0.5328,
        0.5331,
        0.5348,
        0.5354,
        0.5378,
        0.5376,
        0.5387,
        0.5376,
        0.5361,
        0.5395,
        0.5394
    ],
    "hyperparameters": {
        "batch_size": 128,
        "learning_rate": 0.0001,
        "momentum": 0.9,
        "weight_decay": 0.001,
        "optimizer": "adam",
        "early_stopping": true,
        "patience": 10
    },
    "runtime_info": {
        "total_training_time": 304.72576117515564,
        "avg_epoch_time": 3.047257611751556,
        "timestamp": "2025-04-16 14:50:24"
    }
}