{
    "model_name": "Adam_GELU_standard",
    "features": [
        "GELU",
        "Adam"
    ],
    "epochs": 100,
    "best_epoch": 97,
    "best_val_acc": 0.5273,
    "training_time": 245.63276505470276,
    "train_losses": [
        3.7684478634368697,
        2.4669410054863614,
        2.3460871088059645,
        2.307573041756798,
        2.2763867233317567,
        2.237283608530719,
        2.1822240679399623,
        2.1192935560728805,
        2.0720349736513186,
        2.028453436689901,
        1.9926253915324945,
        1.9638357206650756,
        1.9305840281492848,
        1.914640842575592,
        1.8826345991624336,
        1.8591030445901535,
        1.835137447504985,
        1.8190658856221074,
        1.8021917194811543,
        1.7826810014457335,
        1.7665218171573824,
        1.7488276562076528,
        1.7407113548353885,
        1.7241100937065255,
        1.7120779957866945,
        1.7040238859619363,
        1.6842493682938673,
        1.6764510585259147,
        1.670500001466723,
        1.6613475637947193,
        1.6476285903413292,
        1.641203668816469,
        1.6328764298724916,
        1.6259882590853918,
        1.618343898544987,
        1.6097201260318128,
        1.6033991664964418,
        1.5941633879359605,
        1.5872627038355407,
        1.580726414422085,
        1.5776995077537708,
        1.574843234089256,
        1.5598465675725273,
        1.5605980773500745,
        1.5573350196511986,
        1.5490326108615393,
        1.5458927445552542,
        1.5380823713644547,
        1.5347104680432406,
        1.53070507453284,
        1.5235412824233914,
        1.5242820555832597,
        1.5186511933678672,
        1.514561651276678,
        1.5091516740539805,
        1.5062030523005496,
        1.5029859252854283,
        1.5071762750130857,
        1.5021656986268614,
        1.4953078000258122,
        1.4938266732090264,
        1.4876821898806656,
        1.4864430863567442,
        1.4880852611841595,
        1.4832681018252538,
        1.4748565357710341,
        1.47193728949018,
        1.477635233028194,
        1.4806787018044416,
        1.4756155750166193,
        1.4704295938118668,
        1.4676027361259842,
        1.4668246087637988,
        1.4638609080363962,
        1.465757367210917,
        1.4620148351889581,
        1.456830024462096,
        1.4626010299877317,
        1.4614184052260943,
        1.4563698990183602,
        1.4524852773274537,
        1.4509514120542528,
        1.4544014742588514,
        1.4469516307047123,
        1.4442196049966696,
        1.4488708626032147,
        1.4387838102581378,
        1.4482622009032498,
        1.4451379291924014,
        1.4441940774405275,
        1.4443119070574275,
        1.4435043624060948,
        1.4352489562878648,
        1.4466076455656747,
        1.43971383346512,
        1.4352032363802747,
        1.4310406851205324,
        1.4342624379756974,
        1.437345661769278,
        1.4323340256403454
    ],
    "val_losses": [
        2.301806008425037,
        2.3068938018070813,
        2.3029754238110223,
        2.292111555637938,
        2.2630123029398983,
        2.200511212037144,
        2.0985885547114,
        2.0244706497537606,
        1.957433676189946,
        1.9086439038514753,
        1.8765309442525184,
        1.8367952761700588,
        1.8047345039438363,
        1.7829036509349487,
        1.749137955591626,
        1.7244291100499198,
        1.7027791527736087,
        1.6813114566293437,
        1.6619111922747902,
        1.6443534921461485,
        1.6217589079430559,
        1.606114099325983,
        1.5969173505211618,
        1.5793049041148195,
        1.5711321740639155,
        1.5593781461066525,
        1.5465824956909107,
        1.5349450146730974,
        1.5281792409808286,
        1.5152045339958677,
        1.5093532324981744,
        1.5019417044297116,
        1.4948547037826758,
        1.4839442318189728,
        1.4814747789572016,
        1.4712435576845502,
        1.4676690874245268,
        1.459611424250808,
        1.4554875465740778,
        1.4493784919393746,
        1.4469862143881587,
        1.4419508702003587,
        1.4341326795343274,
        1.4306326376106326,
        1.4272103250343546,
        1.4230858659365446,
        1.41861863684782,
        1.4111642255642942,
        1.4094835891790982,
        1.4055522665681768,
        1.4007451681433718,
        1.399553688387395,
        1.3974376884067137,
        1.3932644665903202,
        1.389315808957459,
        1.3858324806930071,
        1.386319440665456,
        1.3831109566293447,
        1.3794927107703159,
        1.3766703178180772,
        1.375383558375811,
        1.3710067993306017,
        1.367335583325164,
        1.3678213651666011,
        1.3652258293284503,
        1.361704505766556,
        1.3596740808665415,
        1.3618693094554986,
        1.3611080866351295,
        1.3599029428237708,
        1.3577481528723911,
        1.3576106093465246,
        1.354533477461962,
        1.3536472878715966,
        1.3542941172263916,
        1.3477220467198858,
        1.3484867128818838,
        1.3473165975575112,
        1.3454820113511912,
        1.345323195684235,
        1.3449955902514212,
        1.3425129542178424,
        1.3452330341550722,
        1.3414802241633872,
        1.339194408904,
        1.339654142166523,
        1.3361759802478201,
        1.3360880650435105,
        1.3351512546133515,
        1.334848333420831,
        1.3362189837248017,
        1.3342592502934663,
        1.3339982277509637,
        1.3327669424735966,
        1.330970870297982,
        1.3294410725534613,
        1.3296177498189274,
        1.3283451652072753,
        1.3324908813406782,
        1.3307822257044268
    ],
    "val_accs": [
        0.0992,
        0.074,
        0.0796,
        0.1058,
        0.1486,
        0.2021,
        0.2417,
        0.2616,
        0.286,
        0.3045,
        0.3306,
        0.3423,
        0.3553,
        0.3753,
        0.3836,
        0.3931,
        0.3972,
        0.4037,
        0.4128,
        0.4181,
        0.4228,
        0.4309,
        0.4326,
        0.4368,
        0.4396,
        0.4477,
        0.4501,
        0.4503,
        0.4536,
        0.4588,
        0.4571,
        0.4618,
        0.4637,
        0.4664,
        0.4696,
        0.4704,
        0.4749,
        0.4759,
        0.4793,
        0.4826,
        0.483,
        0.4869,
        0.4883,
        0.4895,
        0.4926,
        0.4903,
        0.492,
        0.4956,
        0.494,
        0.4982,
        0.4969,
        0.4975,
        0.4992,
        0.5009,
        0.5019,
        0.5039,
        0.5052,
        0.5017,
        0.5041,
        0.5066,
        0.5075,
        0.5104,
        0.5115,
        0.5127,
        0.5154,
        0.5167,
        0.5157,
        0.5164,
        0.5146,
        0.5161,
        0.5144,
        0.5187,
        0.5182,
        0.5166,
        0.5189,
        0.522,
        0.5219,
        0.5206,
        0.5215,
        0.5198,
        0.5226,
        0.5228,
        0.5208,
        0.5245,
        0.5229,
        0.5245,
        0.5231,
        0.5241,
        0.5231,
        0.5219,
        0.5236,
        0.5245,
        0.5247,
        0.5257,
        0.526,
        0.5234,
        0.5273,
        0.5261,
        0.5229,
        0.5242
    ],
    "hyperparameters": {
        "batch_size": 128,
        "learning_rate": 0.0005,
        "momentum": 0.9,
        "weight_decay": 0.0001,
        "optimizer": "adam",
        "early_stopping": true,
        "patience": 10
    },
    "runtime_info": {
        "total_training_time": 245.63276505470276,
        "avg_epoch_time": 2.4563276505470277,
        "timestamp": "2025-04-12 21:45:29"
    }
}