{
    "model_name": "Adam_GELU_standard",
    "features": [
        "GELU",
        "Adam"
    ],
    "epochs": 87,
    "best_epoch": 77,
    "best_val_acc": 0.568,
    "training_time": 276.64276599884033,
    "train_losses": [
        2.7527466571370005,
        2.271877133192129,
        2.1339664915968495,
        2.0154063525769472,
        1.9332830454519103,
        1.8686161270939072,
        1.81757693951786,
        1.7775455585786903,
        1.7420795551712747,
        1.7037295875850131,
        1.680799452903845,
        1.6468925757334785,
        1.6189772568980412,
        1.5961020750833106,
        1.5756573107831928,
        1.5564227965738453,
        1.5385262652323584,
        1.5160480498533175,
        1.5000112921368223,
        1.4920741373103128,
        1.4745485061749142,
        1.4567697958399637,
        1.4372740786855802,
        1.4312801951906482,
        1.4232814787792218,
        1.4117155080914916,
        1.3916554954581237,
        1.392594384307703,
        1.3752805497500333,
        1.368420467496439,
        1.3558015337678495,
        1.3500524179013218,
        1.343811502784315,
        1.3334235409068034,
        1.3266519254175626,
        1.324051878328641,
        1.3165239848733483,
        1.3043329885467259,
        1.3068116002079586,
        1.298296342314514,
        1.292456916609598,
        1.2827410197490647,
        1.279951450824443,
        1.2746788927715025,
        1.2710997605037737,
        1.2637397476812198,
        1.2602435417429536,
        1.253369918938938,
        1.2499490382723057,
        1.249621999680618,
        1.2414560954305378,
        1.2402157486317904,
        1.2391509977153192,
        1.2319585541057716,
        1.2311712367496106,
        1.2254378118638836,
        1.2209845521495348,
        1.2202833192949556,
        1.21245469564713,
        1.2199032599010076,
        1.2169212822476712,
        1.2084103045906789,
        1.2056160873212904,
        1.2018216053778896,
        1.2016962973358083,
        1.1992688573162558,
        1.1995999883902215,
        1.1991324938421357,
        1.1968912021637594,
        1.1885417605065218,
        1.1805336955230727,
        1.187491792305966,
        1.179998469081804,
        1.1874613936057359,
        1.1754618747410734,
        1.177231266463059,
        1.1710497745949184,
        1.173449848358839,
        1.1739217114253664,
        1.1708374331872307,
        1.168404547805439,
        1.1650794790524373,
        1.1699345032517157,
        1.1595509192773341,
        1.1661802194732929,
        1.1669812399611295,
        1.149838175435082
    ],
    "val_losses": [
        2.2674075400172025,
        2.1698703931313834,
        1.983771396254703,
        1.869160695915504,
        1.8055952910521447,
        1.7480952828224074,
        1.7053762187989294,
        1.661455903809402,
        1.6326240437568826,
        1.6024742702832466,
        1.5816279760751215,
        1.5503936260923603,
        1.525629451778369,
        1.5102221636396356,
        1.4895295476713863,
        1.4750390907307094,
        1.455891267562121,
        1.4369137756943824,
        1.4255747860368002,
        1.4147925515504558,
        1.4015999870922877,
        1.3918165041329904,
        1.3790529395350215,
        1.3691926283492972,
        1.3579478214189775,
        1.3521734135274246,
        1.3434209241597619,
        1.3346450808423491,
        1.3251998035637997,
        1.3213380427658303,
        1.3145752791308891,
        1.3092509844153126,
        1.303704952648974,
        1.2988609076587432,
        1.2931470106069316,
        1.289625019345463,
        1.288485164018371,
        1.2837376297562202,
        1.280020849071386,
        1.278349445915377,
        1.2737039925134368,
        1.2745447267014054,
        1.270324566356548,
        1.265626085745105,
        1.2643476974957262,
        1.2619415797904405,
        1.2615548607821432,
        1.2567231985996998,
        1.2570933688201416,
        1.254935372586133,
        1.2528084618620592,
        1.2516166552693877,
        1.248089170383698,
        1.2460164655027224,
        1.245291116939675,
        1.2459809143507428,
        1.2455206414549547,
        1.2453256189739308,
        1.2413429344945377,
        1.2418955863313716,
        1.2424205377631705,
        1.2422784995633447,
        1.2423538250221282,
        1.2404441280937577,
        1.2396950102612863,
        1.238798956427876,
        1.2373307460685343,
        1.2367750234543764,
        1.2361646094899523,
        1.2360725599684823,
        1.2332726196391983,
        1.234351513833594,
        1.2332058060170787,
        1.2350284256479862,
        1.2323399179611596,
        1.235084631273081,
        1.2306282062414742,
        1.2316654805472158,
        1.2347652444934683,
        1.232113049340283,
        1.2332440019413209,
        1.2342520289523486,
        1.2337958984432635,
        1.2324021992937706,
        1.2323486573212727,
        1.2334771147852195,
        1.2327081106267448
    ],
    "val_accs": [
        0.1534,
        0.2312,
        0.3012,
        0.3413,
        0.3646,
        0.3865,
        0.4049,
        0.42,
        0.4278,
        0.4385,
        0.4449,
        0.4497,
        0.4589,
        0.4667,
        0.4726,
        0.4761,
        0.4817,
        0.4919,
        0.4943,
        0.5012,
        0.5062,
        0.5061,
        0.5099,
        0.5142,
        0.5156,
        0.5188,
        0.5199,
        0.5238,
        0.5265,
        0.5265,
        0.5301,
        0.5313,
        0.5344,
        0.5352,
        0.5383,
        0.5385,
        0.542,
        0.5411,
        0.5453,
        0.5452,
        0.5478,
        0.5482,
        0.5479,
        0.5512,
        0.5507,
        0.5511,
        0.5509,
        0.5544,
        0.5523,
        0.5544,
        0.554,
        0.5564,
        0.5584,
        0.5592,
        0.5608,
        0.558,
        0.5574,
        0.56,
        0.5581,
        0.5615,
        0.5597,
        0.5594,
        0.5593,
        0.5566,
        0.5597,
        0.5626,
        0.5622,
        0.5642,
        0.5615,
        0.5645,
        0.5661,
        0.5635,
        0.5643,
        0.5655,
        0.5653,
        0.5639,
        0.568,
        0.5659,
        0.5627,
        0.5622,
        0.5671,
        0.5654,
        0.5637,
        0.5651,
        0.566,
        0.5665,
        0.5664
    ],
    "hyperparameters": {
        "batch_size": 128,
        "learning_rate": 0.0005,
        "momentum": 0.9,
        "weight_decay": 0.001,
        "optimizer": "adam",
        "early_stopping": true,
        "patience": 10
    },
    "runtime_info": {
        "total_training_time": 276.64276599884033,
        "avg_epoch_time": 3.1798019080326476,
        "timestamp": "2025-04-13 14:25:06"
    }
}