{
    "model_name": "Adam_GELU_standard",
    "features": [
        "GELU",
        "Adam"
    ],
    "accuracy": 0.5614,
    "precision": 0.5607797185962385,
    "recall": 0.5614,
    "f1_score": 0.559244580611202,
    "loss": 1.2191386176498022,
    "inference_time": 0.1396012306213379,
    "timestamp": "2025-04-13 15:52:50"
}