{
    "model_name": "Adam_GELU_standard",
    "features": [
        "GELU",
        "Adam"
    ],
    "epochs": 91,
    "best_epoch": 81,
    "best_val_acc": 0.5654,
    "training_time": 208.59865593910217,
    "train_losses": [
        2.766444870190226,
        2.268758176977564,
        2.1321248829100905,
        2.005504708302534,
        1.9102020315760269,
        1.848229860692405,
        1.7952608692378593,
        1.751846618471206,
        1.7145323946006297,
        1.6871774737705496,
        1.6594105627031672,
        1.6297462865883812,
        1.6118367788454453,
        1.585808511398857,
        1.5725632903256257,
        1.5412172115053986,
        1.5357011122724529,
        1.5105643223756013,
        1.4975731144322537,
        1.4840928211867974,
        1.4679267574971975,
        1.4523796817702013,
        1.4402365228730514,
        1.427507284566377,
        1.414677794567513,
        1.4052804310029852,
        1.3909773131984633,
        1.3865530734235125,
        1.3777235309863767,
        1.3653395750304567,
        1.3561176110695123,
        1.3473461837411151,
        1.3374599498856758,
        1.335882490309132,
        1.3298830362752663,
        1.3174526463388,
        1.3099723601671491,
        1.3049369683629477,
        1.3051520060682027,
        1.2944760258317407,
        1.2863259820490098,
        1.2764736732959074,
        1.2838802765316422,
        1.2737479647482801,
        1.2683101532076824,
        1.266044034137326,
        1.2578730874950852,
        1.25235332184302,
        1.2497810582388038,
        1.244857621155384,
        1.2399762514949582,
        1.243792376145391,
        1.23867099775629,
        1.2328696659624268,
        1.2268927407607355,
        1.2225593331583708,
        1.2271059498617818,
        1.216744379284599,
        1.2159845864402263,
        1.2213508547275802,
        1.2088491682206233,
        1.2134644813035582,
        1.2049209348010061,
        1.202727631857173,
        1.193938212540909,
        1.192917527851046,
        1.1942163987500913,
        1.1933572573600593,
        1.1918440492912799,
        1.182271143488979,
        1.1861662595442763,
        1.1871763668691357,
        1.1771676513389937,
        1.1774501715822934,
        1.1814337411570601,
        1.1758907485649754,
        1.1828628456965404,
        1.1707561584792197,
        1.1732274892305317,
        1.1616354538320504,
        1.1644880213264095,
        1.1622042251792195,
        1.1694182389451704,
        1.1651409171516283,
        1.1613643247337648,
        1.1604837041884406,
        1.1531914490056023,
        1.1591141450934161,
        1.1498375971701527,
        1.1545484845756138,
        1.158576822269279
    ],
    "val_losses": [
        2.262195345426042,
        2.186572141512982,
        1.9817294798061469,
        1.8658660570976553,
        1.7764792959903564,
        1.7199043713152928,
        1.6794300010369971,
        1.642067141155562,
        1.6083629348235746,
        1.576814665923395,
        1.5479516841843306,
        1.5280448635390511,
        1.5113184150393704,
        1.4879580952094675,
        1.4730039759073004,
        1.4531449971783859,
        1.4429384820496718,
        1.4268217604643867,
        1.4117578053775306,
        1.4023721866798426,
        1.3896242027226395,
        1.383171270622311,
        1.3708846005259137,
        1.3603591751141022,
        1.3540424151730917,
        1.3470839445138614,
        1.333372762783279,
        1.3311613243903573,
        1.3241373992164782,
        1.3178014131804874,
        1.3134624464743017,
        1.3069738468097332,
        1.302267800723571,
        1.2971066072266857,
        1.2945474536792256,
        1.2898832693192175,
        1.285805735359954,
        1.28405603810321,
        1.2788172014794412,
        1.2748552391141148,
        1.271872428985493,
        1.267952107793502,
        1.2670163912367411,
        1.2637126260797873,
        1.2611807469097391,
        1.2606082672168917,
        1.2577281605252784,
        1.2558814980411384,
        1.252875561312552,
        1.2513131203636068,
        1.2512821566171195,
        1.2498752149984682,
        1.2492915232830513,
        1.2466111089286933,
        1.2455460453979108,
        1.2444576974203678,
        1.2403925238360867,
        1.2430394559067004,
        1.240870773282234,
        1.2406845734425276,
        1.2393488688747392,
        1.2409665806231052,
        1.2395350401665874,
        1.236203693622572,
        1.237425862209364,
        1.2366477670470504,
        1.2358294991780219,
        1.2338276674366786,
        1.2348293156404242,
        1.2310065772399907,
        1.234057112874887,
        1.2347444618433685,
        1.2315989990982894,
        1.2304836311000593,
        1.231111703703831,
        1.2304612994612183,
        1.23199051120504,
        1.2298645376595074,
        1.232135002083896,
        1.229411283470644,
        1.229262249917275,
        1.2315645464757055,
        1.2312625347867525,
        1.2309614326312035,
        1.229362537635521,
        1.2295168379920105,
        1.2281762945154338,
        1.2297938576398135,
        1.2284874226931997,
        1.2283433476128347,
        1.2297080909927973
    ],
    "val_accs": [
        0.1535,
        0.2101,
        0.3096,
        0.3525,
        0.3891,
        0.4088,
        0.414,
        0.4257,
        0.4389,
        0.4462,
        0.451,
        0.457,
        0.4647,
        0.4731,
        0.4795,
        0.487,
        0.4882,
        0.493,
        0.4999,
        0.502,
        0.5063,
        0.51,
        0.5151,
        0.5155,
        0.5201,
        0.5183,
        0.5256,
        0.5241,
        0.5276,
        0.5328,
        0.5345,
        0.5357,
        0.5335,
        0.5348,
        0.5375,
        0.5398,
        0.5417,
        0.5452,
        0.5477,
        0.5478,
        0.5473,
        0.5477,
        0.5498,
        0.5474,
        0.5476,
        0.5484,
        0.5522,
        0.5514,
        0.5522,
        0.5545,
        0.5572,
        0.5553,
        0.5561,
        0.5561,
        0.5554,
        0.5545,
        0.5591,
        0.5558,
        0.5586,
        0.5583,
        0.5595,
        0.5591,
        0.5588,
        0.5632,
        0.5603,
        0.5599,
        0.5605,
        0.5615,
        0.5615,
        0.5629,
        0.5618,
        0.5594,
        0.5617,
        0.5645,
        0.565,
        0.5634,
        0.5618,
        0.5644,
        0.5591,
        0.5593,
        0.5654,
        0.5619,
        0.5626,
        0.5606,
        0.5582,
        0.5624,
        0.565,
        0.5643,
        0.5631,
        0.5625,
        0.5622
    ],
    "hyperparameters": {
        "batch_size": 128,
        "learning_rate": 0.0005,
        "momentum": 0.9,
        "weight_decay": 0.0001,
        "optimizer": "adam",
        "early_stopping": true,
        "patience": 10
    },
    "runtime_info": {
        "total_training_time": 208.59865593910217,
        "avg_epoch_time": 2.292292922407716,
        "timestamp": "2025-04-13 15:52:50"
    }
}