{
    "model_name": "Adam_BatchNorm_GELU_standard",
    "features": [
        "GELU",
        "Adam",
        "BatchNorm"
    ],
    "epochs": 11,
    "best_epoch": 1,
    "best_val_acc": 0.11,
    "training_time": 27.04193115234375,
    "train_losses": [
        2.000831669531772,
        2.184300715768165,
        2.2791392627470883,
        2.300516636537564,
        2.306531868326631,
        2.30491656357699,
        2.3079229648478363,
        2.308756151933509,
        2.306943455750434,
        2.3068137164355695,
        2.304349517905607
    ],
    "val_losses": [
        2.3088084299951315,
        2.323042534776347,
        2.3177175287520373,
        2.311888393120214,
        2.308856542287181,
        2.3088573679066684,
        2.3078126827158414,
        2.307837732359901,
        2.3075425019058735,
        2.307608658865417,
        2.3067043491809285
    ],
    "val_accs": [
        0.11,
        0.1022,
        0.1014,
        0.1022,
        0.1014,
        0.1022,
        0.1022,
        0.1014,
        0.1022,
        0.1022,
        0.1022
    ],
    "hyperparameters": {
        "batch_size": 128,
        "learning_rate": 0.005,
        "momentum": 0.9,
        "weight_decay": 0.0001,
        "optimizer": "adam",
        "early_stopping": true,
        "patience": 10
    },
    "runtime_info": {
        "total_training_time": 27.04193115234375,
        "avg_epoch_time": 2.4583573774857954,
        "timestamp": "2025-04-12 19:21:31"
    }
}