{
    "model_name": "Adam_GELU_standard",
    "features": [
        "GELU",
        "Adam"
    ],
    "epochs": 53,
    "best_epoch": 43,
    "best_val_acc": 0.5571,
    "training_time": 119.56317496299744,
    "train_losses": [
        2.387847952553862,
        1.9773513572788097,
        1.8122005391305749,
        1.7183319211920163,
        1.6511847507361983,
        1.59796618314002,
        1.548729961208189,
        1.5078553211317822,
        1.47195244173188,
        1.4299791399055242,
        1.4141488260884618,
        1.3855515153828937,
        1.360044100516744,
        1.3325766066130846,
        1.3166777862556693,
        1.3001379744591919,
        1.2816282846198346,
        1.2609567937139403,
        1.249273719482471,
        1.2286721885213983,
        1.218425496843793,
        1.204946840997959,
        1.1863290555635855,
        1.1843531216231409,
        1.168067059104929,
        1.1587553220447528,
        1.1523543029226204,
        1.134347269428326,
        1.128152923816165,
        1.1193951865412106,
        1.106011998110277,
        1.1020361224731934,
        1.0945579131743453,
        1.0874121118330364,
        1.0826882236751803,
        1.0768220181890646,
        1.0723382173423126,
        1.0573549546686136,
        1.0567553489787693,
        1.0522819498978067,
        1.0448205682471163,
        1.0363887145274011,
        1.0312024555576995,
        1.0246099222901273,
        1.0193687902518078,
        1.0171777236222221,
        1.010012127729438,
        1.003577822934132,
        0.9983180108807607,
        1.0023939704910712,
        0.9963198126799468,
        0.9873682963500451,
        0.980038236668577
    ],
    "val_losses": [
        2.011069055826011,
        1.7848719443252157,
        1.6848081860998427,
        1.6223023233866554,
        1.5738571704925741,
        1.533569724730011,
        1.4963286127374558,
        1.468812511259137,
        1.438823445752668,
        1.4144363924927963,
        1.4016890449749793,
        1.3904343752714627,
        1.3692536490311702,
        1.3606086642695576,
        1.344798417142313,
        1.3361136971827432,
        1.3254466223418988,
        1.3209376587563038,
        1.3105652923114959,
        1.3056064715651354,
        1.3010078292596066,
        1.296945443085232,
        1.2869012266365891,
        1.2873097185915026,
        1.284386615313179,
        1.2790511078708677,
        1.27658615347245,
        1.2746180945307677,
        1.2701643534199112,
        1.272452256314486,
        1.2710379698803973,
        1.2676641864811933,
        1.26921431637368,
        1.2677500319640662,
        1.2636313092480103,
        1.2643176766325341,
        1.2644245536591383,
        1.2656563378710652,
        1.2606518095479882,
        1.2620901087344667,
        1.2626603694725436,
        1.2634770861905944,
        1.2601080472169262,
        1.261302157843486,
        1.2619403681058186,
        1.2612261175530397,
        1.2615192747022113,
        1.2661886426498297,
        1.2651114829808567,
        1.2681151611359436,
        1.2647701253028116,
        1.2650997779655406,
        1.2697103812304857
    ],
    "val_accs": [
        0.2931,
        0.3712,
        0.4057,
        0.4323,
        0.4478,
        0.4617,
        0.4729,
        0.4847,
        0.4942,
        0.5,
        0.5034,
        0.5071,
        0.5144,
        0.5167,
        0.5235,
        0.5267,
        0.5279,
        0.5278,
        0.5338,
        0.5383,
        0.5392,
        0.5387,
        0.5468,
        0.5434,
        0.5443,
        0.5452,
        0.5492,
        0.5472,
        0.5518,
        0.5507,
        0.5518,
        0.5521,
        0.5513,
        0.5507,
        0.5507,
        0.5494,
        0.5526,
        0.5522,
        0.5514,
        0.5532,
        0.5557,
        0.5559,
        0.5571,
        0.5529,
        0.5541,
        0.5558,
        0.5561,
        0.5539,
        0.5552,
        0.5525,
        0.5537,
        0.5565,
        0.5545
    ],
    "hyperparameters": {
        "batch_size": 128,
        "learning_rate": 0.0005,
        "momentum": 0.9,
        "weight_decay": 0.0001,
        "optimizer": "adam",
        "early_stopping": true,
        "patience": 10
    },
    "runtime_info": {
        "total_training_time": 119.56317496299744,
        "avg_epoch_time": 2.2559089615659893,
        "timestamp": "2025-04-13 17:53:45"
    }
}