{
    "model_name": "Adam_GELU_standard",
    "features": [
        "GELU",
        "Adam"
    ],
    "accuracy": 0.5578,
    "precision": 0.5562102831233172,
    "recall": 0.5578,
    "f1_score": 0.5552380628368438,
    "loss": 1.2430490255187636,
    "inference_time": 0.13828825950622559,
    "timestamp": "2025-04-13 17:53:45"
}