{
    "model_name": "Adam_GELU_standard",
    "features": [
        "GELU",
        "Adam"
    ],
    "epochs": 93,
    "best_epoch": 83,
    "best_val_acc": 0.5684,
    "training_time": 224.07798504829407,
    "train_losses": [
        2.771404988320258,
        2.2623042429165334,
        2.1182004137901154,
        1.9887034021719838,
        1.9069997760942037,
        1.8438247182006426,
        1.7952183701612963,
        1.7528713119369035,
        1.719173613726207,
        1.6841468950593772,
        1.6598241919768901,
        1.6308625763097941,
        1.606921091695709,
        1.5829763982111744,
        1.565088813053852,
        1.543868596177852,
        1.5247556643679845,
        1.512002505633291,
        1.495243107993251,
        1.4801135431145724,
        1.459153661448277,
        1.447727165789091,
        1.4397677618115325,
        1.4213012147339785,
        1.4099353966088717,
        1.4054718040300695,
        1.3910916443321095,
        1.3805644994907929,
        1.3696472676864555,
        1.3676061400348942,
        1.355565079400311,
        1.3426177278492586,
        1.345437017099475,
        1.3286281400466766,
        1.3245673349324378,
        1.3201200161694544,
        1.3110717335197672,
        1.3062622199453697,
        1.3014177973454735,
        1.297136058067215,
        1.2958631600059132,
        1.2832349946943329,
        1.274793277057855,
        1.272866169288338,
        1.2611698722591866,
        1.266098260062565,
        1.2642501782085038,
        1.2606286542493281,
        1.250922602657336,
        1.248340987282654,
        1.2412861981111003,
        1.2398815832034187,
        1.2371600620576229,
        1.2343935651232274,
        1.226546160520214,
        1.2264832356549593,
        1.2249267130868184,
        1.215934654618064,
        1.2210022402796483,
        1.2175522620535177,
        1.2061759066213122,
        1.2031283852545445,
        1.2086185679397206,
        1.2093945936286203,
        1.2042013352689545,
        1.2044312042901844,
        1.1984748477589118,
        1.2012299320234336,
        1.1924973473298783,
        1.1893733993001279,
        1.186787421232508,
        1.186249207160529,
        1.18113372943977,
        1.1782973034902313,
        1.1732885614193553,
        1.1751149337631543,
        1.17607076344254,
        1.1738436234972485,
        1.1685474558196376,
        1.1724144917497352,
        1.1699263726910598,
        1.166388739826257,
        1.1656111801283695,
        1.1665188276607281,
        1.1597215265545842,
        1.1671066387786793,
        1.161534083814246,
        1.1542045799058407,
        1.1569822765676248,
        1.1534214405899035,
        1.1496714337788418,
        1.1511760847085521,
        1.1484574717105946
    ],
    "val_losses": [
        2.2577202753930607,
        2.161330958465671,
        1.9644837522942689,
        1.8404596534873536,
        1.7764709413664332,
        1.7181641796573073,
        1.6792614917039486,
        1.6466043056934307,
        1.6148234207221077,
        1.5863357169713148,
        1.5598314591939895,
        1.5391155143400534,
        1.5157508997443703,
        1.4918718990085655,
        1.4754945791883103,
        1.4634885970283695,
        1.4468519351243372,
        1.4295991695974724,
        1.4166190030970724,
        1.4083932162366575,
        1.395878155295683,
        1.3843940360112665,
        1.3763742171569695,
        1.3655371026417553,
        1.3554926629039148,
        1.3491108252528774,
        1.3437711590616526,
        1.3324245478149186,
        1.327846907680577,
        1.320949717541492,
        1.313245948596816,
        1.3099879532503393,
        1.3038627232498337,
        1.2990373248967606,
        1.295533741153286,
        1.292966938379635,
        1.2879543692034887,
        1.2812792809921014,
        1.2765182771012038,
        1.2738194533453835,
        1.275625365585167,
        1.2659695218700076,
        1.264200950144923,
        1.2624166119344598,
        1.2612533553401417,
        1.2596740120569443,
        1.2592605211688883,
        1.2568618497594621,
        1.2519311236926227,
        1.2521156936145095,
        1.250720076212297,
        1.248358709725815,
        1.2462054673245053,
        1.2452628224519917,
        1.2451457108315283,
        1.2423483841911152,
        1.2423724535965663,
        1.239767526898661,
        1.2401575519905574,
        1.2407450875053656,
        1.2379289119868795,
        1.2364739500377306,
        1.236124267885931,
        1.2366559281206337,
        1.236307943822577,
        1.2357374401353416,
        1.2333693075200562,
        1.2379346174586263,
        1.2350352174060282,
        1.2336367289387362,
        1.2294940980477547,
        1.2322074355878543,
        1.2302288727919837,
        1.2312098092136763,
        1.2299041769222774,
        1.230412862486108,
        1.2318753231589517,
        1.2327958024959764,
        1.2305409464326345,
        1.2319618349116315,
        1.2308266945709414,
        1.2298513208564004,
        1.22788230655634,
        1.2309035340301988,
        1.2302536661671253,
        1.232735177665659,
        1.2328713916797063,
        1.2289634890485925,
        1.2308343653696099,
        1.2322898725936615,
        1.230493515284983,
        1.2299123103489107,
        1.2311657632946154
    ],
    "val_accs": [
        0.1632,
        0.2288,
        0.3,
        0.3578,
        0.3789,
        0.3993,
        0.4121,
        0.4223,
        0.4262,
        0.4361,
        0.4512,
        0.4523,
        0.4634,
        0.4692,
        0.475,
        0.4833,
        0.4843,
        0.4924,
        0.4976,
        0.4988,
        0.5081,
        0.5106,
        0.5151,
        0.519,
        0.5182,
        0.5228,
        0.5258,
        0.5281,
        0.5306,
        0.5329,
        0.5362,
        0.5354,
        0.5362,
        0.5383,
        0.5384,
        0.5419,
        0.5408,
        0.5437,
        0.5473,
        0.5486,
        0.5498,
        0.5499,
        0.5524,
        0.5511,
        0.5532,
        0.5536,
        0.5515,
        0.5543,
        0.554,
        0.5572,
        0.5536,
        0.5541,
        0.5549,
        0.554,
        0.5558,
        0.556,
        0.5591,
        0.5586,
        0.5586,
        0.5606,
        0.5592,
        0.5615,
        0.5601,
        0.5621,
        0.5618,
        0.5639,
        0.5622,
        0.5603,
        0.5632,
        0.5642,
        0.5652,
        0.5637,
        0.5633,
        0.5627,
        0.5654,
        0.5654,
        0.5648,
        0.5615,
        0.5639,
        0.5648,
        0.5648,
        0.5664,
        0.5684,
        0.5657,
        0.5646,
        0.5645,
        0.5641,
        0.5672,
        0.5648,
        0.5643,
        0.5626,
        0.5663,
        0.5649
    ],
    "hyperparameters": {
        "batch_size": 128,
        "learning_rate": 0.0005,
        "momentum": 0.9,
        "weight_decay": 0.0001,
        "optimizer": "adam",
        "early_stopping": true,
        "patience": 10
    },
    "runtime_info": {
        "total_training_time": 224.07798504829407,
        "avg_epoch_time": 2.4094406994440223,
        "timestamp": "2025-04-13 10:26:03"
    }
}