{
    "model_name": "Adam_GELU_standard",
    "features": [
        "GELU",
        "Adam"
    ],
    "epochs": 124,
    "best_epoch": 114,
    "best_val_acc": 0.5361,
    "training_time": 152.69140768051147,
    "train_losses": [
        2.862418247806529,
        2.3501529674704726,
        2.2836075076757862,
        2.211875931892752,
        2.1166249112819666,
        2.0346036471500892,
        1.9637918296990935,
        1.908886789674625,
        1.8705709259091297,
        1.8414175077111072,
        1.8110556257662649,
        1.7773653632605884,
        1.757001373189117,
        1.7312595858756021,
        1.7196476099781681,
        1.6920248501601372,
        1.6745322820569766,
        1.6588047378618762,
        1.647682470838751,
        1.6291406238064177,
        1.6165458450128014,
        1.6042924659331643,
        1.594592963285545,
        1.5811701100847555,
        1.56867973768746,
        1.56376916161965,
        1.5516109082858187,
        1.5373956828742326,
        1.532372600521783,
        1.5305996113890505,
        1.5211164507438708,
        1.5149008619579611,
        1.5115768410819432,
        1.4977986586957135,
        1.4901670706640706,
        1.4886530193034153,
        1.488644656724934,
        1.4789268508371025,
        1.4758370413971924,
        1.4700290059924828,
        1.4618072184244688,
        1.4644880017730082,
        1.4609858269846006,
        1.4514345667528636,
        1.4526277061602242,
        1.4479688004644993,
        1.441083049323069,
        1.4406359487600588,
        1.43513889417891,
        1.440688151019506,
        1.4407500164360842,
        1.432059257964101,
        1.428758949150914,
        1.4268258242914769,
        1.4226851583957993,
        1.4198986583234712,
        1.4202217549251124,
        1.4230251041132647,
        1.423038669451407,
        1.4185567996608452,
        1.4137265259336957,
        1.4117396317292683,
        1.40641071845667,
        1.4112840721542956,
        1.4132099587541975,
        1.4042226731611867,
        1.400722812907964,
        1.402637057697344,
        1.4017290866843515,
        1.404650515681358,
        1.3967600639840363,
        1.3963810277298427,
        1.3974307382192628,
        1.3948231088003127,
        1.3923334474139053,
        1.3881956698264193,
        1.3871195238568224,
        1.3862405550331747,
        1.3862104662503447,
        1.3891545119639301,
        1.3867439682571165,
        1.3852366189921206,
        1.3887651425676186,
        1.385702619159575,
        1.3792096990317204,
        1.382798565702918,
        1.3835370299859926,
        1.3795563834187285,
        1.3751994080233905,
        1.3826199681027145,
        1.3770839006039257,
        1.3813296815185654,
        1.377801005100868,
        1.3778557039140973,
        1.3736223544304862,
        1.3747190055380039,
        1.3682889747440639,
        1.370848405155772,
        1.3706330897769254,
        1.372458594341864,
        1.3707082961708807,
        1.3701358428114887,
        1.3602974403815846,
        1.3625344052909114,
        1.368107595473173,
        1.3678543369722804,
        1.3630080594516618,
        1.3701273534527054,
        1.3642985610041944,
        1.357156126454665,
        1.3665496873294063,
        1.3605171842431727,
        1.366592967207071,
        1.3642480590849941,
        1.3575263708858671,
        1.3614474146032562,
        1.3601601814613857,
        1.3589442933905718,
        1.3589689073914482,
        1.3619973955840319,
        1.3579619663482492,
        1.3603874803008629,
        1.3587307928775438,
        1.3603088439512954
    ],
    "val_losses": [
        2.290136483143409,
        2.2858038568238084,
        2.243969302594791,
        2.118105380039815,
        1.9872479714184859,
        1.884656789707678,
        1.8203127201961964,
        1.7735029744338278,
        1.7369973939903467,
        1.7042075644981156,
        1.6825277894151216,
        1.6511064895560779,
        1.630094639619024,
        1.6107163688440438,
        1.596551698577126,
        1.5764102926389005,
        1.5634606137983955,
        1.5444164001232712,
        1.5288237182604338,
        1.5160959985480535,
        1.5045295973586985,
        1.4928717937703493,
        1.483258713822353,
        1.4697555463953242,
        1.4594235244113172,
        1.4510469368523615,
        1.4453582597970045,
        1.4367099176967528,
        1.4309466685526997,
        1.4257935165880216,
        1.417369007779354,
        1.4110421357145755,
        1.4059332268608868,
        1.398791010522087,
        1.3964637167557048,
        1.3933375691638985,
        1.389701795521369,
        1.3860345407236156,
        1.3825299738990917,
        1.3788654080871294,
        1.3755365412481648,
        1.372473184370761,
        1.3696429181186252,
        1.3667261113227975,
        1.364839681726083,
        1.3635837419606451,
        1.361526705144061,
        1.3587792917152024,
        1.3567367550133536,
        1.3539345864981907,
        1.3538808061280327,
        1.3506596117659884,
        1.3480129446143962,
        1.3463706454895137,
        1.3449038968487808,
        1.3424451127653578,
        1.3400301583408591,
        1.339857426060571,
        1.338433130088033,
        1.3382625620102622,
        1.337745010774379,
        1.3366255748061788,
        1.3346616319201647,
        1.3346525237357947,
        1.3330534165790373,
        1.3337527695443765,
        1.332464713601479,
        1.3313638842226927,
        1.3298887092764877,
        1.3309669412459662,
        1.3271909929721302,
        1.3279787359734274,
        1.3277320154717742,
        1.3273584872407718,
        1.3261256217285478,
        1.324434272013888,
        1.3249539676484738,
        1.324199783476291,
        1.3223610933154817,
        1.3246699747028676,
        1.3231230659889701,
        1.3218979625044427,
        1.3233344919108203,
        1.3228611054413058,
        1.3187202730987022,
        1.3181557887218374,
        1.3189938260010767,
        1.3192485576816222,
        1.3164061529282036,
        1.3195669745554337,
        1.3168610563685412,
        1.316876511230003,
        1.3190644428101157,
        1.3175233249931046,
        1.3164140433876639,
        1.3163131436981488,
        1.315828692664713,
        1.3168947986098436,
        1.315621961849788,
        1.3160665435568737,
        1.3163410196436558,
        1.3165842833037251,
        1.3144317545329263,
        1.3137202465031401,
        1.312334050579813,
        1.3133782969579675,
        1.3123473361784015,
        1.3133078543912349,
        1.3129626369809382,
        1.309334531167461,
        1.3103586934872438,
        1.3121433291666529,
        1.3131067690118268,
        1.3113948128842203,
        1.311612845696132,
        1.3111712013535028,
        1.311220412563963,
        1.309268961966701,
        1.3106175863822491,
        1.3083284953735692,
        1.3099125586582427,
        1.3105570499691297,
        1.3096827995773506,
        1.3102052236420443
    ],