{
    "model_name": "Adam_GELU_standard",
    "features": [
        "GELU",
        "Adam"
    ],
    "accuracy": 0.5292,
    "precision": 0.5277951652973355,
    "recall": 0.5292,
    "f1_score": 0.5250736921289306,
    "loss": 1.3013098248492239,
    "inference_time": 0.08013176918029785,
    "timestamp": "2025-04-13 10:44:11"
}