{
    "model_name": "Adam_GELU_standard",
    "features": [
        "GELU",
        "Adam"
    ],
    "epochs": 40,
    "best_epoch": 30,
    "best_val_acc": 0.5565,
    "training_time": 103.70253992080688,
    "train_losses": [
        2.292389029673695,
        1.8678884972574388,
        1.7236775849202113,
        1.6357556929142212,
        1.564371723459615,
        1.510627954985836,
        1.4709386626044567,
        1.4251737733748004,
        1.3906676965049993,
        1.361750565372315,
        1.3374890509754949,
        1.3105336766632973,
        1.2895198614526107,
        1.2683183755254632,
        1.2492538479965567,
        1.2270607015178827,
        1.2152579145735005,
        1.1984977426073378,
        1.1825236514749562,
        1.1729867485848118,
        1.1616805462350954,
        1.1471529629292119,
        1.1307506989194802,
        1.1240580347748048,
        1.112665027191841,
        1.1008235474194177,
        1.092131210862082,
        1.083295499912277,
        1.0794956230840338,
        1.063762893693275,
        1.0639279275811493,
        1.0600102399145779,
        1.0491791916107158,
        1.043430971005503,
        1.0368401902271356,
        1.0301676349661455,
        1.0254606237795638,
        1.0096597593229544,
        1.0098888526733518,
        1.0103420644750147
    ],
    "val_losses": [
        1.8811083151223293,
        1.7018374755194972,
        1.6162877654575303,
        1.5633219412992096,
        1.5082842912268404,
        1.4677204852253203,
        1.4399775706342703,
        1.411211263089525,
        1.3871725630558245,
        1.372929534324072,
        1.360197109094993,
        1.34426151069819,
        1.3320143060486898,
        1.3257422383593591,
        1.31375691337774,
        1.3103586093500592,
        1.300520536919677,
        1.293782561209292,
        1.289697108038655,
        1.286507979696831,
        1.28271435967475,
        1.2759592890010114,
        1.2753698569016338,
        1.2739279656312295,
        1.2702897743073118,
        1.2707493164241654,
        1.2699498523414328,
        1.2698024444102638,
        1.2663312405334133,
        1.2658167119272887,
        1.2703949128092886,
        1.265597061142397,
        1.2682548588368439,
        1.2664225990246516,
        1.2659969054334186,
        1.2648030819964298,
        1.2688493258909086,
        1.2682317600796573,
        1.2665173448040554,
        1.2680153924285473
    ],
    "val_accs": [
        0.3375,
        0.4005,
        0.426,
        0.4481,
        0.4682,
        0.4791,
        0.4871,
        0.5011,
        0.5101,
        0.5142,
        0.5158,
        0.5241,
        0.5277,
        0.5277,
        0.5324,
        0.5318,
        0.537,
        0.5401,
        0.5372,
        0.5409,
        0.5409,
        0.5441,
        0.547,
        0.5458,
        0.5499,
        0.5492,
        0.5495,
        0.5493,
        0.5533,
        0.5565,
        0.5522,
        0.5536,
        0.5504,
        0.5534,
        0.5558,
        0.5531,
        0.5532,
        0.5563,
        0.5549,
        0.5545
    ],
    "hyperparameters": {
        "batch_size": 64,
        "learning_rate": 0.0005,
        "momentum": 0.9,
        "weight_decay": 0.0001,
        "optimizer": "adam",
        "early_stopping": true,
        "patience": 10
    },
    "runtime_info": {
        "total_training_time": 103.70253992080688,
        "avg_epoch_time": 2.592563498020172,
        "timestamp": "2025-04-13 17:55:31"
    }
}