{
    "model_name": "Adam_BatchNorm_GELU_standard",
    "features": [
        "GELU",
        "Adam",
        "BatchNorm"
    ],
    "accuracy": 0.1842,
    "precision": 0.18137542352288025,
    "recall": 0.1842,
    "f1_score": 0.1611055008178088,
    "loss": 2.2122937873861948,
    "inference_time": 0.4948410987854004,
    "timestamp": "2025-04-13 13:00:12"
}