{
    "model_name": "Adam_GELU_standard",
    "features": [
        "GELU",
        "Adam"
    ],
    "accuracy": 0.5522,
    "precision": 0.5525740878507104,
    "recall": 0.5522,
    "f1_score": 0.549956359748182,
    "loss": 1.2344279408882133,
    "inference_time": 0.1498398780822754,
    "timestamp": "2025-04-13 09:52:35"
}