{
    "model_name": "Adam_GELU_standard",
    "features": [
        "GELU",
        "Adam"
    ],
    "epochs": 78,
    "best_epoch": 68,
    "best_val_acc": 0.5631,
    "training_time": 212.19398474693298,
    "train_losses": [
        2.593534239568157,
        2.161872017924317,
        1.9881508698479018,
        1.871478542719901,
        1.7973283529144088,
        1.7457562411956449,
        1.6987511942407132,
        1.6571131932364331,
        1.6235588518668638,
        1.5926131412064282,
        1.562894323500973,
        1.5390540264119887,
        1.5155983038891423,
        1.491515257241121,
        1.4733109298111313,
        1.4586251536289736,
        1.4327423782608555,
        1.4207193734993895,
        1.4047564682446518,
        1.3954199384921393,
        1.3851041096933863,
        1.3690123384772312,
        1.35919600102291,
        1.3506907526736576,
        1.3347443683026328,
        1.3297945580644976,
        1.316372601790217,
        1.3158542656721224,
        1.3038724003677051,
        1.2971142792734542,
        1.2914965461929484,
        1.2904907100649303,
        1.2756499107103834,
        1.2743872211135887,
        1.2670567010777445,
        1.263737948923337,
        1.2574896624119536,
        1.2615287117828695,
        1.2504302111272023,
        1.2442082160552743,
        1.2429004434712732,
        1.2361761910720137,
        1.2361464733499556,
        1.2311464837319384,
        1.2238887010440815,
        1.2209194166983897,
        1.2187979880895732,
        1.2133437870355748,
        1.2094632538533696,
        1.2056096031966255,
        1.2064580913605958,
        1.2003242744105997,
        1.2073051797035188,
        1.1927993458263946,
        1.1945536896551703,
        1.1882115294021336,
        1.1911943120304218,
        1.1929849149477372,
        1.1825292391639672,
        1.1820676854164671,
        1.1789209743688627,
        1.180102500794008,
        1.1765734378544959,
        1.1742911346539058,
        1.172808683197679,
        1.1806826346846218,
        1.1682131729281573,
        1.1697269058705853,
        1.1691954877157382,
        1.1697174755739939,
        1.1560810081655573,
        1.1637453394870954,
        1.15863277962582,
        1.1584044016597017,
        1.1560899310645696,
        1.1624796206175838,
        1.1530350497448287,
        1.1601687823173419
    ],
    "val_losses": [
        2.236086345949471,
        1.9736942014436354,
        1.8187400506365448,
        1.7334655883230905,
        1.6683190807102677,
        1.6286150292230812,
        1.5773749897307432,
        1.5503840592072364,
        1.5207486249246598,
        1.4910343901576164,
        1.4666638924653694,
        1.4453684763355612,
        1.4249052595910214,
        1.4065068122499267,
        1.3951818149575903,
        1.3827232893505461,
        1.3677893220812698,
        1.3581763502920488,
        1.346182824673293,
        1.3381881639121485,
        1.3307220600899792,
        1.3235220168448105,
        1.3143644286120442,
        1.3104391111068483,
        1.3045473962333758,
        1.2972181847441648,
        1.292769541803193,
        1.2901270026038931,
        1.284098503071493,
        1.2770619321341365,
        1.2816330016333806,
        1.2759622898160343,
        1.2707414822796068,
        1.2683520135293889,
        1.2625957641602406,
        1.2612761730348903,
        1.2615357187138712,
        1.2599130083758234,
        1.2579683118405358,
        1.2547649327825359,
        1.2587051169119037,
        1.2567119317508095,
        1.2558637460226039,
        1.2516876187944899,
        1.250791423334285,
        1.2498364961710366,
        1.250411865984458,
        1.2493480381756572,
        1.247702673037429,
        1.2452095958502698,
        1.2419258773971908,
        1.2484211857238483,
        1.2449877181278923,
        1.2432021557168302,
        1.2426799033824856,
        1.239106270333923,
        1.2404103904187864,
        1.24096627774105,
        1.2362701955104265,
        1.238117491294585,
        1.242931934660663,
        1.2411793058716298,
        1.2394046869058712,
        1.2393073351233364,
        1.238414359584086,
        1.2405898130506499,
        1.2404242302884998,
        1.2400977071439598,
        1.2415642237358377,
        1.2402162421956662,
        1.2425101107886956,
        1.2432746918708895,
        1.2391722530581766,
        1.2403641461921624,
        1.242429579405932,
        1.2426269923616753,
        1.240823081696596,
        1.2381472525324602
    ],
    "val_accs": [
        0.1795,
        0.3033,
        0.3588,
        0.3902,
        0.4132,
        0.4263,
        0.4385,
        0.4548,
        0.4625,
        0.47,
        0.4787,
        0.4887,
        0.4928,
        0.5035,
        0.5079,
        0.5072,
        0.5191,
        0.5223,
        0.5248,
        0.5279,
        0.5256,
        0.5253,
        0.5328,
        0.5351,
        0.5359,
        0.5387,
        0.5416,
        0.5423,
        0.544,
        0.5455,
        0.548,
        0.5453,
        0.5458,
        0.5493,
        0.5486,
        0.5477,
        0.5481,
        0.5485,
        0.5488,
        0.5522,
        0.5486,
        0.5494,
        0.5503,
        0.5561,
        0.5534,
        0.5565,
        0.5576,
        0.5542,
        0.558,
        0.5572,
        0.5585,
        0.5538,
        0.5574,
        0.5552,
        0.5575,
        0.5619,
        0.5589,
        0.5577,
        0.5629,
        0.5596,
        0.5542,
        0.5583,
        0.5608,
        0.5582,
        0.5597,
        0.5613,
        0.5593,
        0.5631,
        0.5591,
        0.5581,
        0.5584,
        0.5574,
        0.561,
        0.5623,
        0.5569,
        0.5559,
        0.5591,
        0.5579
    ],
    "hyperparameters": {
        "batch_size": 64,
        "learning_rate": 0.0005,
        "momentum": 0.9,
        "weight_decay": 0.0001,
        "optimizer": "adam",
        "early_stopping": true,
        "patience": 10
    },
    "runtime_info": {
        "total_training_time": 212.19398474693298,
        "avg_epoch_time": 2.720435701883756,
        "timestamp": "2025-04-13 09:52:35"
    }
}