{
    "model_name": "BatchNorm_none",
    "features": [
        "BatchNorm"
    ],
    "accuracy": 0.1679,
    "precision": 0.22855202138830236,
    "recall": 0.1679,
    "f1_score": 0.11680718528141133,
    "loss": 2.2439455506593693,
    "inference_time": 0.05489706993103027,
    "timestamp": "2025-04-13 06:18:07"
}