{
    "model_name": "BatchNorm_none",
    "features": [
        "BatchNorm"
    ],
    "epochs": 12,
    "best_epoch": 2,
    "best_val_acc": 0.1656,
    "training_time": 16.61448907852173,
    "train_losses": [
        2.311036228416454,
        2.0308977986586356,
        1.9575564610906613,
        1.9210895768859004,
        1.894269121257029,
        1.8766237782571868,
        1.8899328807196736,
        1.9064600862264272,
        1.95975031853458,
        1.9903673480909743,
        2.0575323768130733,
        2.106102975433925
    ],
    "val_losses": [
        2.2292328717962433,
        2.243557189437847,
        2.280581249130404,
        2.305623087081377,
        2.325420826898608,
        2.3395424809254153,
        2.353788833350036,
        2.361738887649409,
        2.3657565352527756,
        2.373192184563657,
        2.3721396432450272,
        2.3802234521426113
    ],
    "val_accs": [
        0.1413,
        0.1656,
        0.1503,
        0.1255,
        0.1048,
        0.1012,
        0.1014,
        0.1014,
        0.1014,
        0.1014,
        0.1014,
        0.1014
    ],
    "hyperparameters": {
        "batch_size": 128,
        "learning_rate": 0.01,
        "momentum": 0.9,
        "weight_decay": 0.0001,
        "optimizer": "sgd",
        "early_stopping": true,
        "patience": 10
    },
    "runtime_info": {
        "total_training_time": 16.61448907852173,
        "avg_epoch_time": 1.3845407565434773,
        "timestamp": "2025-04-13 06:18:06"
    }
}