{
    "model_name": "Adam_BatchNorm_GELU_standard",
    "features": [
        "GELU",
        "Adam",
        "BatchNorm"
    ],
    "epochs": 11,
    "best_epoch": 1,
    "best_val_acc": 0.1372,
    "training_time": 27.2116379737854,
    "train_losses": [
        2.2619531833855713,
        1.9171725576132315,
        1.847754765593295,
        1.9428692131918772,
        2.207097526895369,
        2.2626262639628787,
        2.2794447955720902,
        2.2782681649464642,
        2.2797184994077897,
        2.2844810517905576,
        2.288164977370555
    ],
    "val_losses": [
        2.254790354453656,
        2.3029503111186997,
        2.312100882273317,
        2.3129447122893936,
        2.313697318546906,
        2.313820348818879,
        2.312575197559261,
        2.312635761374921,
        2.3119335358552866,
        2.3117747158743676,
        2.311665986724015
    ],
    "val_accs": [
        0.1372,
        0.1088,
        0.0834,
        0.0836,
        0.1022,
        0.1014,
        0.1014,
        0.1014,
        0.1014,
        0.1014,
        0.1022
    ],
    "hyperparameters": {
        "batch_size": 128,
        "learning_rate": 0.001,
        "momentum": 0.9,
        "weight_decay": 0.0001,
        "optimizer": "adam",
        "early_stopping": true,
        "patience": 10
    },
    "runtime_info": {
        "total_training_time": 27.2116379737854,
        "avg_epoch_time": 2.4737852703441274,
        "timestamp": "2025-04-12 19:27:22"
    }
}