{
    "model_name": "Adam_BatchNorm_GELU_standard",
    "features": [
        "GELU",
        "Adam",
        "BatchNorm"
    ],
    "accuracy": 0.1371,
    "precision": 0.1334941032493648,
    "recall": 0.1371,
    "f1_score": 0.12514096567733504,
    "loss": 2.254457762805235,
    "inference_time": 0.17138314247131348,
    "timestamp": "2025-04-12 19:27:23"
}