{
    "model_name": "Adam_BatchNorm_GELU_standard",
    "features": [
        "GELU",
        "Adam",
        "BatchNorm"
    ],
    "epochs": 12,
    "best_epoch": 2,
    "best_val_acc": 0.1022,
    "training_time": 31.711792945861816,
    "train_losses": [
        2.025323534852048,
        2.2940539372833197,
        2.2979676904161677,
        2.293645408512456,
        2.2949508443709727,
        2.3044709781722004,
        2.3041654118797514,
        2.3040829559682563,
        2.302897915783693,
        2.3047660458460633,
        2.3011155849880867,
        2.302779628618244
    ],
    "val_losses": [
        2.321993988435432,
        2.3103669448351947,
        2.31573152712318,
        2.3101443900004788,
        2.3070773812395906,
        3.8226480830226106,
        3.539075082382383,
        15.489096320124492,
        2.928363265442807,
        2.6021056493224775,
        2.3686047417208584,
        8.269323678897036
    ],
    "val_accs": [
        0.1014,
        0.1022,
        0.1014,
        0.1022,
        0.1022,
        0.098,
        0.098,
        0.1022,
        0.0995,
        0.1022,
        0.1022,
        0.0997
    ],
    "hyperparameters": {
        "batch_size": 128,
        "learning_rate": 0.01,
        "momentum": 0.9,
        "weight_decay": 0.0001,
        "optimizer": "adam",
        "early_stopping": true,
        "patience": 10
    },
    "runtime_info": {
        "total_training_time": 31.711792945861816,
        "avg_epoch_time": 2.6426494121551514,
        "timestamp": "2025-04-12 19:22:05"
    }
}