{
    "model_name": "Adam_BatchNorm_GELU_standard",
    "features": [
        "GELU",
        "Adam",
        "BatchNorm"
    ],
    "accuracy": 0.1,
    "precision": 0.01,
    "recall": 0.1,
    "f1_score": 0.01818181818181818,
    "loss": 2.311454083927879,
    "inference_time": 0.1422269344329834,
    "timestamp": "2025-04-12 19:22:05"
}