{
    "model_name": "Adam_GELU_standard",
    "features": [
        "GELU",
        "Adam"
    ],
    "accuracy": 0.5585,
    "precision": 0.5594351689757321,
    "recall": 0.5585,
    "f1_score": 0.5557463630532566,
    "loss": 1.2292153426189165,
    "inference_time": 0.13675904273986816,
    "timestamp": "2025-04-12 20:18:16"
}