{
    "model_name": "Adam_GELU_standard",
    "features": [
        "GELU",
        "Adam"
    ],
    "epochs": 74,
    "best_epoch": 64,
    "best_val_acc": 0.5654,
    "training_time": 161.9841787815094,
    "train_losses": [
        2.62912175386053,
        2.1728707886653327,
        2.0146368835497537,
        1.9032445907310784,
        1.8325176244534198,
        1.7760299696219433,
        1.7237875866563785,
        1.6846696125791707,
        1.6537853111797163,
        1.6222370383474387,
        1.5910330273940565,
        1.5584334921686538,
        1.5350986223517202,
        1.5120012781015202,
        1.4897879317637217,
        1.4718568980825686,
        1.458419093600322,
        1.4468015868801092,
        1.4211274685747646,
        1.4119969879157825,
        1.39293552231548,
        1.3846280182533117,
        1.375247104939964,
        1.3581431693093544,
        1.342123949708409,
        1.3406003787740595,
        1.331715219861888,
        1.3214818427417625,
        1.313255202586015,
        1.3035734748071564,
        1.2964069947889247,
        1.2906641642007592,
        1.2839983076400914,
        1.2746443885423298,
        1.2744392625274956,
        1.2614935275904822,
        1.2645149199060715,
        1.2542973577353365,
        1.2545658853478574,
        1.2473110007421986,
        1.2398507143242414,
        1.2398375841282279,
        1.2367040336619723,
        1.2336027480444327,
        1.2322026964244184,
        1.227429415183834,
        1.220606498671462,
        1.2187504245877605,
        1.2098699946476572,
        1.2102388384118759,
        1.212617407898947,
        1.2096329210868904,
        1.2001448562238506,
        1.1996503661391855,
        1.198872057198231,
        1.1905959880215096,
        1.1970699409269767,
        1.1999385781531902,
        1.1967601304103468,
        1.1819282229831738,
        1.1846803967246093,
        1.181807166545068,
        1.1776110850590815,
        1.1786534906927542,
        1.1808267703730189,
        1.1779319679959455,
        1.1669835240720063,
        1.1713156089105121,
        1.1680617857779925,
        1.1711352611198227,
        1.1650852596807075,
        1.1674218227387034,
        1.1638553764765247,
        1.1587030372918121
    ],
    "val_losses": [
        2.23399210625803,
        2.01484291843338,
        1.8608646884907327,
        1.7755983127726962,
        1.7058382560369711,
        1.6561785580509487,
        1.6179815326941225,
        1.5785736446650482,
        1.5449926471596103,
        1.5219291226787492,
        1.4988051240215068,
        1.4723740882064624,
        1.4522674072381272,
        1.4311624482901015,
        1.4184608271753398,
        1.4004349417574984,
        1.3936439873606277,
        1.3717982902846666,
        1.3574972889727683,
        1.3497087975953108,
        1.3388754831410044,
        1.3304350105287457,
        1.3235569408018568,
        1.3153763288259859,
        1.305574679072316,
        1.3020819260010796,
        1.2959746944326234,
        1.2922489942866584,
        1.2838400494941218,
        1.2809490797785286,
        1.2791205948296946,
        1.2764900485284034,
        1.2713016561440371,
        1.2686089239250984,
        1.2657147099832282,
        1.2642157291472516,
        1.2613828619967569,
        1.2579599794156402,
        1.2548859165447854,
        1.2566315579965468,
        1.2522811708645096,
        1.253748599702432,
        1.2518169006105473,
        1.2515915548554708,
        1.246967938925849,
        1.245519580629424,
        1.2455568533011712,
        1.245797331073842,
        1.24568926440712,
        1.2479551960321396,
        1.241681147966145,
        1.2413630702984482,
        1.2411488448267605,
        1.2426985371194692,
        1.2416005696440091,
        1.2414356154071207,
        1.2416857386527798,
        1.2373848411073163,
        1.2390412586664532,
        1.238846145893753,
        1.2372786326983478,
        1.2394596521302446,
        1.2395235200511405,
        1.23756338636166,
        1.2379597593610248,
        1.2367708645527116,
        1.234524207060202,
        1.2366526261480077,
        1.2365429521092013,
        1.2390245815349858,
        1.2356872527947214,
        1.23794665967457,
        1.2349956074742794,
        1.2386883462846134
    ],
    "val_accs": [
        0.1805,
        0.2765,
        0.3329,
        0.3701,
        0.3981,
        0.4148,
        0.4279,
        0.4409,
        0.4501,
        0.4589,
        0.4703,
        0.4823,
        0.4862,
        0.4895,
        0.4983,
        0.5067,
        0.5074,
        0.5145,
        0.5209,
        0.5248,
        0.5292,
        0.5283,
        0.5312,
        0.5332,
        0.5362,
        0.5363,
        0.5417,
        0.5391,
        0.543,
        0.5466,
        0.5467,
        0.5472,
        0.5471,
        0.5493,
        0.55,
        0.5533,
        0.5518,
        0.5525,
        0.5544,
        0.555,
        0.5574,
        0.5553,
        0.5544,
        0.5558,
        0.5542,
        0.5551,
        0.5527,
        0.5587,
        0.556,
        0.5566,
        0.5589,
        0.5571,
        0.555,
        0.5569,
        0.5566,
        0.5578,
        0.5567,
        0.5596,
        0.5581,
        0.5586,
        0.5612,
        0.5611,
        0.5605,
        0.5654,
        0.563,
        0.5617,
        0.5633,
        0.5622,
        0.5631,
        0.5615,
        0.5615,
        0.5595,
        0.5614,
        0.5615
    ],
    "hyperparameters": {
        "batch_size": 256,
        "learning_rate": 0.001,
        "momentum": 0.9,
        "weight_decay": 0.0001,
        "optimizer": "adam",
        "early_stopping": true,
        "patience": 10
    },
    "runtime_info": {
        "total_training_time": 161.9841787815094,
        "avg_epoch_time": 2.1889753889393164,
        "timestamp": "2025-04-12 20:18:16"
    }
}