{
    "model_name": "lr0.0005_drop0.7_wd0.0001_h512_256",
    "features": [
        "GELU",
        "Adam"
    ],
    "accuracy": 0.5609,
    "precision": 0.567307271423987,
    "recall": 0.5609,
    "f1_score": 0.5595350409785852,
    "loss": 1.2247071747569327,
    "inference_time": 0.27198195457458496,
    "timestamp": "2025-04-16 17:18:37"
}