{
    "model_name": "lr0.0005_drop0.7_wd0.0001_h512_256",
    "features": [
        "GELU",
        "Adam"
    ],
    "epochs": 100,
    "best_epoch": 96,
    "best_val_acc": 0.5708,
    "training_time": 461.1285741329193,
    "train_losses": [
        3.427181954461853,
        2.3801495642938564,
        2.286844170372042,
        2.204796440886901,
        2.122623632662008,
        2.052182720271383,
        1.9992265051130484,
        1.947333367628619,
        1.9135296886881008,
        1.8779662751524973,
        1.8456733090700288,
        1.815270678506205,
        1.7872810407634527,
        1.772709685336459,
        1.7483436669844992,
        1.7270667236901138,
        1.7072040051217432,
        1.6890572206432157,
        1.6710114836918866,
        1.653714122715731,
        1.641647023223959,
        1.6180382944100031,
        1.6089086173418858,
        1.5891127095130084,
        1.5854896524337316,
        1.5694283683139931,
        1.5570538507874558,
        1.5431387820422342,
        1.5442590190010133,
        1.5274067977667953,
        1.5171823721724174,
        1.5091273681009107,
        1.4997475695591345,
        1.4896838392194245,
        1.4741828271108297,
        1.4702264744506461,
        1.4609566084096137,
        1.4635653384206633,
        1.450333690238903,
        1.4387420680946257,
        1.436326406486566,
        1.4261619049184606,
        1.418187986377567,
        1.4120949324831193,
        1.408240768785298,
        1.4023835552381265,
        1.3952978583849567,
        1.3859034339550973,
        1.3899580299268077,
        1.3821632303458549,
        1.3725708682984061,
        1.3686188517828493,
        1.3617135290204507,
        1.3586789892415831,
        1.352479147934135,
        1.3513241014707316,
        1.3515902199284395,
        1.3460830707975149,
        1.3441970618767667,
        1.3362730235997518,
        1.3276943417051947,
        1.3294488596809624,
        1.3224236828595486,
        1.3172915326357353,
        1.3118630538246947,
        1.3128929261945383,
        1.3093263801345916,
        1.3168153655226926,
        1.2988075339132379,
        1.2956482423234368,
        1.3026909269866176,
        1.3029147426295566,
        1.291683212156784,
        1.2911574628551976,
        1.2884920827071036,
        1.2861031628717143,
        1.2842912888632034,
        1.2789342414338043,
        1.277030812924227,
        1.2712783828209784,
        1.276659614795789,
        1.2695167043638436,
        1.2636217615297123,
        1.2684333913658243,
        1.2623380248533127,
        1.2586681922505931,
        1.2536804998182793,
        1.2517914191207271,
        1.2491124162414429,
        1.2542832296661972,
        1.2540557567951793,
        1.2435051648488513,
        1.252999509570051,
        1.2452675046947914,
        1.240087138398719,
        1.2386171573597113,
        1.2398319435253584,
        1.2412227511339058,
        1.235497199612683,
        1.2354834833795083
    ],
    "val_losses": [
        2.309104272457877,
        2.306883659788545,
        2.260439343612448,
        2.1295759411387505,
        2.0275375344683884,
        1.9315972296994939,
        1.8903812489840162,
        1.8306035753693481,
        1.7956212651266397,
        1.762930899202158,
        1.7235682392352025,
        1.6955839517284912,
        1.6643571057098416,
        1.6457011241194244,
        1.6222415004655117,
        1.6052897219366589,
        1.5878387865477492,
        1.5705098201786942,
        1.5590579376060987,
        1.5398149361866826,
        1.5231876358312633,
        1.5087499249131084,
        1.4963287575845254,
        1.4806746686662293,
        1.4729451116720245,
        1.4552768385167596,
        1.4506774766947368,
        1.4367020924483829,
        1.427329638933185,
        1.4203489214335834,
        1.414967802735147,
        1.4022675118491843,
        1.392694519489562,
        1.3881064537296997,
        1.3790889281772585,
        1.3717147885533125,
        1.3681750653025686,
        1.363620426910382,
        1.3580192322087703,
        1.350151523829841,
        1.3465197031705265,
        1.3444287362767657,
        1.3335017671549845,
        1.3303835023344177,
        1.3216517475213365,
        1.3216816797203048,
        1.317128222576624,
        1.311868041735493,
        1.3099153303807372,
        1.3065471072895904,
        1.2998122317513814,
        1.299271142966739,
        1.2953349319565965,
        1.2935448626855308,
        1.287475575968812,
        1.2880380592789817,
        1.2867611034310302,
        1.2849456142777447,
        1.2801303991404351,
        1.2790176863752454,
        1.273677542062895,
        1.2731979662253445,
        1.270472638568298,
        1.2672302186887314,
        1.2653227971392986,
        1.2637314953417018,
        1.2604680931329455,
        1.260365274929754,
        1.256789169074454,
        1.2576759057740516,
        1.2575123397526333,
        1.2546272684162005,
        1.2531763333676562,
        1.2532117592283383,
        1.254391591949285,
        1.254523139415546,
        1.248671686777236,
        1.2470004052846624,
        1.2458258700037321,
        1.2424723921548262,
        1.2433846736258445,
        1.2431825249002626,
        1.2421487012987633,
        1.2404456818014136,
        1.2387706820409252,
        1.2364982200957588,
        1.2347427502914992,
        1.233909962769891,
        1.2347868940214812,
        1.2358927694512607,
        1.234184714323821,
        1.2338147887518418,
        1.2324766195315937,
        1.2319583190067462,
        1.2299924147547077,
        1.2280559174572978,
        1.2254014621088773,
        1.2270276104846096,
        1.2277135204216953,
        1.226962061156138
    ],
    "val_accs": [
        0.0815,
        0.0892,
        0.1472,
        0.2306,
        0.2816,
        0.3225,
        0.3411,
        0.3702,
        0.3809,
        0.3918,
        0.4066,
        0.413,
        0.4212,
        0.4246,
        0.4323,
        0.4337,
        0.4451,
        0.4527,
        0.4546,
        0.4572,
        0.4641,
        0.4681,
        0.4678,
        0.4735,
        0.4808,
        0.484,
        0.4915,
        0.4944,
        0.496,
        0.4983,
        0.5002,
        0.5074,
        0.5081,
        0.5052,
        0.5086,
        0.5158,
        0.5173,
        0.52,
        0.522,
        0.5207,
        0.5256,
        0.5262,
        0.5283,
        0.5274,
        0.5298,
        0.532,
        0.5354,
        0.5363,
        0.5335,
        0.5402,
        0.541,
        0.5431,
        0.5409,
        0.5421,
        0.5461,
        0.5442,
        0.5485,
        0.5463,
        0.5509,
        0.5512,
        0.5501,
        0.552,
        0.5509,
        0.5532,
        0.5564,
        0.5572,
        0.5571,
        0.559,
        0.5615,
        0.556,
        0.5623,
        0.5625,
        0.5622,
        0.5615,
        0.5613,
        0.5614,
        0.564,
        0.5635,
        0.5604,
        0.5644,
        0.5662,
        0.5623,
        0.5637,
        0.5636,
        0.5658,
        0.564,
        0.5671,
        0.564,
        0.5655,
        0.5631,
        0.5654,
        0.5642,
        0.5678,
        0.568,
        0.5678,
        0.5708,
        0.569,
        0.5671,
        0.5684,
        0.5677
    ],
    "hyperparameters": {
        "batch_size": 128,
        "learning_rate": 0.0005,
        "momentum": 0.9,
        "weight_decay": 0.0001,
        "optimizer": "adam",
        "early_stopping": true,
        "patience": 10
    },
    "runtime_info": {
        "total_training_time": 461.1285741329193,
        "avg_epoch_time": 4.611285741329193,
        "timestamp": "2025-04-16 17:18:37"
    }
}