{
    "model_name": "Adam_GELU_standard",
    "features": [
        "GELU",
        "Adam"
    ],
    "epochs": 84,
    "best_epoch": 74,
    "best_val_acc": 0.5666,
    "training_time": 211.83013010025024,
    "train_losses": [
        2.756060111175726,
        2.2683718819472474,
        2.1185865060494207,
        1.9989014216073904,
        1.9150489341407742,
        1.8546574816800974,
        1.8040544619676553,
        1.7595825557141807,
        1.7337316660867506,
        1.694223600914116,
        1.6700545923126209,
        1.6417746841072482,
        1.6118271180931918,
        1.5947896622269204,
        1.5694229972602765,
        1.5514984683878237,
        1.5351973833872719,
        1.5108069327943383,
        1.4933733853676607,
        1.4782338955970524,
        1.4660688278380172,
        1.445349519650036,
        1.4380287016860511,
        1.4217169802716976,
        1.4109167518417618,
        1.4025990976878138,
        1.3859549425817206,
        1.3844967460785524,
        1.3737195767561412,
        1.3639936131273778,
        1.3546334841453815,
        1.3525528887112404,
        1.3368296530832495,
        1.326279036101665,
        1.3217548185759675,
        1.311528297901353,
        1.3117573546256438,
        1.3076858756033223,
        1.2957009643537576,
        1.289877989134705,
        1.2910066878675954,
        1.2859738396008655,
        1.2760989409031673,
        1.277639606441143,
        1.2692210590751707,
        1.268542371794158,
        1.259740965992073,
        1.2445219495798918,
        1.2513226159724418,
        1.2432713165371045,
        1.233337421642149,
        1.2436773191431794,
        1.2320373232715456,
        1.2332479489156185,
        1.2319238234475003,
        1.222074173798607,
        1.2214731136431096,
        1.2159854266600412,
        1.2179117387539768,
        1.2103063263676088,
        1.2119915905047611,
        1.2015102735618455,
        1.20936076589918,
        1.204019639709111,
        1.2026366127812984,
        1.1950928234989853,
        1.1947590944564042,
        1.184856626246299,
        1.1876664632158591,
        1.1931867027023777,
        1.180070735299342,
        1.1865402411184618,
        1.1851579394950333,
        1.1766186109231598,
        1.1812283366710892,
        1.1731749113680563,
        1.178309552800511,
        1.1676609935517797,
        1.176960952193719,
        1.1657721952432287,
        1.1691851705990448,
        1.1634869163878259,
        1.166401302174726,
        1.165609585781537
    ],
    "val_losses": [
        2.2676225246456716,
        2.1600325550507,
        1.9657720022937013,
        1.8534760355014845,
        1.7772005682601892,
        1.7258280224684044,
        1.6852327496100097,
        1.64514064649794,
        1.6156281043545306,
        1.586468361999617,
        1.5652651428514575,
        1.5385236091918928,
        1.5124301200776102,
        1.4945793542803942,
        1.474578338534351,
        1.4582197222641406,
        1.4465608704744872,
        1.4283782822829285,
        1.4140461063734038,
        1.4044259321211063,
        1.3910048527435064,
        1.3795660477232825,
        1.371589587820144,
        1.3608732474964347,
        1.35013841731738,
        1.347580176597864,
        1.339627205700279,
        1.3297776007124904,
        1.324188106211028,
        1.320011641527459,
        1.31169979792784,
        1.3078292351777412,
        1.302442694347534,
        1.2972703369645062,
        1.2910861080533254,
        1.286384029772158,
        1.2874562089428543,
        1.282628850144066,
        1.2792700497550187,
        1.2777179095969557,
        1.2730933778970732,
        1.2732013542781937,
        1.2678069321838583,
        1.2665519401187466,
        1.2636585064207793,
        1.2608281097698877,
        1.2594662430682249,
        1.2552943541690895,
        1.2550493585762417,
        1.2527178215683208,
        1.2512621848100334,
        1.2508538670555118,
        1.2479167505543383,
        1.2477732551497926,
        1.2474523840762437,
        1.245183427221526,
        1.2439737840136365,
        1.241686559014882,
        1.2398318914696436,
        1.2402107527005433,
        1.2378300131917228,
        1.2364164149533383,
        1.2374080698571819,
        1.2362258190421869,
        1.2353707413282333,
        1.2342252920807866,
        1.2364097289156275,
        1.2333724455813135,
        1.2340591185608967,
        1.233942987454926,
        1.2322109320882308,
        1.2332360443595018,
        1.2310909331285835,
        1.2302717602509514,
        1.2324927140217794,
        1.2331763114838294,
        1.232235179314356,
        1.2318700106530722,
        1.2313967912485904,
        1.2301813514051072,
        1.2314804308278953,
        1.2307494400280683,
        1.2283621821418789,
        1.230609183968807
    ],
    "val_accs": [
        0.1519,
        0.2182,
        0.2852,
        0.3336,
        0.3662,
        0.3867,
        0.4024,
        0.4195,
        0.4277,
        0.4369,
        0.4493,
        0.4564,
        0.4662,
        0.4697,
        0.4745,
        0.4798,
        0.4878,
        0.4968,
        0.4963,
        0.5015,
        0.5047,
        0.5098,
        0.5126,
        0.5148,
        0.5205,
        0.5197,
        0.5232,
        0.5267,
        0.5316,
        0.5321,
        0.5346,
        0.5371,
        0.5389,
        0.5397,
        0.5387,
        0.5414,
        0.5409,
        0.5419,
        0.5439,
        0.5438,
        0.5457,
        0.5453,
        0.5503,
        0.5464,
        0.5491,
        0.5525,
        0.5535,
        0.5535,
        0.5555,
        0.5559,
        0.5578,
        0.5575,
        0.5588,
        0.5579,
        0.5556,
        0.5554,
        0.5561,
        0.5578,
        0.5566,
        0.5586,
        0.5605,
        0.5607,
        0.5614,
        0.5631,
        0.5605,
        0.5645,
        0.5635,
        0.5637,
        0.5658,
        0.5654,
        0.5635,
        0.5612,
        0.5628,
        0.5666,
        0.5609,
        0.5639,
        0.5661,
        0.5643,
        0.5642,
        0.5653,
        0.5655,
        0.5636,
        0.5641,
        0.5658
    ],
    "hyperparameters": {
        "batch_size": 128,
        "learning_rate": 0.0005,
        "momentum": 0.9,
        "weight_decay": 1e-05,
        "optimizer": "adam",
        "early_stopping": true,
        "patience": 10
    },
    "runtime_info": {
        "total_training_time": 211.83013010025024,
        "avg_epoch_time": 2.521787263098217,
        "timestamp": "2025-04-13 10:06:02"
    }
}