{
    "model_name": "Adam_GELU_standard",
    "features": [
        "GELU",
        "Adam"
    ],
    "accuracy": 0.5681,
    "precision": 0.5780778266671961,
    "recall": 0.5681,
    "f1_score": 0.5705834039658609,
    "loss": 1.2430554909519258,
    "inference_time": 0.4788680076599121,
    "timestamp": "2025-04-13 16:53:46"
}