{
    "model_name": "Adam_GELU_standard",
    "features": [
        "GELU",
        "Adam"
    ],
    "epochs": 87,
    "best_epoch": 77,
    "best_val_acc": 0.5801,
    "training_time": 609.1810929775238,
    "train_losses": [
        2.741272421710061,
        2.3119115177576086,
        2.211322544185289,
        2.083901287180061,
        2.0043794208567527,
        1.9405336924698078,
        1.8817396004269,
        1.8413756812692534,
        1.7925002262625023,
        1.745655350403541,
        1.7102335857398738,
        1.681841767057635,
        1.6513874947660285,
        1.627748033549433,
        1.6013340359349462,
        1.574575427331444,
        1.5565135405099348,
        1.5391415504136603,
        1.5157396298675343,
        1.4926517433167223,
        1.4707026530667615,
        1.4610194452602174,
        1.4440964920798742,
        1.4240549255517756,
        1.4113439495829512,
        1.394568528331178,
        1.3743439458035136,
        1.366644831383981,
        1.3516803385531782,
        1.336243474338569,
        1.3270723626317762,
        1.3181943253694253,
        1.3002934085769275,
        1.2917798689707907,
        1.2816977946192636,
        1.2736517971384085,
        1.2608901968193553,
        1.2558650150217519,
        1.2349439945236362,
        1.235977007430101,
        1.227382410017512,
        1.215097133550557,
        1.2123205716227237,
        1.2003256773525943,
        1.1961467275579758,
        1.1853108918353394,
        1.1777831734822992,
        1.1714917165034608,
        1.1651225135391527,
        1.160062504257172,
        1.1507242450226645,
        1.1381830926582757,
        1.1359820387964354,
        1.1326357763139203,
        1.1291304499380836,
        1.1130188829591232,
        1.1140528906998493,
        1.1144091945525443,
        1.1044623052585705,
        1.0996000954089005,
        1.1002485258442067,
        1.0893753101621075,
        1.0870602927602602,
        1.0837343652558948,
        1.076643493092749,
        1.070376980274093,
        1.074568090202873,
        1.0642359987608965,
        1.060390275891741,
        1.0580750563505308,
        1.0499806464531136,
        1.0537819310722218,
        1.043422320453493,
        1.0337316374903676,
        1.0350022245672064,
        1.0297514608296379,
        1.0258190115070567,
        1.0239069289934783,
        1.0242242437802576,
        1.014168072374872,
        1.0194813179815274,
        1.01114850289372,
        1.005355106080653,
        0.99944779630013,
        1.002603725482557,
        0.9927630333723017,
        0.9986448577297166
    ],
    "val_losses": [
        2.307210783439115,
        2.263446104037427,
        2.054498244716478,
        1.926013439931296,
        1.8490381825318905,
        1.8222619003139604,
        1.763215835435499,
        1.7133994285696907,
        1.6698080979916856,
        1.63993076743495,
        1.6134176665168214,
        1.5999862049090983,
        1.569855223848521,
        1.5331306351822651,
        1.5182496101805625,
        1.5021300332235912,
        1.4792256200342935,
        1.4612601174166806,
        1.4534240770681681,
        1.4290004581054505,
        1.4131359347866388,
        1.3992348549987916,
        1.3897997546261496,
        1.3792577839670663,
        1.364658059555542,
        1.3601259074180185,
        1.3447649385905347,
        1.3383274805357175,
        1.331889028663617,
        1.3251657018360747,
        1.3212195987022946,
        1.32158623244171,
        1.3086786193336677,
        1.3028885966399149,
        1.2989086055182437,
        1.2923501116170173,
        1.2941587623098358,
        1.2918005254530032,
        1.2770022329003856,
        1.2842311070237582,
        1.2768179807628723,
        1.2681637837562236,
        1.2710122466643607,
        1.263307095980371,
        1.2613010185497926,
        1.2595061930400202,
        1.25506891934718,
        1.2548813336147127,
        1.2550323306397093,
        1.2554930186112354,
        1.2530098248335881,
        1.2479293227968054,
        1.2523570985808714,
        1.246281232483708,
        1.2443193844421339,
        1.242915535650972,
        1.2444300949091505,
        1.2440474345561063,
        1.2425230965146539,
        1.2429520843293262,
        1.2402715205821184,
        1.243550313525228,
        1.2415502244198116,
        1.238895441431176,
        1.2410699857418395,
        1.2381257783064916,
        1.240678009924597,
        1.242600113500437,
        1.2436859688004005,
        1.242741755915809,
        1.2496599268185178,
        1.2397778886223318,
        1.2432762487994455,
        1.241299657026901,
        1.239722545297401,
        1.243756772290396,
        1.2387645807872938,
        1.244590030355001,
        1.2480179203836794,
        1.2434085269889223,
        1.2464880539479568,
        1.2442451007192608,
        1.2449061231031127,
        1.2485051360453887,
        1.2502035063924795,
        1.2482802891487959,
        1.2441287197906492
    ],
    "val_accs": [
        0.106,
        0.1319,
        0.2243,
        0.2585,
        0.2982,
        0.3164,
        0.3459,
        0.3724,
        0.3914,
        0.4099,
        0.4167,
        0.4192,
        0.4333,
        0.4438,
        0.4474,
        0.4559,
        0.4631,
        0.4752,
        0.4757,
        0.4884,
        0.4948,
        0.4987,
        0.502,
        0.5075,
        0.5128,
        0.5166,
        0.5201,
        0.525,
        0.5284,
        0.5279,
        0.5335,
        0.5303,
        0.5358,
        0.5348,
        0.5375,
        0.5444,
        0.5443,
        0.5447,
        0.5491,
        0.5464,
        0.5495,
        0.5548,
        0.5585,
        0.557,
        0.5634,
        0.5628,
        0.5645,
        0.5632,
        0.5628,
        0.5637,
        0.5641,
        0.5636,
        0.564,
        0.5679,
        0.5716,
        0.5726,
        0.5688,
        0.5684,
        0.572,
        0.5695,
        0.5741,
        0.5727,
        0.5729,
        0.5745,
        0.5752,
        0.5776,
        0.5776,
        0.5747,
        0.5763,
        0.5787,
        0.5738,
        0.5753,
        0.5751,
        0.5744,
        0.579,
        0.5749,
        0.5801,
        0.575,
        0.5737,
        0.5766,
        0.5798,
        0.5779,
        0.5786,
        0.5777,
        0.5765,
        0.5746,
        0.576
    ],
    "hyperparameters": {
        "batch_size": 128,
        "learning_rate": 0.0005,
        "momentum": 0.9,
        "weight_decay": 0.0001,
        "optimizer": "adam",
        "early_stopping": true,
        "patience": 10
    },
    "runtime_info": {
        "total_training_time": 609.1810929775238,
        "avg_epoch_time": 7.0020815284772855,
        "timestamp": "2025-04-13 16:53:46"
    }
}