{
    "model_name": "Adam_GELU_standard",
    "features": [
        "GELU",
        "Adam"
    ],
    "epochs": 60,
    "best_epoch": 50,
    "best_val_acc": 0.561,
    "training_time": 221.2910509109497,
    "train_losses": [
        2.49028696396758,
        2.0410849368419717,
        1.884055950446638,
        1.7900727101236995,
        1.721201820507587,
        1.6668898878821843,
        1.6121101325817864,
        1.5794941102727014,
        1.5411798718527827,
        1.5136434900563271,
        1.480475105007404,
        1.4584778396200295,
        1.4377732122887417,
        1.4202839520434936,
        1.4031239681024494,
        1.3856951750664728,
        1.3792630135783421,
        1.3585640629333957,
        1.3484854576051952,
        1.3353690986487137,
        1.3209951985618347,
        1.3217104024767283,
        1.3104038243348928,
        1.3046663892377728,
        1.293894152408622,
        1.2815722805934966,
        1.275984993887912,
        1.2730650873097036,
        1.2663779162715927,
        1.2603448640583026,
        1.2503820331498985,
        1.24767416714871,
        1.2513738585138987,
        1.242499249702689,
        1.236185255297881,
        1.2405479152570453,
        1.2275271010168531,
        1.2246833864201254,
        1.2253027793427995,
        1.2199640829572465,
        1.219396181717059,
        1.2171670975735505,
        1.2161036681018358,
        1.208863762753108,
        1.206278652390282,
        1.1991517466664448,
        1.2045415823109809,
        1.1995024626634165,
        1.1924206170934548,
        1.1955271295351537,
        1.1930415718273428,
        1.1967137828389476,
        1.194871230625379,
        1.1867231186290692,
        1.1879552399026085,
        1.183288061280363,
        1.1823847140941903,
        1.1868697384142444,
        1.1844475759267385,
        1.1791366526419327
    ],
    "val_losses": [
        2.129228907944226,
        1.839468029794405,
        1.7238786640417223,
        1.6579690634473798,
        1.6014185009179023,
        1.5566946536435422,
        1.5131392978012912,
        1.473283832494519,
        1.4427136095146427,
        1.427644528850798,
        1.4007740273123614,
        1.378979928409376,
        1.3633417389974472,
        1.3500055704959353,
        1.340633018323152,
        1.3274314437047345,
        1.3224646819969073,
        1.3130437946370304,
        1.3097375319753541,
        1.2983144118971492,
        1.2930411415944163,
        1.2939101331114233,
        1.2851205364640972,
        1.2838045603962909,
        1.2796285523081625,
        1.2750506766574934,
        1.2726076251653917,
        1.2704900323833237,
        1.2664128554947784,
        1.2657892408747198,
        1.2678031883417924,
        1.2613385177350134,
        1.2634249805761817,
        1.2614001922071896,
        1.256453719093489,
        1.2618980771471724,
        1.26165581979232,
        1.2612090035305512,
        1.25677857446269,
        1.2542768586579343,
        1.256611502796835,
        1.2584553724617586,
        1.2529501877790492,
        1.2575472762412796,
        1.2525339601871803,
        1.2555247413841888,
        1.255682532594988,
        1.2534195214511172,
        1.253867620174441,
        1.2489674191192968,
        1.250787421907522,
        1.2510090550296464,
        1.251223882052171,
        1.249514352715973,
        1.2541571575768653,
        1.2505833865459706,
        1.2503062107043628,
        1.2516957428138895,
        1.2518112164556257,
        1.2507266897125844
    ],
    "val_accs": [
        0.2488,
        0.357,
        0.3953,
        0.4176,
        0.4377,
        0.4509,
        0.4614,
        0.4791,
        0.4877,
        0.4905,
        0.5038,
        0.5087,
        0.5147,
        0.5188,
        0.5253,
        0.5297,
        0.5286,
        0.5361,
        0.5342,
        0.5396,
        0.5368,
        0.5394,
        0.5434,
        0.5425,
        0.5417,
        0.545,
        0.5442,
        0.547,
        0.5494,
        0.5517,
        0.551,
        0.5516,
        0.5529,
        0.5526,
        0.5557,
        0.5522,
        0.5536,
        0.5529,
        0.5544,
        0.5565,
        0.5549,
        0.5548,
        0.5564,
        0.553,
        0.5519,
        0.5547,
        0.5546,
        0.5541,
        0.5561,
        0.561,
        0.5564,
        0.5547,
        0.5565,
        0.557,
        0.5557,
        0.5532,
        0.5574,
        0.5583,
        0.5545,
        0.5573
    ],
    "hyperparameters": {
        "batch_size": 32,
        "learning_rate": 0.0005,
        "momentum": 0.9,
        "weight_decay": 0.0001,
        "optimizer": "adam",
        "early_stopping": true,
        "patience": 10
    },
    "runtime_info": {
        "total_training_time": 221.2910509109497,
        "avg_epoch_time": 3.6881841818491616,
        "timestamp": "2025-04-13 00:13:39"
    }
}