{
    "model_name": "Adam_GELU_standard",
    "features": [
        "GELU",
        "Adam"
    ],
    "accuracy": 0.4649,
    "precision": 0.45632749260574174,
    "recall": 0.4649,
    "f1_score": 0.45291144481616913,
    "loss": 1.481764483889535,
    "inference_time": 0.04973196983337402,
    "timestamp": "2025-04-13 00:48:44"
}