{
    "model_name": "Adam_GELU_standard",
    "features": [
        "GELU",
        "Adam"
    ],
    "epochs": 64,
    "best_epoch": 54,
    "best_val_acc": 0.4726,
    "training_time": 51.31909465789795,
    "train_losses": [
        2.949696120755988,
        2.4038970781760938,
        2.330788369770817,
        2.303440513026255,
        2.27725156184893,
        2.2375755449471444,
        2.1771689665443934,
        2.1115298146632187,
        2.056796027023089,
        2.012248190698668,
        1.9677367182132857,
        1.9437800980114495,
        1.9126446149467566,
        1.8924747112674078,
        1.8693344860925016,
        1.8465557149742446,
        1.8326405211273629,
        1.8180644355351667,
        1.7989026854008934,
        1.7855747448428676,
        1.7798283327550717,
        1.770272134250289,
        1.7573934726973237,
        1.7542688969542422,
        1.7430667200271053,
        1.7385668616793155,
        1.7288064247411472,
        1.7190911013496242,
        1.7184271798152155,
        1.707816030578182,
        1.703285772011955,
        1.699222740055752,
        1.697263308970339,
        1.6915381988170346,
        1.6838349331435594,
        1.6761950413483073,
        1.683307498196752,
        1.6774640403087548,
        1.6774084387332158,
        1.6684509774754426,
        1.6628795714605349,
        1.6628941931220882,
        1.6600030271607158,
        1.65553783369943,
        1.6510690434397095,
        1.654900104321557,
        1.6508057622499188,
        1.6485886898712567,
        1.6430022513506775,
        1.6418648383293497,
        1.6356698237121132,
        1.6358488315490187,
        1.636934422241821,
        1.636410911513585,
        1.6394509372666517,
        1.6344793953417314,
        1.628887276187705,
        1.6274328821061093,
        1.6295927859058632,
        1.6279716720994646,
        1.623127577749671,
        1.6205998152028485,
        1.615713500460286,
        1.6216468925888867
    ],
    "val_losses": [
        2.312220699587432,
        2.3062120900803684,
        2.3022540271922183,
        2.2860909750907417,
        2.2466050220428393,
        2.175342602955732,
        2.062018529160784,
        1.9728184068393326,
        1.909937905446842,
        1.8589360497870873,
        1.8177587725023543,
        1.7889615030576351,
        1.7586659003902845,
        1.7373193435803929,
        1.7175766193432247,
        1.7008085691848678,
        1.6815501644096316,
        1.6674395838547644,
        1.653373302257192,
        1.640954166794605,
        1.6313441458148188,
        1.62252205214922,
        1.612492966967854,
        1.605129595255859,
        1.5953855039509872,
        1.589726524357176,
        1.5828441854125885,
        1.577115876643293,
        1.5731208386813103,
        1.566329309289182,
        1.561643904971751,
        1.5574215541215257,
        1.5554850061202397,
        1.5521118645950922,
        1.5443929520930222,
        1.5401976610720114,
        1.5398230684940026,
        1.535791028856475,
        1.532656803464037,
        1.5303631240198385,
        1.5271915700872682,
        1.5248020931743465,
        1.521577208255753,
        1.5182393743970053,
        1.5168270464527602,
        1.5147798234426224,
        1.5145786243967072,
        1.5094001291915682,
        1.5067401269924363,
        1.5033089672060338,
        1.5006415754200857,
        1.5009338913756085,
        1.500250931147703,
        1.4973040527780788,
        1.49684874590085,
        1.496194814656402,
        1.4942041956948962,
        1.4911199215631596,
        1.490358493436294,
        1.4893322807913523,
        1.486417025196681,
        1.4886284515215311,
        1.484068233743391,
        1.4854303018051858
    ],
    "val_accs": [
        0.1176,
        0.1091,
        0.105,
        0.1223,
        0.1693,
        0.2245,
        0.2692,
        0.2934,
        0.3172,
        0.3307,
        0.3531,
        0.3645,
        0.3804,
        0.3844,
        0.3906,
        0.3979,
        0.4063,
        0.4075,
        0.4162,
        0.4183,
        0.4216,
        0.4254,
        0.4253,
        0.4281,
        0.4308,
        0.4326,
        0.4388,
        0.4391,
        0.4403,
        0.4414,
        0.4426,
        0.4435,
        0.4445,
        0.4457,
        0.4485,
        0.4519,
        0.4518,
        0.449,
        0.4519,
        0.4522,
        0.4546,
        0.4571,
        0.4573,
        0.4575,
        0.4569,
        0.4598,
        0.4617,
        0.4639,
        0.4652,
        0.4669,
        0.466,
        0.4677,
        0.4701,
        0.4726,
        0.4673,
        0.47,
        0.4703,
        0.4704,
        0.4712,
        0.4718,
        0.4693,
        0.4704,
        0.471,
        0.4726
    ],
    "hyperparameters": {
        "batch_size": 128,
        "learning_rate": 0.0005,
        "momentum": 0.9,
        "weight_decay": 0.0001,
        "optimizer": "adam",
        "early_stopping": true,
        "patience": 10
    },
    "runtime_info": {
        "total_training_time": 51.31909465789795,
        "avg_epoch_time": 0.8018608540296555,
        "timestamp": "2025-04-13 00:48:44"
    }
}