{
    "model_name": "Adam_GELU_standard",
    "features": [
        "GELU",
        "Adam"
    ],
    "epochs": 27,
    "best_epoch": 17,
    "best_val_acc": 0.5225,
    "training_time": 63.66884779930115,
    "train_losses": [
        2.1922339803313484,
        1.7525166301218804,
        1.6001181374162992,
        1.5003583579737474,
        1.4165802098415214,
        1.349730470761741,
        1.2918645308532168,
        1.2437072679029433,
        1.2008695415014814,
        1.1630533501651408,
        1.126160133093855,
        1.0986136429023952,
        1.0694565524802406,
        1.0432532760565034,
        1.0209357373602599,
        0.9930588505354045,
        0.9751272145597547,
        0.9556937620542787,
        0.9326615765627123,
        0.9164903959993266,
        0.9043838295533876,
        0.8812129519580271,
        0.867283049984413,
        0.8552077301016231,
        0.8448794640168801,
        0.8290602324103812,
        0.8146202165054229
    ],
    "val_losses": [
        1.8323498298784373,
        1.6680346139109057,
        1.5834715983608723,
        1.5244369491136025,
        1.484334958072284,
        1.4441787081998347,
        1.4230948624694728,
        1.4090089722027621,
        1.395367887947832,
        1.3898398599359996,
        1.3876549947351713,
        1.383155688278842,
        1.384443901459235,
        1.3870797341426324,
        1.3929118499948756,
        1.3972360660204994,
        1.402208691264229,
        1.4047537907648127,
        1.4189900656740528,
        1.4142190027245611,
        1.4236097982013534,
        1.4270212987077218,
        1.440892884040193,
        1.4421332448635455,
        1.4454807205862397,
        1.4579244174865726,
        1.4685636167582514
    ],
    "val_accs": [
        0.3547,
        0.4157,
        0.4462,
        0.4661,
        0.4809,
        0.493,
        0.4999,
        0.5054,
        0.5139,
        0.5135,
        0.5192,
        0.5187,
        0.5184,
        0.5212,
        0.518,
        0.5174,
        0.5225,
        0.519,
        0.5154,
        0.5206,
        0.521,
        0.5157,
        0.5169,
        0.5203,
        0.5186,
        0.5146,
        0.5179
    ],
    "hyperparameters": {
        "batch_size": 128,
        "learning_rate": 0.0005,
        "momentum": 0.9,
        "weight_decay": 0.0001,
        "optimizer": "adam",
        "early_stopping": true,
        "patience": 10
    },
    "runtime_info": {
        "total_training_time": 63.66884779930115,
        "avg_epoch_time": 2.3581054740481906,
        "timestamp": "2025-04-13 06:50:43"
    }
}