{
    "model_name": "Adam_GELU_standard",
    "features": [
        "GELU",
        "Adam"
    ],
    "accuracy": 0.513,
    "precision": 0.508576602475991,
    "recall": 0.513,
    "f1_score": 0.5086233750995418,
    "loss": 1.3865499971759945,
    "inference_time": 0.1383819580078125,
    "timestamp": "2025-04-13 06:50:43"
}