{
    "model_name": "lr0.0001_drop0.3_wd0.0001_h256_128",
    "features": [
        "GELU",
        "Adam"
    ],
    "epochs": 100,
    "best_epoch": 99,
    "best_val_acc": 0.5372,
    "training_time": 292.4229328632355,
    "train_losses": [
        2.9025157204425094,
        2.464098554848903,
        2.315847402147887,
        2.2263845663725186,
        2.152746361805731,
        2.0753402833438876,
        2.008715451032402,
        1.9489347275395008,
        1.9039115001758016,
        1.8707607563325763,
        1.838890876432287,
        1.802707148504644,
        1.7845869777815546,
        1.7597531041407861,
        1.7402483535350406,
        1.7211544350612054,
        1.6950302195893583,
        1.6852618888979358,
        1.6701734149661076,
        1.6535483577453485,
        1.6369731488168147,
        1.6273953320278494,
        1.6090898963343994,
        1.6044871345735559,
        1.5884136889365552,
        1.5778400159126185,
        1.5660779703543455,
        1.5595189111116845,
        1.5499783417313389,
        1.5397625681188534,
        1.5266536917391746,
        1.5171825376069665,
        1.5077891797690464,
        1.502544234925083,
        1.4976113295471023,
        1.4804691253595093,
        1.4723978941307636,
        1.466981496911122,
        1.4577567826954823,
        1.4541707791504175,
        1.4478465418086437,
        1.4353181414522043,
        1.4286686009988157,
        1.4268485542452432,
        1.4112746742486648,
        1.4152987295401307,
        1.4084865932005872,
        1.3991942734324991,
        1.392941987055353,
        1.3898723726167785,
        1.3859160678534526,
        1.3743918820540262,
        1.37060405923293,
        1.3674795425078223,
        1.3609359538851584,
        1.3564709753295459,
        1.3491476053972222,
        1.3481051612280277,
        1.3405531950342415,
        1.3398066159390807,
        1.3316414515358492,
        1.3279565875690547,
        1.323346872747606,
        1.3176427906797772,
        1.310783350877847,
        1.312240272293498,
        1.305248599920278,
        1.2972398780959458,
        1.2932589667822203,
        1.2896620602092874,
        1.2865533386297436,
        1.2834547742313167,
        1.2758297322077825,
        1.2744457026215772,
        1.2736520727201626,
        1.2684974272483018,
        1.2683503078323177,
        1.2568702959495344,
        1.259397715363379,
        1.2525726916757873,
        1.2526542266882745,
        1.2418085817229256,
        1.2415898960557825,
        1.241113477724981,
        1.2389617027290467,
        1.235425553730459,
        1.2342757694225015,
        1.2233761061547554,
        1.2214040666353871,
        1.2191161844675145,
        1.2151477086988134,
        1.2124587474546988,
        1.2088249591441411,
        1.2091804221335083,
        1.2068203451599315,
        1.2010347735093851,
        1.193340818057227,
        1.1946301898584817,
        1.197780267422309,
        1.1932538550778682
    ],
    "val_losses": [
        2.333635144084404,
        2.2276610650401953,
        2.1745575640710095,
        2.112885475294266,
        2.040896810523714,
        1.9623832919031248,
        1.8933362331396937,
        1.8394063207102478,
        1.8003538520526108,
        1.7653683354209817,
        1.7409691544438426,
        1.7164680984055096,
        1.6968098753525658,
        1.6788907122033485,
        1.6634079059448137,
        1.6474618639776268,
        1.63429469795753,
        1.6207598494782105,
        1.6102337668686981,
        1.5988206835844798,
        1.588078410414974,
        1.576882417733179,
        1.5665072820462986,
        1.5580486781589862,
        1.5492847515908936,
        1.5406640532194797,
        1.5343657700826514,
        1.52563662373363,
        1.518159983185455,
        1.5122267786870773,
        1.5032871320317782,
        1.4955955286911826,
        1.4885037918067,
        1.4833326811554148,
        1.4773528016407087,
        1.4699550726888015,
        1.462340911516713,
        1.458277344337242,
        1.4518631418326875,
        1.4463098152433362,
        1.4427494741803946,
        1.438741302435939,
        1.4350471559674947,
        1.4295803418996818,
        1.424287813148615,
        1.418824790893805,
        1.415721324204118,
        1.412069633654076,
        1.4073735998239207,
        1.4036517991825774,
        1.399889321103557,
        1.3968977968335285,
        1.3916921791843933,
        1.3908122195784522,
        1.3868312864011227,
        1.382078900256387,
        1.3802245140434115,
        1.377709507238019,
        1.374805586558629,
        1.3712015576797851,
        1.3691086886865051,
        1.3658133683602587,
        1.3629894139003476,
        1.362045841092718,
        1.359751484369611,
        1.3568048066737046,
        1.3538616719294128,
        1.3511527257966325,
        1.348554172620628,
        1.347064899318849,
        1.345168275659451,
        1.3429113466236384,
        1.3407115213716634,
        1.338550976020223,
        1.3351818555784747,
        1.33437585050538,
        1.3332130918688074,
        1.3305026496347356,
        1.3303868405817827,
        1.3287973431446676,
        1.3262649143776621,
        1.324883034789902,
        1.3227929444176918,
        1.321938427926363,
        1.3194688707281512,
        1.3182264173076783,
        1.316079110151656,
        1.3142510156951146,
        1.3144776288585702,
        1.3129290653853847,
        1.3113129771696692,
        1.3098187351804766,
        1.3090044561224283,
        1.3076904848384756,
        1.3061097943271487,
        1.3054531157736002,
        1.3035970772887364,
        1.3026479932333592,
        1.3012074039368207,
        1.3000961640628583
    ],
    "val_accs": [
        0.1489,
        0.1827,
        0.215,
        0.2531,
        0.2848,
        0.3116,
        0.3349,
        0.355,
        0.3673,
        0.3795,
        0.3885,
        0.3968,
        0.4046,
        0.4129,
        0.4147,
        0.4196,
        0.4247,
        0.4294,
        0.434,
        0.4366,
        0.4379,
        0.4421,
        0.4462,
        0.4482,
        0.4516,
        0.4521,
        0.4554,
        0.4568,
        0.4603,
        0.4618,
        0.4655,
        0.4677,
        0.4705,
        0.4713,
        0.4743,
        0.4772,
        0.479,
        0.4824,
        0.4842,
        0.4864,
        0.489,
        0.4884,
        0.4922,
        0.492,
        0.4949,
        0.4976,
        0.4985,
        0.4998,
        0.5017,
        0.5014,
        0.5045,
        0.5044,
        0.5047,
        0.5074,
        0.5086,
        0.5104,
        0.5117,
        0.5105,
        0.512,
        0.5123,
        0.513,
        0.5136,
        0.5156,
        0.5161,
        0.5164,
        0.5186,
        0.5204,
        0.5205,
        0.5218,
        0.5214,
        0.5212,
        0.5206,
        0.5228,
        0.5233,
        0.5236,
        0.5256,
        0.5259,
        0.5264,
        0.5271,
        0.5277,
        0.5273,
        0.5279,
        0.5286,
        0.5294,
        0.5308,
        0.5294,
        0.5304,
        0.5311,
        0.5304,
        0.5312,
        0.5308,
        0.533,
        0.5336,
        0.5336,
        0.5342,
        0.5343,
        0.5371,
        0.5364,
        0.5372,
        0.5371
    ],
    "hyperparameters": {
        "batch_size": 128,
        "learning_rate": 0.0001,
        "momentum": 0.9,
        "weight_decay": 0.0001,
        "optimizer": "adam",
        "early_stopping": true,
        "patience": 10
    },
    "runtime_info": {
        "total_training_time": 292.4229328632355,
        "avg_epoch_time": 2.9242293286323546,
        "timestamp": "2025-04-16 14:55:18"
    }
}