{
    "model_name": "Adam_GELU_standard",
    "features": [
        "GELU",
        "Adam"
    ],
    "epochs": 83,
    "best_epoch": 73,
    "best_val_acc": 0.5629,
    "training_time": 204.88333106040955,
    "train_losses": [
        2.7766807953061,
        2.263887502179164,
        2.1083770391175376,
        1.9883781277611114,
        1.9077459717614769,
        1.8479904545489076,
        1.8050902527058712,
        1.762766604554737,
        1.728040438709673,
        1.699076103399845,
        1.667275595386082,
        1.6397001781820708,
        1.6131506268635911,
        1.590567134488806,
        1.5662057588955653,
        1.5501386540559698,
        1.5255058646551405,
        1.5103588556048932,
        1.4969016322741748,
        1.4759414639695667,
        1.4635984405997453,
        1.453497714124964,
        1.4322621837740517,
        1.4258304832163589,
        1.4182026139800994,
        1.4086311239617393,
        1.39038880577991,
        1.3801720894003138,
        1.3684051765738197,
        1.3593441706790765,
        1.3599212279951298,
        1.3501444788814727,
        1.3439064137398988,
        1.3277297753941726,
        1.325062916081437,
        1.3227737197804113,
        1.3151128168852781,
        1.3044761546365848,
        1.298291399859984,
        1.293764026306161,
        1.2864654190785705,
        1.2836735847489014,
        1.2744960349272005,
        1.2713155610658646,
        1.264832637649526,
        1.2694803688828145,
        1.2598708727532315,
        1.2575077905100767,
        1.2534930907914623,
        1.2470142293198199,
        1.2391867026979344,
        1.2368972230039543,
        1.2324447700426113,
        1.2328505658315665,
        1.2229527213142146,
        1.225169623261198,
        1.2253791628147295,
        1.2167844695887917,
        1.2141439904002749,
        1.206984763085538,
        1.2144622634605595,
        1.2052793849937802,
        1.2032493401527833,
        1.19917701062706,
        1.2049589507258822,
        1.194867419245229,
        1.2005046433883306,
        1.1880973063136073,
        1.190159068209854,
        1.1853001227726425,
        1.1938790563757762,
        1.1853893388255783,
        1.1711417198196015,
        1.1738222686058108,
        1.1749341028109157,
        1.1756675525548306,
        1.1742345052068373,
        1.1739906089587149,
        1.1724450275327845,
        1.1706230389481156,
        1.1650331864090273,
        1.1591076708713195,
        1.1648517894507366
    ],
    "val_losses": [
        2.2618763623010136,
        2.153003183728899,
        1.9578908620386963,
        1.8593531359585267,
        1.7796129704285781,
        1.729973611243094,
        1.6893322364984769,
        1.6609654655662904,
        1.6269883368335352,
        1.6009471389978371,
        1.5671504135695702,
        1.5434594569164533,
        1.5210477094267858,
        1.5030430065821396,
        1.4792735759667448,
        1.4668080214617034,
        1.445126014188653,
        1.4357737355186506,
        1.419828467305546,
        1.4089489667683444,
        1.3935035486364822,
        1.382331868714834,
        1.3716483099317618,
        1.3618510849338825,
        1.3543835519909542,
        1.3467598936219265,
        1.338561347576367,
        1.3315593120177354,
        1.3256856885263588,
        1.3151277445087304,
        1.311776119606041,
        1.3049605542492078,
        1.3022321657322298,
        1.2975723285805048,
        1.2917192007057252,
        1.288238094947123,
        1.283407595860368,
        1.279074179179977,
        1.276711736904004,
        1.272210705688742,
        1.2699472572322792,
        1.2655638147998634,
        1.2634595463178095,
        1.260542509580125,
        1.2578068358528596,
        1.258064633537592,
        1.2557019513981427,
        1.2543223019628,
        1.2505673780327127,
        1.247539576704514,
        1.2460889696508533,
        1.2463300643931299,
        1.245545182217268,
        1.243591588962742,
        1.2390898927517748,
        1.2393202752163035,
        1.2410446823699761,
        1.2371861662800177,
        1.2368960952166224,
        1.2362619069462193,
        1.2365840233492396,
        1.2361756982218255,
        1.233721361339992,
        1.233081170594829,
        1.232837811673167,
        1.2316699859802023,
        1.232584272620383,
        1.2301487721454483,
        1.2314681253773898,
        1.230801303792133,
        1.23146983385398,
        1.2308572764630512,
        1.2286265103927785,
        1.2318263463114427,
        1.2311969391345865,
        1.231093915906163,
        1.2315738153363909,
        1.2310377699994703,
        1.230407353440212,
        1.2280886451634805,
        1.229401581360715,
        1.229442748512344,
        1.2291443548233363
    ],
    "val_accs": [
        0.1475,
        0.2313,
        0.3016,
        0.3431,
        0.3738,
        0.3981,
        0.4052,
        0.4214,
        0.4265,
        0.4384,
        0.4452,
        0.452,
        0.4556,
        0.4661,
        0.4735,
        0.474,
        0.484,
        0.4857,
        0.4943,
        0.4948,
        0.5022,
        0.5058,
        0.5098,
        0.5123,
        0.5184,
        0.5199,
        0.5253,
        0.5248,
        0.5249,
        0.53,
        0.5316,
        0.5342,
        0.5297,
        0.5316,
        0.5379,
        0.5371,
        0.5379,
        0.5399,
        0.5434,
        0.5422,
        0.5446,
        0.5486,
        0.5517,
        0.553,
        0.5499,
        0.5473,
        0.5499,
        0.5506,
        0.5508,
        0.556,
        0.5524,
        0.5542,
        0.5522,
        0.5514,
        0.5538,
        0.5545,
        0.5559,
        0.5562,
        0.5598,
        0.5583,
        0.5565,
        0.5549,
        0.5562,
        0.5565,
        0.5564,
        0.5574,
        0.557,
        0.5626,
        0.5593,
        0.56,
        0.5613,
        0.5615,
        0.5629,
        0.5616,
        0.5588,
        0.5569,
        0.5579,
        0.5604,
        0.5619,
        0.5607,
        0.5611,
        0.5621,
        0.5604
    ],
    "hyperparameters": {
        "batch_size": 128,
        "learning_rate": 0.0005,
        "momentum": 0.9,
        "weight_decay": 0.001,
        "optimizer": "adam",
        "early_stopping": true,
        "patience": 10
    },
    "runtime_info": {
        "total_training_time": 204.88333106040955,
        "avg_epoch_time": 2.468473868197705,
        "timestamp": "2025-04-13 16:08:41"
    }
}