{
    "model_name": "Adam_GELU_standard",
    "features": [
        "GELU",
        "Adam"
    ],
    "epochs": 50,
    "best_epoch": 40,
    "best_val_acc": 0.5737,
    "training_time": 590.2608590126038,
    "train_losses": [
        2.3140618299539915,
        1.872942084245655,
        1.737105344469493,
        1.6575692493002654,
        1.5867222213255854,
        1.5325230026887076,
        1.4852765089434925,
        1.4515577891218487,
        1.411938095046182,
        1.3862841054210258,
        1.3522270498329665,
        1.3354360846531061,
        1.3093380885435182,
        1.290553905193852,
        1.2693689543305988,
        1.2556163364714266,
        1.2348460387488098,
        1.2214785236532062,
        1.204164467676028,
        1.198127392578735,
        1.1787883567011128,
        1.170399502380624,
        1.152457426966027,
        1.1481625928053576,
        1.135305240093408,
        1.1250472423068982,
        1.1216851416706923,
        1.1105696353689456,
        1.1064364359865788,
        1.0967906588682386,
        1.0874064686971423,
        1.0805744225741356,
        1.0700676951889478,
        1.0689859494162206,
        1.0598087615210041,
        1.0568694966196135,
        1.0482048067403844,
        1.046572906810977,
        1.0326307667190915,
        1.0290958456490706,
        1.0238148020506184,
        1.0225989012804926,
        1.0189500091734893,
        1.006944566709688,
        1.005291877883086,
        1.0017780958873235,
        1.001062849894002,
        0.9977131498710642,
        0.9891148413178162,
        0.9813191726910292
    ],
    "val_losses": [
        1.8703150808009013,
        1.7119775115554585,
        1.608839764973537,
        1.5454544412873181,
        1.4877595001594346,
        1.4420175999647533,
        1.4063302828635733,
        1.3850906821529627,
        1.362180498585787,
        1.341414592123596,
        1.3283565157449935,
        1.3153758640300037,
        1.2963485318563064,
        1.2937865186435953,
        1.2778154181420702,
        1.2731381432636488,
        1.2653126168643918,
        1.2639745935474196,
        1.2586338541527893,
        1.2536051614589467,
        1.24463573496593,
        1.2431165598646718,
        1.235427754513814,
        1.2411724393175139,
        1.23315972222406,
        1.2300000594494664,
        1.2328642848135498,
        1.2306632317547477,
        1.2249861095617223,
        1.227805409378473,
        1.223974355845756,
        1.2233359870460332,
        1.2223507503937925,
        1.2174810954862814,
        1.2222765580478285,
        1.2208543200188677,
        1.2133240208577027,
        1.2173047447504919,
        1.2217027303691523,
        1.2183218665628486,
        1.2169323583859122,
        1.2144701686095802,
        1.2146288367700695,
        1.2157521318713747,
        1.2151895923450553,
        1.2168477575798946,
        1.21050707524232,
        1.2141995832536243,
        1.214302703190295,
        1.220171152806846
    ],
    "val_accs": [
        0.3422,
        0.404,
        0.4391,
        0.4591,
        0.4785,
        0.4882,
        0.5052,
        0.5136,
        0.5178,
        0.5268,
        0.5319,
        0.5364,
        0.5409,
        0.5421,
        0.5474,
        0.5526,
        0.5482,
        0.5496,
        0.5516,
        0.5558,
        0.5609,
        0.5623,
        0.5607,
        0.5597,
        0.5629,
        0.5672,
        0.5623,
        0.5661,
        0.5662,
        0.5643,
        0.5678,
        0.5669,
        0.5675,
        0.5681,
        0.5691,
        0.5664,
        0.5708,
        0.5713,
        0.57,
        0.5737,
        0.5733,
        0.5705,
        0.5707,
        0.5727,
        0.568,
        0.5703,
        0.5732,
        0.5719,
        0.572,
        0.57
    ],
    "hyperparameters": {
        "batch_size": 32,
        "learning_rate": 0.0005,
        "momentum": 0.9,
        "weight_decay": 0.0001,
        "optimizer": "adam",
        "early_stopping": true,
        "patience": 10
    },
    "runtime_info": {
        "total_training_time": 590.2608590126038,
        "avg_epoch_time": 11.805217180252075,
        "timestamp": "2025-04-16 13:26:05"
    }
}