{
    "model_name": "Adam_GELU_standard",
    "features": [
        "GELU",
        "Adam"
    ],
    "epochs": 67,
    "best_epoch": 57,
    "best_val_acc": 0.5611,
    "training_time": 160.56725096702576,
    "train_losses": [
        2.7411762753095936,
        2.2533430624284425,
        2.1027145674036647,
        1.9867073435611429,
        1.8962363204421109,
        1.8372796960409987,
        1.7913870848560547,
        1.751912525661196,
        1.7139924056143252,
        1.6846848801862269,
        1.652723424300429,
        1.625820627147293,
        1.6032318137388768,
        1.5805585168749656,
        1.559369078437738,
        1.5353797631671604,
        1.5241129613755953,
        1.5075285855350926,
        1.4878346377735054,
        1.4720127984131153,
        1.451615047825615,
        1.4437219114878328,
        1.4344890970683646,
        1.419604525198867,
        1.4035868180181694,
        1.400554155768746,
        1.3844604185659277,
        1.3757620496778424,
        1.3712580831815118,
        1.3601009249903349,
        1.3485623320995188,
        1.3459277232760911,
        1.3270433744908436,
        1.3273483438608966,
        1.3186806451003268,
        1.3134929414264314,
        1.3090624689993795,
        1.30349680383851,
        1.2951851877423424,
        1.286735423190228,
        1.286382569556752,
        1.2745101088716502,
        1.2739483511120544,
        1.2667873356160353,
        1.268647165880802,
        1.2626529358710223,
        1.2593926898795542,
        1.254927701572152,
        1.2517261255164749,
        1.244524810198494,
        1.2420462063854663,
        1.2390655449523644,
        1.2355477786143836,
        1.235173633617693,
        1.2264233474847315,
        1.2232365082105592,
        1.223942973997805,
        1.2219381518340935,
        1.2085372218160726,
        1.214743313073695,
        1.2052886787833808,
        1.20956811279043,
        1.2020152372099906,
        1.1982163433890534,
        1.2060287881947365,
        1.195080613701127,
        1.1978435912982448
    ],
    "val_losses": [
        2.2651386151270367,
        2.139109204028583,
        1.9445153581775343,
        1.8399002316535225,
        1.7546799104246242,
        1.7012757463373303,
        1.6666063671368043,
        1.6351691132006536,
        1.6082018812956742,
        1.5793986266868452,
        1.549154141903887,
        1.525501565724458,
        1.5049248788713776,
        1.4862673198959995,
        1.4660699358667477,
        1.446432805654849,
        1.4338461961526234,
        1.42156554025199,
        1.4068664752078126,
        1.3936136393589345,
        1.3828882469570054,
        1.3700652983337482,
        1.3625948992840935,
        1.3532598737691828,
        1.342658427019765,
        1.3343122466061577,
        1.3273285930098937,
        1.3211293667737487,
        1.3144725639906043,
        1.308707156466263,
        1.303597082745496,
        1.295358618582716,
        1.2894881651204433,
        1.2869028452319604,
        1.2843833575928674,
        1.2801476934084586,
        1.2750830555095716,
        1.2706878529203227,
        1.2670842688820307,
        1.260853650441385,
        1.2636500856010213,
        1.258627982827691,
        1.2582525700431288,
        1.2567586678293312,
        1.2548169843259869,
        1.2527002286399416,
        1.252464579188838,
        1.2491711506546703,
        1.2474804005818994,
        1.246680750203457,
        1.244422801923658,
        1.2462602580294853,
        1.2419005563147087,
        1.240786803463145,
        1.2392976117149244,
        1.2384205957870984,
        1.2375917248654678,
        1.237156761367073,
        1.2404691274349886,
        1.2377250176186807,
        1.2379041742193284,
        1.237290671294695,
        1.2363208656787439,
        1.2393080039402269,
        1.2348690675309262,
        1.2337180805929058,
        1.2333460608902078
    ],
    "val_accs": [
        0.15,
        0.2314,
        0.3033,
        0.3471,
        0.3721,
        0.3981,
        0.409,
        0.4185,
        0.4278,
        0.4374,
        0.4472,
        0.4546,
        0.4631,
        0.471,
        0.4768,
        0.4869,
        0.4927,
        0.4972,
        0.4997,
        0.5045,
        0.5072,
        0.5131,
        0.5176,
        0.5185,
        0.5255,
        0.5265,
        0.5336,
        0.5333,
        0.5341,
        0.5377,
        0.5397,
        0.542,
        0.5445,
        0.5449,
        0.5469,
        0.5482,
        0.5499,
        0.5496,
        0.5483,
        0.5503,
        0.5512,
        0.5518,
        0.5538,
        0.5551,
        0.5534,
        0.5564,
        0.5564,
        0.558,
        0.5591,
        0.5578,
        0.5575,
        0.5537,
        0.5577,
        0.5582,
        0.5581,
        0.5598,
        0.5611,
        0.5597,
        0.5574,
        0.5571,
        0.5596,
        0.5579,
        0.559,
        0.5579,
        0.561,
        0.559,
        0.5573
    ],
    "hyperparameters": {
        "batch_size": 128,
        "learning_rate": 0.0005,
        "momentum": 0.9,
        "weight_decay": 1e-05,
        "optimizer": "adam",
        "early_stopping": true,
        "patience": 10
    },
    "runtime_info": {
        "total_training_time": 160.56725096702576,
        "avg_epoch_time": 2.3965261338362054,
        "timestamp": "2025-04-13 16:01:50"
    }
}