{
    "model_name": "Adam_BatchNorm_GELU_standard",
    "features": [
        "GELU",
        "Adam",
        "BatchNorm"
    ],
    "accuracy": 0.1388,
    "precision": 0.13440797897864407,
    "recall": 0.1388,
    "f1_score": 0.12521559084495718,
    "loss": 2.2508092378209126,
    "inference_time": 0.14834928512573242,
    "timestamp": "2025-04-12 19:25:26"
}