{
    "model_name": "Adam_BatchNorm_GELU_standard",
    "features": [
        "GELU",
        "Adam",
        "BatchNorm"
    ],
    "epochs": 11,
    "best_epoch": 1,
    "best_val_acc": 0.1363,
    "training_time": 28.46662926673889,
    "train_losses": [
        2.301665595331298,
        1.9246171154790428,
        1.8652094491213795,
        1.930868890391956,
        2.18824611840466,
        2.2670290332046044,
        2.268260659058359,
        2.2793567868485423,
        2.280522913073075,
        2.2825855655088065,
        2.279773610965458
    ],
    "val_losses": [
        2.2511790560675435,
        2.299055396653912,
        2.3095960425723825,
        2.314399393263238,
        2.3125546089873708,
        2.314428257588289,
        2.3151499209574635,
        2.31479043194231,
        2.3139243903787325,
        2.312934041955427,
        2.3134473427245883
    ],
    "val_accs": [
        0.1363,
        0.1057,
        0.102,
        0.0434,
        0.1,
        0.1014,
        0.1022,
        0.1022,
        0.1022,
        0.1022,
        0.1022
    ],
    "hyperparameters": {
        "batch_size": 128,
        "learning_rate": 0.001,
        "momentum": 0.9,
        "weight_decay": 1e-05,
        "optimizer": "adam",
        "early_stopping": true,
        "patience": 10
    },
    "runtime_info": {
        "total_training_time": 28.46662926673889,
        "avg_epoch_time": 2.587875387885354,
        "timestamp": "2025-04-12 19:25:26"
    }
}