{
    "model_name": "Adam_GELU_standard",
    "features": [
        "GELU",
        "Adam"
    ],
    "epochs": 102,
    "best_epoch": 92,
    "best_val_acc": 0.5645,
    "training_time": 235.0296859741211,
    "train_losses": [
        2.701019780235977,
        2.252557317981395,
        2.1114408963451523,
        1.9992813087033123,
        1.9078754055172695,
        1.8461392636327294,
        1.8015323008486461,
        1.7643926875292704,
        1.7226376355291475,
        1.6902937955606552,
        1.6658631687547005,
        1.6357784071975956,
        1.6109867215425013,
        1.5924094184973547,
        1.570807029614523,
        1.5536953340261326,
        1.533205686027735,
        1.5143438336647086,
        1.4968886080515837,
        1.482713669283443,
        1.4719392047569593,
        1.4632485165038116,
        1.444208119039421,
        1.429755469396925,
        1.4204721056526413,
        1.4132586815511736,
        1.3971934821975704,
        1.3871622182322076,
        1.375079036073785,
        1.3647057301866221,
        1.3608120637692933,
        1.3499605263083632,
        1.3388596081435122,
        1.338915422696105,
        1.3330947203928334,
        1.3170370644833564,
        1.3091740982286673,
        1.3103406709538434,
        1.3019608908904003,
        1.2977722364174953,
        1.2940016084803303,
        1.2889001286334965,
        1.2817266545136152,
        1.280702054873502,
        1.270226330337961,
        1.2679527409666778,
        1.2684815519337715,
        1.2524619345157777,
        1.2525145103760402,
        1.2483832365079455,
        1.2481112804104164,
        1.2458798867099357,
        1.237442911355113,
        1.2328586637418408,
        1.2305722455079364,
        1.2228740145386652,
        1.2213989220784773,
        1.218692926645693,
        1.2224580442938004,
        1.209320067783529,
        1.2080272258175908,
        1.2062267495090178,
        1.198362411971285,
        1.2056196171685198,
        1.198467300018709,
        1.1873967544477684,
        1.1911766813107678,
        1.1898116824172158,
        1.1886356319564095,
        1.186304005102706,
        1.1857680948675287,
        1.1868647349834487,
        1.178753870553874,
        1.1788614236614412,
        1.1789623870485118,
        1.1778174541279474,
        1.1730725623163292,
        1.1705898834803259,
        1.1721741606408826,
        1.1712705555471208,
        1.1638231688020513,
        1.1688153621126742,
        1.159497413372807,
        1.1641694703160108,
        1.1615069781100447,
        1.1536256022858586,
        1.1614375786618751,
        1.1533587150475775,
        1.1537428914336454,
        1.1482347225430685,
        1.1552385755999237,
        1.149862186621302,
        1.151611928710742,
        1.149867951198328,
        1.1480155930061453,
        1.1379908186185812,
        1.1415529587480333,
        1.1430086747295234,
        1.1411712302815482,
        1.1387785431659863,
        1.141449143946108,
        1.1355651652195464
    ],
    "val_losses": [
        2.260707763768562,
        2.141240217318554,
        1.9595085555164677,
        1.8550251385550087,
        1.7802340356081972,
        1.7244164677435478,
        1.685505907727784,
        1.650610846261679,
        1.6192151476043488,
        1.5922373502322664,
        1.567952067626856,
        1.5421429763461458,
        1.5264467614275565,
        1.5107584537326948,
        1.488903826345593,
        1.4705308911929766,
        1.454034567573238,
        1.4353115010289474,
        1.4292628198967399,
        1.4182601796972754,
        1.4042787346410568,
        1.393132878496391,
        1.3844057715718496,
        1.3755137893268046,
        1.3692641067637739,
        1.3576410903062064,
        1.3532936346123718,
        1.3422423957092033,
        1.3333259151879133,
        1.327879558182666,
        1.3211156811567604,
        1.3185909719948241,
        1.3102855584599886,
        1.306351907013699,
        1.3033028798102917,
        1.2993720245256093,
        1.2949489146296562,
        1.29334225607365,
        1.2888348745923879,
        1.2865996031133975,
        1.28421991112099,
        1.2791045301487063,
        1.2743998687116977,
        1.2722952874912816,
        1.2692913184371561,
        1.266579591863903,
        1.2653469889817852,
        1.2620007504822939,
        1.25932524172728,
        1.2585862530768195,
        1.256650087394257,
        1.255905528901208,
        1.2559433528839739,
        1.2533998880464772,
        1.2523717987048928,
        1.2497992952942305,
        1.2487490812815742,
        1.247406291369009,
        1.2478715742706215,
        1.245026942174299,
        1.243564486692175,
        1.2433418336228192,
        1.2430568311976744,
        1.2406413223737727,
        1.241515893765806,
        1.2413471383684425,
        1.2403479356572054,
        1.2427501001351042,
        1.2420623585159978,
        1.2430693044392203,
        1.2420640024001215,
        1.2406271850141786,
        1.2405340818189845,
        1.2388651289786816,
        1.2361663163400034,
        1.2393895778135564,
        1.2403849152553637,
        1.2383720767904445,
        1.241332736459596,
        1.2373492297733435,
        1.2375512619542783,
        1.2364508764651363,
        1.237324073488865,
        1.2377519918381756,
        1.2379276509255368,
        1.235692862842307,
        1.2367011890438888,
        1.2369634618791072,
        1.2343863815353149,
        1.2344006868041615,
        1.236553256194318,
        1.2353867980924251,
        1.2346151278014905,
        1.2360959598268657,
        1.2358704712040123,
        1.2352444582204976,
        1.2365534313032418,
        1.236962414939817,
        1.2364899834376286,
        1.2373213923988635,
        1.2355758501413765,
        1.236325724218626
    ],
    "val_accs": [
        0.1565,
        0.2238,
        0.2917,
        0.3369,
        0.3686,
        0.3923,
        0.4082,
        0.4188,
        0.4275,
        0.4362,
        0.4453,
        0.4551,
        0.4577,
        0.4612,
        0.4704,
        0.4743,
        0.4863,
        0.4922,
        0.4952,
        0.4965,
        0.5025,
        0.5062,
        0.5091,
        0.5118,
        0.5122,
        0.5133,
        0.52,
        0.5246,
        0.5243,
        0.5243,
        0.5295,
        0.5258,
        0.5334,
        0.5336,
        0.5376,
        0.5371,
        0.5387,
        0.537,
        0.5384,
        0.5412,
        0.5427,
        0.5453,
        0.5451,
        0.5451,
        0.5486,
        0.5475,
        0.5461,
        0.5484,
        0.5485,
        0.5502,
        0.5515,
        0.5509,
        0.5505,
        0.5512,
        0.5487,
        0.5498,
        0.5513,
        0.5495,
        0.553,
        0.5532,
        0.5532,
        0.556,
        0.5566,
        0.5582,
        0.5551,
        0.5573,
        0.5597,
        0.5592,
        0.5601,
        0.56,
        0.5588,
        0.5605,
        0.5554,
        0.5605,
        0.5597,
        0.5572,
        0.5562,
        0.5591,
        0.558,
        0.5602,
        0.5607,
        0.5623,
        0.56,
        0.5619,
        0.5627,
        0.561,
        0.5594,
        0.5603,
        0.5584,
        0.5623,
        0.5628,
        0.5645,
        0.5636,
        0.5618,
        0.5609,
        0.5604,
        0.5602,
        0.5589,
        0.559,
        0.5596,
        0.5613,
        0.5607
    ],
    "hyperparameters": {
        "batch_size": 128,
        "learning_rate": 0.0005,
        "momentum": 0.9,
        "weight_decay": 0.0001,
        "optimizer": "adam",
        "early_stopping": true,
        "patience": 10
    },
    "runtime_info": {
        "total_training_time": 235.0296859741211,
        "avg_epoch_time": 2.3042126075894225,
        "timestamp": "2025-04-13 17:31:43"
    }
}