{
    "model_name": "Adam_GELU_standard",
    "features": [
        "GELU",
        "Adam"
    ],
    "epochs": 100,
    "best_epoch": 100,
    "best_val_acc": 0.53,
    "training_time": 243.28286814689636,
    "train_losses": [
        3.7495069583807203,
        2.479255783985276,
        2.351897934974668,
        2.3122514766795157,
        2.2833505562346805,
        2.2465599601915778,
        2.1965400527063483,
        2.1404431726387245,
        2.0894161232231943,
        2.0468919026798624,
        2.00670166396802,
        1.980479317149451,
        1.9483870678215311,
        1.9210305315177445,
        1.894255141876966,
        1.869687542438781,
        1.8459785009953067,
        1.8323601151783737,
        1.8162852365156377,
        1.7950995524270814,
        1.7823847054983315,
        1.7578547621366234,
        1.746881640818307,
        1.7354588568538727,
        1.7208899406371678,
        1.7122045250273037,
        1.689503654217567,
        1.682228853790709,
        1.6775757554754562,
        1.6669604128814344,
        1.6586941084134688,
        1.6474557089967135,
        1.6375249068569886,
        1.6279061908050882,
        1.615938615655128,
        1.6149829238356583,
        1.6056786217785082,
        1.6009974026148936,
        1.5896940932103791,
        1.5888670508218607,
        1.5833595601161747,
        1.575234456653248,
        1.5714165621209006,
        1.563038516266658,
        1.5600615377933351,
        1.552674352729342,
        1.5451529098175565,
        1.5411819257209756,
        1.542741751960868,
        1.532681276650708,
        1.526199254891316,
        1.524762028844321,
        1.5259870541233809,
        1.5134192133758662,
        1.516257843865964,
        1.5107885703370207,
        1.5111863973394244,
        1.5099702314722898,
        1.5077873995497064,
        1.492255889741035,
        1.4975967949883313,
        1.499338078430036,
        1.4906117952026523,
        1.4894079078432159,
        1.4874795890199708,
        1.4902620252889893,
        1.4795942010495327,
        1.4762416394894666,
        1.4750044328861016,
        1.467168595564012,
        1.4687107439111757,
        1.4664241342527584,
        1.4702491945285916,
        1.4616726311023607,
        1.4595675542004047,
        1.468395900752056,
        1.461363201947235,
        1.4647824010062684,
        1.4646759900218382,
        1.4540285939230577,
        1.45632586249647,
        1.4524176755377893,
        1.4615783190262883,
        1.4583725884039933,
        1.448336049367797,
        1.4456454204344664,
        1.4491033090484733,
        1.4391274537535212,
        1.4460516150529963,
        1.4382646237276773,
        1.4439395297270925,
        1.443106353023267,
        1.4321776950975897,
        1.4333301558711482,
        1.439863293050789,
        1.4382844564209931,
        1.4385880166086622,
        1.430423463131182,
        1.4281547488184232,
        1.4275124012903415
    ],
    "val_losses": [
        2.305448182936456,
        2.311026931005733,
        2.304904381365692,
        2.291559914961124,
        2.2633438547041327,
        2.2001994380959093,
        2.117035897483447,
        2.041959377737233,
        1.9776136260218486,
        1.929728937726084,
        1.8858128072146967,
        1.851940365166369,
        1.8221392051039969,
        1.7866047119015875,
        1.7585066687768762,
        1.7324742883869053,
        1.7134063427120432,
        1.6953466013641347,
        1.6763417241617753,
        1.6576155269904267,
        1.640204901520345,
        1.619769264467578,
        1.6023942993226172,
        1.5903962903887288,
        1.579845652762594,
        1.5676342167500181,
        1.5535059515765497,
        1.540278847539477,
        1.5358819500659617,
        1.5244049785492255,
        1.514413646967563,
        1.5075903641502983,
        1.4999020143406623,
        1.4874114763729656,
        1.4791035621238418,
        1.4753118771841207,
        1.4710015762815962,
        1.463044870963886,
        1.4545549132058138,
        1.4513451489288272,
        1.44616266014471,
        1.4422265271288264,
        1.4356884861995909,
        1.435974563138633,
        1.4256581816835252,
        1.4208321803316093,
        1.4147455365401087,
        1.4128199660216745,
        1.405722688196688,
        1.4028782202893975,
        1.3990882819586103,
        1.3972313787228856,
        1.393863174915059,
        1.3908466366707914,
        1.3891467900366292,
        1.38452239100154,
        1.381588014178382,
        1.38091847424347,
        1.3792025947521098,
        1.3756988600902114,
        1.3715043058349452,
        1.3718101142484704,
        1.3692305516157806,
        1.3670475522642398,
        1.3644702781217137,
        1.3636882437549582,
        1.3587125805608928,
        1.3571755802712109,
        1.3555203579171848,
        1.351682009682895,
        1.3507207715933651,
        1.3472472967325066,
        1.3473801823998797,
        1.3478130051421608,
        1.344166970629694,
        1.343775171426385,
        1.342051263980974,
        1.341402680051107,
        1.3398787028176644,
        1.339271869122814,
        1.3387074235463023,
        1.3358198902763507,
        1.338169849877358,
        1.337205718568752,
        1.3340462967926976,
        1.333649569902283,
        1.335970814068166,
        1.332187111025309,
        1.3334723250482012,
        1.328750793896128,
        1.3285893751919127,
        1.3292898598088176,
        1.3258861229975711,
        1.328154255046161,
        1.326864358302046,
        1.3249799717235986,
        1.3274294277155014,
        1.3249352675182973,
        1.3222068050063676,
        1.322139325261838
    ],
    "val_accs": [
        0.0981,
        0.0772,
        0.085,
        0.0976,
        0.125,
        0.1715,
        0.2191,
        0.2415,
        0.2638,
        0.2985,
        0.318,
        0.3464,
        0.3592,
        0.3749,
        0.3843,
        0.396,
        0.4024,
        0.4047,
        0.4115,
        0.412,
        0.4219,
        0.4239,
        0.4291,
        0.4314,
        0.4383,
        0.4405,
        0.4441,
        0.4492,
        0.4531,
        0.4567,
        0.4571,
        0.4614,
        0.4629,
        0.4684,
        0.4725,
        0.4726,
        0.4747,
        0.4773,
        0.4802,
        0.4809,
        0.4819,
        0.4823,
        0.4863,
        0.4873,
        0.4925,
        0.4948,
        0.4954,
        0.4965,
        0.5003,
        0.5024,
        0.5025,
        0.5009,
        0.5007,
        0.5041,
        0.5054,
        0.506,
        0.5087,
        0.5062,
        0.507,
        0.5083,
        0.5125,
        0.5089,
        0.5125,
        0.5127,
        0.5107,
        0.5155,
        0.5133,
        0.5143,
        0.5149,
        0.52,
        0.5202,
        0.5167,
        0.518,
        0.5149,
        0.5186,
        0.519,
        0.5194,
        0.5231,
        0.5213,
        0.5243,
        0.5227,
        0.5243,
        0.5252,
        0.5232,
        0.5232,
        0.5278,
        0.5252,
        0.5241,
        0.5247,
        0.5244,
        0.5253,
        0.5262,
        0.5276,
        0.5262,
        0.5278,
        0.528,
        0.524,
        0.5259,
        0.5299,
        0.53
    ],
    "hyperparameters": {
        "batch_size": 128,
        "learning_rate": 0.0005,
        "momentum": 0.9,
        "weight_decay": 0.0001,
        "optimizer": "adam",
        "early_stopping": true,
        "patience": 10
    },
    "runtime_info": {
        "total_training_time": 243.28286814689636,
        "avg_epoch_time": 2.4328286814689637,
        "timestamp": "2025-04-13 00:47:51"
    }
}